Godot Engine v4.7.1.stable.official.a13da4feb - https://godotengine.org
TextServer: Added interface "Dummy"
TextServer: Added interface "ICU / HarfBuzz / Graphite (Built-in)"
Using "default" pen tablet driver...

TextServer: Primary interface set to: "ICU / HarfBuzz / Graphite (Built-in)".
CORE API HASH: 3769296884
EDITOR API HASH: 3146738256
Loading resource: res://tests/world_smoke_test.gd remapped: res://tests/world_smoke_test.gd
Completed load for: 'res://tests/world_smoke_test.gd' remapped 'res://tests/world_smoke_test.gd' at thread -1
SceneTreeFTI: traversal method DEFAULT
Loading resource: res://world/world_clock.gd remapped: res://world/world_clock.gd
Completed load for: 'res://world/world_clock.gd' remapped 'res://world/world_clock.gd' at thread -1
ERROR: Failed to read the root certificate store.
   at: get_system_ca_certificates (platform/windows/os_windows.cpp:2582)
Loaded builtin CA certificates
Loading resource: res://world/main.tscn remapped: res://world/main.tscn
Loading resource: res://world/main.gd remapped: res://world/main.gd
Loading resource: res://dex/dex_view.tscn remapped: res://dex/dex_view.tscn
Loading resource: res://dex/dex_view.gd remapped: res://dex/dex_view.gd
Completed load for: 'res://dex/dex_view.gd' remapped 'res://dex/dex_view.gd' at thread -1
Completed load for: 'res://dex/dex_view.tscn' remapped 'res://dex/dex_view.tscn' at thread -1
Loading resource: res://assets/overworld/flower_small_blue_generic.png remapped: res://assets/overworld/flower_small_blue_generic.png
Loading resource: res://.godot/imported/flower_small_blue_generic.png-d06e90a9300663cafed7f5ea4d7c30a6.ctex remapped: res://.godot/imported/flower_small_blue_generic.png-d06e90a9300663cafed7f5ea4d7c30a6.ctex
Completed load for: 'res://assets/overworld/flower_small_blue_generic.png' remapped 'res://assets/overworld/flower_small_blue_generic.png' at thread -1
Loading resource: res://assets/overworld/flower_tall_redginger.png remapped: res://assets/overworld/flower_tall_redginger.png
Loading resource: res://.godot/imported/flower_tall_redginger.png-7d2fe0a1dc761127057a973fbb0ae4c6.ctex remapped: res://.godot/imported/flower_tall_redginger.png-7d2fe0a1dc761127057a973fbb0ae4c6.ctex
Completed load for: 'res://assets/overworld/flower_tall_redginger.png' remapped 'res://assets/overworld/flower_tall_redginger.png' at thread -1
Loading resource: res://assets/overworld/flower_indoor_orchidpot.png remapped: res://assets/overworld/flower_indoor_orchidpot.png
Loading resource: res://.godot/imported/flower_indoor_orchidpot.png-7d64614de935322165907ebf8118235c.ctex remapped: res://.godot/imported/flower_indoor_orchidpot.png-7d64614de935322165907ebf8118235c.ctex
Completed load for: 'res://assets/overworld/flower_indoor_orchidpot.png' remapped 'res://assets/overworld/flower_indoor_orchidpot.png' at thread -1
Loading resource: res://assets/overworld/flower_tall_magnificent_torchginger.png remapped: res://assets/overworld/flower_tall_magnificent_torchginger.png
Loading resource: res://.godot/imported/flower_tall_magnificent_torchginger.png-e0cec88132cbbd865e7a83155cfae093.ctex remapped: res://.godot/imported/flower_tall_magnificent_torchginger.png-e0cec88132cbbd865e7a83155cfae093.ctex
Completed load for: 'res://assets/overworld/flower_tall_magnificent_torchginger.png' remapped 'res://assets/overworld/flower_tall_magnificent_torchginger.png' at thread -1
Loading resource: res://assets/overworld/grass_main.png remapped: res://assets/overworld/grass_main.png
Loading resource: res://.godot/imported/grass_main.png-6f7a0349fb1b22a62f0062f6e0823877.ctex remapped: res://.godot/imported/grass_main.png-6f7a0349fb1b22a62f0062f6e0823877.ctex
Completed load for: 'res://assets/overworld/grass_main.png' remapped 'res://assets/overworld/grass_main.png' at thread -1
Loading resource: res://assets/overworld/house.png remapped: res://assets/overworld/house.png
Loading resource: res://.godot/imported/house.png-dbc2cd1b989db8331cc705d2e3601636.ctex remapped: res://.godot/imported/house.png-dbc2cd1b989db8331cc705d2e3601636.ctex
Completed load for: 'res://assets/overworld/house.png' remapped 'res://assets/overworld/house.png' at thread -1
Loading resource: res://assets/overworld/citybuilding_00.png remapped: res://assets/overworld/citybuilding_00.png
Loading resource: res://.godot/imported/citybuilding_00.png-79fa171994c72a41053f76da0c08e4f1.ctex remapped: res://.godot/imported/citybuilding_00.png-79fa171994c72a41053f76da0c08e4f1.ctex
Completed load for: 'res://assets/overworld/citybuilding_00.png' remapped 'res://assets/overworld/citybuilding_00.png' at thread -1
Loading resource: res://assets/overworld/citybuilding_01.png remapped: res://assets/overworld/citybuilding_01.png
Loading resource: res://.godot/imported/citybuilding_01.png-d25cff3895df2926f5ce5d1bb8f27a97.ctex remapped: res://.godot/imported/citybuilding_01.png-d25cff3895df2926f5ce5d1bb8f27a97.ctex
Completed load for: 'res://assets/overworld/citybuilding_01.png' remapped 'res://assets/overworld/citybuilding_01.png' at thread -1
Loading resource: res://assets/overworld/citybuilding_02.png remapped: res://assets/overworld/citybuilding_02.png
Loading resource: res://.godot/imported/citybuilding_02.png-a6420048483dd7d81b37a4dbbaaa5bb5.ctex remapped: res://.godot/imported/citybuilding_02.png-a6420048483dd7d81b37a4dbbaaa5bb5.ctex
Completed load for: 'res://assets/overworld/citybuilding_02.png' remapped 'res://assets/overworld/citybuilding_02.png' at thread -1
Loading resource: res://assets/overworld/citybuilding_03.png remapped: res://assets/overworld/citybuilding_03.png
Loading resource: res://.godot/imported/citybuilding_03.png-49d6031f8e3743f0391d18746d198f90.ctex remapped: res://.godot/imported/citybuilding_03.png-49d6031f8e3743f0391d18746d198f90.ctex
Completed load for: 'res://assets/overworld/citybuilding_03.png' remapped 'res://assets/overworld/citybuilding_03.png' at thread -1
Loading resource: res://assets/overworld/citybuilding_04.png remapped: res://assets/overworld/citybuilding_04.png
Loading resource: res://.godot/imported/citybuilding_04.png-6a81ca39f5d3c59dc3a7895c16f94ab8.ctex remapped: res://.godot/imported/citybuilding_04.png-6a81ca39f5d3c59dc3a7895c16f94ab8.ctex
Completed load for: 'res://assets/overworld/citybuilding_04.png' remapped 'res://assets/overworld/citybuilding_04.png' at thread -1
Loading resource: res://assets/overworld/citybuilding_apartment_00.png remapped: res://assets/overworld/citybuilding_apartment_00.png
Loading resource: res://.godot/imported/citybuilding_apartment_00.png-933e06e219ee41d354b518ed4fa4002d.ctex remapped: res://.godot/imported/citybuilding_apartment_00.png-933e06e219ee41d354b518ed4fa4002d.ctex
Completed load for: 'res://assets/overworld/citybuilding_apartment_00.png' remapped 'res://assets/overworld/citybuilding_apartment_00.png' at thread -1
Loading resource: res://assets/overworld/citybuilding_apartment_01.png remapped: res://assets/overworld/citybuilding_apartment_01.png
Loading resource: res://.godot/imported/citybuilding_apartment_01.png-db7fa7e4b4b2a07c8a3a6e616d263570.ctex remapped: res://.godot/imported/citybuilding_apartment_01.png-db7fa7e4b4b2a07c8a3a6e616d263570.ctex
Completed load for: 'res://assets/overworld/citybuilding_apartment_01.png' remapped 'res://assets/overworld/citybuilding_apartment_01.png' at thread -1
Loading resource: res://assets/overworld/citybuilding_apartment_02.png remapped: res://assets/overworld/citybuilding_apartment_02.png
Loading resource: res://.godot/imported/citybuilding_apartment_02.png-5590ec6bf8d53f7742547661dd762288.ctex remapped: res://.godot/imported/citybuilding_apartment_02.png-5590ec6bf8d53f7742547661dd762288.ctex
Completed load for: 'res://assets/overworld/citybuilding_apartment_02.png' remapped 'res://assets/overworld/citybuilding_apartment_02.png' at thread -1
Loading resource: res://assets/overworld/citybuilding_apartment_03.png remapped: res://assets/overworld/citybuilding_apartment_03.png
Loading resource: res://.godot/imported/citybuilding_apartment_03.png-22426b143e873b63255026ba22d6bdbf.ctex remapped: res://.godot/imported/citybuilding_apartment_03.png-22426b143e873b63255026ba22d6bdbf.ctex
Completed load for: 'res://assets/overworld/citybuilding_apartment_03.png' remapped 'res://assets/overworld/citybuilding_apartment_03.png' at thread -1
Loading resource: res://assets/overworld/citybuilding_apartment_04.png remapped: res://assets/overworld/citybuilding_apartment_04.png
Loading resource: res://.godot/imported/citybuilding_apartment_04.png-86cde898e0d7c1258bab262b92bf5884.ctex remapped: res://.godot/imported/citybuilding_apartment_04.png-86cde898e0d7c1258bab262b92bf5884.ctex
Completed load for: 'res://assets/overworld/citybuilding_apartment_04.png' remapped 'res://assets/overworld/citybuilding_apartment_04.png' at thread -1
Loading resource: res://assets/overworld/medical_ward.png remapped: res://assets/overworld/medical_ward.png
Loading resource: res://.godot/imported/medical_ward.png-eda198d777b910d212c4e7b01eb9da84.ctex remapped: res://.godot/imported/medical_ward.png-eda198d777b910d212c4e7b01eb9da84.ctex
Completed load for: 'res://assets/overworld/medical_ward.png' remapped 'res://assets/overworld/medical_ward.png' at thread -1
Loading resource: res://assets/overworld/stone_main.png remapped: res://assets/overworld/stone_main.png
Loading resource: res://.godot/imported/stone_main.png-ddd79312bdb53eb08461f3acdf84a421.ctex remapped: res://.godot/imported/stone_main.png-ddd79312bdb53eb08461f3acdf84a421.ctex
Completed load for: 'res://assets/overworld/stone_main.png' remapped 'res://assets/overworld/stone_main.png' at thread -1
Loading resource: res://assets/overworld/tile_dirt_generic.png remapped: res://assets/overworld/tile_dirt_generic.png
Loading resource: res://.godot/imported/tile_dirt_generic.png-445f5214403721cb507d06fed13bd768.ctex remapped: res://.godot/imported/tile_dirt_generic.png-445f5214403721cb507d06fed13bd768.ctex
Completed load for: 'res://assets/overworld/tile_dirt_generic.png' remapped 'res://assets/overworld/tile_dirt_generic.png' at thread -1
Loading resource: res://assets/overworld/tile_dirt_rich.png remapped: res://assets/overworld/tile_dirt_rich.png
Loading resource: res://.godot/imported/tile_dirt_rich.png-7490772a0b00d89eac38ff83fc1b041a.ctex remapped: res://.godot/imported/tile_dirt_rich.png-7490772a0b00d89eac38ff83fc1b041a.ctex
Completed load for: 'res://assets/overworld/tile_dirt_rich.png' remapped 'res://assets/overworld/tile_dirt_rich.png' at thread -1
Loading resource: res://assets/overworld/tile_sand_generic.png remapped: res://assets/overworld/tile_sand_generic.png
Loading resource: res://.godot/imported/tile_sand_generic.png-60c3c38f8443909ef7829dddf4a7b4ec.ctex remapped: res://.godot/imported/tile_sand_generic.png-60c3c38f8443909ef7829dddf4a7b4ec.ctex
Completed load for: 'res://assets/overworld/tile_sand_generic.png' remapped 'res://assets/overworld/tile_sand_generic.png' at thread -1
Loading resource: res://assets/overworld/tile_tallgrass_generic.png remapped: res://assets/overworld/tile_tallgrass_generic.png
Loading resource: res://.godot/imported/tile_tallgrass_generic.png-99176f7029e76a0a4c12994346a5888b.ctex remapped: res://.godot/imported/tile_tallgrass_generic.png-99176f7029e76a0a4c12994346a5888b.ctex
Completed load for: 'res://assets/overworld/tile_tallgrass_generic.png' remapped 'res://assets/overworld/tile_tallgrass_generic.png' at thread -1
Loading resource: res://assets/overworld/tile_wall_interior.png remapped: res://assets/overworld/tile_wall_interior.png
Loading resource: res://.godot/imported/tile_wall_interior.png-63ff0cf1781b3a76f3220debdc12b8c8.ctex remapped: res://.godot/imported/tile_wall_interior.png-63ff0cf1781b3a76f3220debdc12b8c8.ctex
Completed load for: 'res://assets/overworld/tile_wall_interior.png' remapped 'res://assets/overworld/tile_wall_interior.png' at thread -1
Loading resource: res://assets/overworld/tile_wall_interior_generic.png remapped: res://assets/overworld/tile_wall_interior_generic.png
Loading resource: res://.godot/imported/tile_wall_interior_generic.png-84477c4529867f703d2edd24f2c995ae.ctex remapped: res://.godot/imported/tile_wall_interior_generic.png-84477c4529867f703d2edd24f2c995ae.ctex
Completed load for: 'res://assets/overworld/tile_wall_interior_generic.png' remapped 'res://assets/overworld/tile_wall_interior_generic.png' at thread -1
Loading resource: res://assets/overworld/wall_post_generic.png remapped: res://assets/overworld/wall_post_generic.png
Loading resource: res://.godot/imported/wall_post_generic.png-162791582600332277d616b42b7c1447.ctex remapped: res://.godot/imported/wall_post_generic.png-162791582600332277d616b42b7c1447.ctex
Completed load for: 'res://assets/overworld/wall_post_generic.png' remapped 'res://assets/overworld/wall_post_generic.png' at thread -1
Loading resource: res://assets/overworld/wall_horizontal_generic.png remapped: res://assets/overworld/wall_horizontal_generic.png
Loading resource: res://.godot/imported/wall_horizontal_generic.png-7980685a5c5cefe935b928b9a9267ef1.ctex remapped: res://.godot/imported/wall_horizontal_generic.png-7980685a5c5cefe935b928b9a9267ef1.ctex
Completed load for: 'res://assets/overworld/wall_horizontal_generic.png' remapped 'res://assets/overworld/wall_horizontal_generic.png' at thread -1
Loading resource: res://assets/overworld/wall_vertical_generic.png remapped: res://assets/overworld/wall_vertical_generic.png
Loading resource: res://.godot/imported/wall_vertical_generic.png-4b3557555a1182d5bd369d3573afbea9.ctex remapped: res://.godot/imported/wall_vertical_generic.png-4b3557555a1182d5bd369d3573afbea9.ctex
Completed load for: 'res://assets/overworld/wall_vertical_generic.png' remapped 'res://assets/overworld/wall_vertical_generic.png' at thread -1
Loading resource: res://assets/overworld/tile_interior_floor_tiles.png remapped: res://assets/overworld/tile_interior_floor_tiles.png
Loading resource: res://.godot/imported/tile_interior_floor_tiles.png-4016fc2531d1dcfd50e818f9bad9b8ab.ctex remapped: res://.godot/imported/tile_interior_floor_tiles.png-4016fc2531d1dcfd50e818f9bad9b8ab.ctex
Completed load for: 'res://assets/overworld/tile_interior_floor_tiles.png' remapped 'res://assets/overworld/tile_interior_floor_tiles.png' at thread -1
Loading resource: res://assets/overworld/tile_water_generic.png remapped: res://assets/overworld/tile_water_generic.png
Loading resource: res://.godot/imported/tile_water_generic.png-6bc774ff759eda3c99a901afc54131ab.ctex remapped: res://.godot/imported/tile_water_generic.png-6bc774ff759eda3c99a901afc54131ab.ctex
Completed load for: 'res://assets/overworld/tile_water_generic.png' remapped 'res://assets/overworld/tile_water_generic.png' at thread -1
Loading resource: res://assets/overworld/tile_wood.png remapped: res://assets/overworld/tile_wood.png
Loading resource: res://.godot/imported/tile_wood.png-f0c521e0359960db8b3b06f6c34ae8a6.ctex remapped: res://.godot/imported/tile_wood.png-f0c521e0359960db8b3b06f6c34ae8a6.ctex
Completed load for: 'res://assets/overworld/tile_wood.png' remapped 'res://assets/overworld/tile_wood.png' at thread -1
Loading resource: res://assets/overworld/tile_bridge_horizontal_l.png remapped: res://assets/overworld/tile_bridge_horizontal_l.png
Loading resource: res://.godot/imported/tile_bridge_horizontal_l.png-8fa9b84756c746eee9ad5862b178393d.ctex remapped: res://.godot/imported/tile_bridge_horizontal_l.png-8fa9b84756c746eee9ad5862b178393d.ctex
Completed load for: 'res://assets/overworld/tile_bridge_horizontal_l.png' remapped 'res://assets/overworld/tile_bridge_horizontal_l.png' at thread -1
Loading resource: res://assets/overworld/tile_bridge_horizontal_edge.png remapped: res://assets/overworld/tile_bridge_horizontal_edge.png
Loading resource: res://.godot/imported/tile_bridge_horizontal_edge.png-6e8a8f607f2d25222241b26b5ce8dfaa.ctex remapped: res://.godot/imported/tile_bridge_horizontal_edge.png-6e8a8f607f2d25222241b26b5ce8dfaa.ctex
Completed load for: 'res://assets/overworld/tile_bridge_horizontal_edge.png' remapped 'res://assets/overworld/tile_bridge_horizontal_edge.png' at thread -1
Loading resource: res://assets/overworld/tile_bridge_horizontal_edge_r.png remapped: res://assets/overworld/tile_bridge_horizontal_edge_r.png
Loading resource: res://.godot/imported/tile_bridge_horizontal_edge_r.png-4c63cbe1cc41bdd91bb133dd65833990.ctex remapped: res://.godot/imported/tile_bridge_horizontal_edge_r.png-4c63cbe1cc41bdd91bb133dd65833990.ctex
Completed load for: 'res://assets/overworld/tile_bridge_horizontal_edge_r.png' remapped 'res://assets/overworld/tile_bridge_horizontal_edge_r.png' at thread -1
Loading resource: res://assets/overworld/tile_bridge_vertical_edge_north.png remapped: res://assets/overworld/tile_bridge_vertical_edge_north.png
Loading resource: res://.godot/imported/tile_bridge_vertical_edge_north.png-6ca9d82dc7db0c9a442e83b037f122bd.ctex remapped: res://.godot/imported/tile_bridge_vertical_edge_north.png-6ca9d82dc7db0c9a442e83b037f122bd.ctex
Completed load for: 'res://assets/overworld/tile_bridge_vertical_edge_north.png' remapped 'res://assets/overworld/tile_bridge_vertical_edge_north.png' at thread -1
Loading resource: res://assets/overworld/tile_bridge_vertical_section.png remapped: res://assets/overworld/tile_bridge_vertical_section.png
Loading resource: res://.godot/imported/tile_bridge_vertical_section.png-455e790ffeec7158b6ced499f26dfbb7.ctex remapped: res://.godot/imported/tile_bridge_vertical_section.png-455e790ffeec7158b6ced499f26dfbb7.ctex
Completed load for: 'res://assets/overworld/tile_bridge_vertical_section.png' remapped 'res://assets/overworld/tile_bridge_vertical_section.png' at thread -1
Loading resource: res://assets/overworld/tile_bridge_vertical_edge_south.png remapped: res://assets/overworld/tile_bridge_vertical_edge_south.png
Loading resource: res://.godot/imported/tile_bridge_vertical_edge_south.png-f3daa7ef0e202cdf4ba3e1d832e76bbb.ctex remapped: res://.godot/imported/tile_bridge_vertical_edge_south.png-f3daa7ef0e202cdf4ba3e1d832e76bbb.ctex
Completed load for: 'res://assets/overworld/tile_bridge_vertical_edge_south.png' remapped 'res://assets/overworld/tile_bridge_vertical_edge_south.png' at thread -1
Loading resource: res://assets/overworld/bed_bedroom_main.png remapped: res://assets/overworld/bed_bedroom_main.png
Loading resource: res://.godot/imported/bed_bedroom_main.png-5f8a28fb26136df5b83b08445cd2dfab.ctex remapped: res://.godot/imported/bed_bedroom_main.png-5f8a28fb26136df5b83b08445cd2dfab.ctex
Completed load for: 'res://assets/overworld/bed_bedroom_main.png' remapped 'res://assets/overworld/bed_bedroom_main.png' at thread -1
Loading resource: res://assets/overworld/dresser_bedroom_main.png remapped: res://assets/overworld/dresser_bedroom_main.png
Loading resource: res://.godot/imported/dresser_bedroom_main.png-d9b67e7dcc10e33f5e7d36ed75468587.ctex remapped: res://.godot/imported/dresser_bedroom_main.png-d9b67e7dcc10e33f5e7d36ed75468587.ctex
Completed load for: 'res://assets/overworld/dresser_bedroom_main.png' remapped 'res://assets/overworld/dresser_bedroom_main.png' at thread -1
Loading resource: res://assets/overworld/hutch_familyroom_main.png remapped: res://assets/overworld/hutch_familyroom_main.png
Loading resource: res://.godot/imported/hutch_familyroom_main.png-02d6568dad7ff501bb3fccd143470ca7.ctex remapped: res://.godot/imported/hutch_familyroom_main.png-02d6568dad7ff501bb3fccd143470ca7.ctex
Completed load for: 'res://assets/overworld/hutch_familyroom_main.png' remapped 'res://assets/overworld/hutch_familyroom_main.png' at thread -1
Loading resource: res://assets/overworld/lampstand_bedroom_main.png remapped: res://assets/overworld/lampstand_bedroom_main.png
Loading resource: res://.godot/imported/lampstand_bedroom_main.png-552cd2857eaa76b091335b931202bdd5.ctex remapped: res://.godot/imported/lampstand_bedroom_main.png-552cd2857eaa76b091335b931202bdd5.ctex
Completed load for: 'res://assets/overworld/lampstand_bedroom_main.png' remapped 'res://assets/overworld/lampstand_bedroom_main.png' at thread -1
Loading resource: res://assets/overworld/table_familyroom_main.png remapped: res://assets/overworld/table_familyroom_main.png
Loading resource: res://.godot/imported/table_familyroom_main.png-3267c00e1d4f432fc903c6c94480db95.ctex remapped: res://.godot/imported/table_familyroom_main.png-3267c00e1d4f432fc903c6c94480db95.ctex
Completed load for: 'res://assets/overworld/table_familyroom_main.png' remapped 'res://assets/overworld/table_familyroom_main.png' at thread -1
Loading resource: res://assets/overworld/houseplant_indoor_1.png remapped: res://assets/overworld/houseplant_indoor_1.png
Loading resource: res://.godot/imported/houseplant_indoor_1.png-28668cfea0f69ef68e0ecf24127077d3.ctex remapped: res://.godot/imported/houseplant_indoor_1.png-28668cfea0f69ef68e0ecf24127077d3.ctex
Completed load for: 'res://assets/overworld/houseplant_indoor_1.png' remapped 'res://assets/overworld/houseplant_indoor_1.png' at thread -1
Loading resource: res://assets/overworld/houseplant_indoor_2.png remapped: res://assets/overworld/houseplant_indoor_2.png
Loading resource: res://.godot/imported/houseplant_indoor_2.png-b2dc6eeeb573c9d491e2dcc5c05cec92.ctex remapped: res://.godot/imported/houseplant_indoor_2.png-b2dc6eeeb573c9d491e2dcc5c05cec92.ctex
Completed load for: 'res://assets/overworld/houseplant_indoor_2.png' remapped 'res://assets/overworld/houseplant_indoor_2.png' at thread -1
Loading resource: res://assets/overworld/medical_ward_counter_entry.png remapped: res://assets/overworld/medical_ward_counter_entry.png
Loading resource: res://.godot/imported/medical_ward_counter_entry.png-ab468da3020c109b892ea84dc83c5d46.ctex remapped: res://.godot/imported/medical_ward_counter_entry.png-ab468da3020c109b892ea84dc83c5d46.ctex
Completed load for: 'res://assets/overworld/medical_ward_counter_entry.png' remapped 'res://assets/overworld/medical_ward_counter_entry.png' at thread -1
Loading resource: res://assets/overworld/medical_ward_shelf.png remapped: res://assets/overworld/medical_ward_shelf.png
Loading resource: res://.godot/imported/medical_ward_shelf.png-afbde06c2c912b5d1611c7badecf3494.ctex remapped: res://.godot/imported/medical_ward_shelf.png-afbde06c2c912b5d1611c7badecf3494.ctex
Completed load for: 'res://assets/overworld/medical_ward_shelf.png' remapped 'res://assets/overworld/medical_ward_shelf.png' at thread -1
Loading resource: res://assets/overworld/medical_ward_table.png remapped: res://assets/overworld/medical_ward_table.png
Loading resource: res://.godot/imported/medical_ward_table.png-08fe169ecba10e59e42bbddd8769f8d9.ctex remapped: res://.godot/imported/medical_ward_table.png-08fe169ecba10e59e42bbddd8769f8d9.ctex
Completed load for: 'res://assets/overworld/medical_ward_table.png' remapped 'res://assets/overworld/medical_ward_table.png' at thread -1
Loading resource: res://assets/overworld/indoor_changing_curtain.png remapped: res://assets/overworld/indoor_changing_curtain.png
Loading resource: res://.godot/imported/indoor_changing_curtain.png-362b0a576d14b19aacba892cc7fa8e66.ctex remapped: res://.godot/imported/indoor_changing_curtain.png-362b0a576d14b19aacba892cc7fa8e66.ctex
Completed load for: 'res://assets/overworld/indoor_changing_curtain.png' remapped 'res://assets/overworld/indoor_changing_curtain.png' at thread -1
Loading resource: res://assets/overworld/indoor_wash_station.png remapped: res://assets/overworld/indoor_wash_station.png
Loading resource: res://.godot/imported/indoor_wash_station.png-d00ec2d1541a63e8f9e6639860146475.ctex remapped: res://.godot/imported/indoor_wash_station.png-d00ec2d1541a63e8f9e6639860146475.ctex
Completed load for: 'res://assets/overworld/indoor_wash_station.png' remapped 'res://assets/overworld/indoor_wash_station.png' at thread -1
Loading resource: res://assets/overworld/tree_main.png remapped: res://assets/overworld/tree_main.png
Loading resource: res://.godot/imported/tree_main.png-5f4be33bf4878ffc718a2ff06e526b40.ctex remapped: res://.godot/imported/tree_main.png-5f4be33bf4878ffc718a2ff06e526b40.ctex
Completed load for: 'res://assets/overworld/tree_main.png' remapped 'res://assets/overworld/tree_main.png' at thread -1
Loading resource: res://assets/overworld/tree_palm.png remapped: res://assets/overworld/tree_palm.png
Loading resource: res://.godot/imported/tree_palm.png-15ac1d216405f0aa26b8c4a6ce66098f.ctex remapped: res://.godot/imported/tree_palm.png-15ac1d216405f0aa26b8c4a6ce66098f.ctex
Completed load for: 'res://assets/overworld/tree_palm.png' remapped 'res://assets/overworld/tree_palm.png' at thread -1
Loading resource: res://assets/overworld/vines.png remapped: res://assets/overworld/vines.png
Loading resource: res://.godot/imported/vines.png-13541c6cd4dbae377eadf940db6b3e60.ctex remapped: res://.godot/imported/vines.png-13541c6cd4dbae377eadf940db6b3e60.ctex
Completed load for: 'res://assets/overworld/vines.png' remapped 'res://assets/overworld/vines.png' at thread -1
Loading resource: res://assets/overworld/vines_horizontal_flower_passion.png remapped: res://assets/overworld/vines_horizontal_flower_passion.png
Loading resource: res://.godot/imported/vines_horizontal_flower_passion.png-8fa68a7da5a25acc8b897a249d8e5276.ctex remapped: res://.godot/imported/vines_horizontal_flower_passion.png-8fa68a7da5a25acc8b897a249d8e5276.ctex
Completed load for: 'res://assets/overworld/vines_horizontal_flower_passion.png' remapped 'res://assets/overworld/vines_horizontal_flower_passion.png' at thread -1
Loading resource: res://assets/overworld/warp_building_generic.png remapped: res://assets/overworld/warp_building_generic.png
Loading resource: res://.godot/imported/warp_building_generic.png-bdb09469829e757dfaae5aadeed2f78f.ctex remapped: res://.godot/imported/warp_building_generic.png-bdb09469829e757dfaae5aadeed2f78f.ctex
Completed load for: 'res://assets/overworld/warp_building_generic.png' remapped 'res://assets/overworld/warp_building_generic.png' at thread -1
Loading resource: res://assets/overworld/warp_outdoor_facing_east.png remapped: res://assets/overworld/warp_outdoor_facing_east.png
Loading resource: res://.godot/imported/warp_outdoor_facing_east.png-c794b7627ad1dd59c70bdb4cde3a3028.ctex remapped: res://.godot/imported/warp_outdoor_facing_east.png-c794b7627ad1dd59c70bdb4cde3a3028.ctex
Completed load for: 'res://assets/overworld/warp_outdoor_facing_east.png' remapped 'res://assets/overworld/warp_outdoor_facing_east.png' at thread -1
Loading resource: res://assets/overworld/warp_outdoor_generic.png remapped: res://assets/overworld/warp_outdoor_generic.png
Loading resource: res://.godot/imported/warp_outdoor_generic.png-6d75a2d22d557cfeb289f19877f92c8e.ctex remapped: res://.godot/imported/warp_outdoor_generic.png-6d75a2d22d557cfeb289f19877f92c8e.ctex
Completed load for: 'res://assets/overworld/warp_outdoor_generic.png' remapped 'res://assets/overworld/warp_outdoor_generic.png' at thread -1
Loading resource: res://assets/overworld/warp_outdoor_facing_north.png remapped: res://assets/overworld/warp_outdoor_facing_north.png
Loading resource: res://.godot/imported/warp_outdoor_facing_north.png-43b81ce1ec8d543497d40ebda6fd3526.ctex remapped: res://.godot/imported/warp_outdoor_facing_north.png-43b81ce1ec8d543497d40ebda6fd3526.ctex
Completed load for: 'res://assets/overworld/warp_outdoor_facing_north.png' remapped 'res://assets/overworld/warp_outdoor_facing_north.png' at thread -1
Loading resource: res://assets/overworld/warp_outdoor_facing_west.png remapped: res://assets/overworld/warp_outdoor_facing_west.png
Loading resource: res://.godot/imported/warp_outdoor_facing_west.png-5cff2a2a657f277c9766e7a0c9bb3f5e.ctex remapped: res://.godot/imported/warp_outdoor_facing_west.png-5cff2a2a657f277c9766e7a0c9bb3f5e.ctex
Completed load for: 'res://assets/overworld/warp_outdoor_facing_west.png' remapped 'res://assets/overworld/warp_outdoor_facing_west.png' at thread -1
Loading resource: res://world/platform_rail_occlusion.gdshader remapped: res://world/platform_rail_occlusion.gdshader
Completed load for: 'res://world/platform_rail_occlusion.gdshader' remapped 'res://world/platform_rail_occlusion.gdshader' at thread -1
Completed load for: 'res://world/main.gd' remapped 'res://world/main.gd' at thread -1
Loading resource: res://battle/battle.tscn remapped: res://battle/battle.tscn
Loading resource: res://battle/battle.gd remapped: res://battle/battle.gd
Loading resource: res://assets/battle/battle_background.png remapped: res://assets/battle/battle_background.png
Loading resource: res://.godot/imported/battle_background.png-d65874e0ddc7132e0d16bd6d7bbcdd04.ctex remapped: res://.godot/imported/battle_background.png-d65874e0ddc7132e0d16bd6d7bbcdd04.ctex
Completed load for: 'res://assets/battle/battle_background.png' remapped 'res://assets/battle/battle_background.png' at thread -1
Loading resource: res://battle/vfx/battle_animator.tscn remapped: res://battle/vfx/battle_animator.tscn
Loading resource: res://battle/vfx/battle_animator.gd remapped: res://battle/vfx/battle_animator.gd
Completed load for: 'res://battle/vfx/battle_animator.gd' remapped 'res://battle/vfx/battle_animator.gd' at thread -1
Loading resource: res://battle/vfx/move_vfx.tscn remapped: res://battle/vfx/move_vfx.tscn
Completed load for: 'res://battle/vfx/move_vfx.tscn' remapped 'res://battle/vfx/move_vfx.tscn' at thread -1
Completed load for: 'res://battle/vfx/battle_animator.tscn' remapped 'res://battle/vfx/battle_animator.tscn' at thread -1
Completed load for: 'res://battle/battle.gd' remapped 'res://battle/battle.gd' at thread -1
Completed load for: 'res://battle/battle.tscn' remapped 'res://battle/battle.tscn' at thread -1
Completed load for: 'res://world/main.tscn' remapped 'res://world/main.tscn' at thread -1
Loading resource: res://assets/fakemon/battle/Scorchick_Player.png remapped: res://assets/fakemon/battle/Scorchick_Player.png
Loading resource: res://.godot/imported/Scorchick_Player.png-46d1d57cdb2b15907d64e041392b0dc7.ctex remapped: res://.godot/imported/Scorchick_Player.png-46d1d57cdb2b15907d64e041392b0dc7.ctex
Completed load for: 'res://assets/fakemon/battle/Scorchick_Player.png' remapped 'res://assets/fakemon/battle/Scorchick_Player.png' at thread -1
Loading resource: res://assets/fakemon/battle/Sylvafin_Player.png remapped: res://assets/fakemon/battle/Sylvafin_Player.png
Loading resource: res://.godot/imported/Sylvafin_Player.png-1c5f9b65d4b9d76ea3eef53c93f82789.ctex remapped: res://.godot/imported/Sylvafin_Player.png-1c5f9b65d4b9d76ea3eef53c93f82789.ctex
Completed load for: 'res://assets/fakemon/battle/Sylvafin_Player.png' remapped 'res://assets/fakemon/battle/Sylvafin_Player.png' at thread -1
Loading resource: res://assets/fakemon/battle/Keklid_Player.png remapped: res://assets/fakemon/battle/Keklid_Player.png
Loading resource: res://.godot/imported/Keklid_Player.png-89930744c2935d406e7d52657f2176d4.ctex remapped: res://.godot/imported/Keklid_Player.png-89930744c2935d406e7d52657f2176d4.ctex
Completed load for: 'res://assets/fakemon/battle/Keklid_Player.png' remapped 'res://assets/fakemon/battle/Keklid_Player.png' at thread -1
Loading resource: res://assets/trainers/Young Man Idle.png remapped: res://assets/trainers/Young Man Idle.png
Loading resource: res://.godot/imported/Young Man Idle.png-c68894d0b9c69823fb2e31bc8d78a5d8.ctex remapped: res://.godot/imported/Young Man Idle.png-c68894d0b9c69823fb2e31bc8d78a5d8.ctex
Completed load for: 'res://assets/trainers/Young Man Idle.png' remapped 'res://assets/trainers/Young Man Idle.png' at thread -1
Loading resource: res://assets/trainers/Young Woman Idle.png remapped: res://assets/trainers/Young Woman Idle.png
Loading resource: res://.godot/imported/Young Woman Idle.png-7daad39565314296065ab627bd822d41.ctex remapped: res://.godot/imported/Young Woman Idle.png-7daad39565314296065ab627bd822d41.ctex
Completed load for: 'res://assets/trainers/Young Woman Idle.png' remapped 'res://assets/trainers/Young Woman Idle.png' at thread -1
Loading resource: res://assets/overworld/anim/water_generic_glisten_00.png remapped: res://assets/overworld/anim/water_generic_glisten_00.png
Loading resource: res://.godot/imported/water_generic_glisten_00.png-359629bccadda70c6ae5a5e5d08201d3.ctex remapped: res://.godot/imported/water_generic_glisten_00.png-359629bccadda70c6ae5a5e5d08201d3.ctex
Completed load for: 'res://assets/overworld/anim/water_generic_glisten_00.png' remapped 'res://assets/overworld/anim/water_generic_glisten_00.png' at thread -1
Loading resource: res://assets/overworld/anim/water_generic_glisten_01.png remapped: res://assets/overworld/anim/water_generic_glisten_01.png
Loading resource: res://.godot/imported/water_generic_glisten_01.png-bb9e0b7d1636bb3b98fa4a19ce868013.ctex remapped: res://.godot/imported/water_generic_glisten_01.png-bb9e0b7d1636bb3b98fa4a19ce868013.ctex
Completed load for: 'res://assets/overworld/anim/water_generic_glisten_01.png' remapped 'res://assets/overworld/anim/water_generic_glisten_01.png' at thread -1
Loading resource: res://assets/overworld/anim/water_generic_glisten_02.png remapped: res://assets/overworld/anim/water_generic_glisten_02.png
Loading resource: res://.godot/imported/water_generic_glisten_02.png-0ee8bd001fe9d01518aa45ea1cc077cf.ctex remapped: res://.godot/imported/water_generic_glisten_02.png-0ee8bd001fe9d01518aa45ea1cc077cf.ctex
Completed load for: 'res://assets/overworld/anim/water_generic_glisten_02.png' remapped 'res://assets/overworld/anim/water_generic_glisten_02.png' at thread -1
Loading resource: res://assets/overworld/anim/water_generic_glisten_03.png remapped: res://assets/overworld/anim/water_generic_glisten_03.png
Loading resource: res://.godot/imported/water_generic_glisten_03.png-ed841ee567f7c8000ac1c0e33c67f205.ctex remapped: res://.godot/imported/water_generic_glisten_03.png-ed841ee567f7c8000ac1c0e33c67f205.ctex
Completed load for: 'res://assets/overworld/anim/water_generic_glisten_03.png' remapped 'res://assets/overworld/anim/water_generic_glisten_03.png' at thread -1
Loading resource: res://assets/overworld/terrain_masks/mask_horizontal_edge_small_03.png remapped: res://assets/overworld/terrain_masks/mask_horizontal_edge_small_03.png
Loading resource: res://.godot/imported/mask_horizontal_edge_small_03.png-2d3a294dad3e365ea5b1d80f8273cb53.ctex remapped: res://.godot/imported/mask_horizontal_edge_small_03.png-2d3a294dad3e365ea5b1d80f8273cb53.ctex
Completed load for: 'res://assets/overworld/terrain_masks/mask_horizontal_edge_small_03.png' remapped 'res://assets/overworld/terrain_masks/mask_horizontal_edge_small_03.png' at thread -1
Loading resource: res://assets/overworld/terrain_masks/mask_horizontal_edge_small_03.png remapped: res://assets/overworld/terrain_masks/mask_horizontal_edge_small_03.png
Loading resource: res://.godot/imported/mask_horizontal_edge_small_03.png-2d3a294dad3e365ea5b1d80f8273cb53.ctex remapped: res://.godot/imported/mask_horizontal_edge_small_03.png-2d3a294dad3e365ea5b1d80f8273cb53.ctex
Completed load for: 'res://assets/overworld/terrain_masks/mask_horizontal_edge_small_03.png' remapped 'res://assets/overworld/terrain_masks/mask_horizontal_edge_small_03.png' at thread -1
Loading resource: res://assets/overworld/terrain_masks/mask_horizontal_edge_small_04.png remapped: res://assets/overworld/terrain_masks/mask_horizontal_edge_small_04.png
Loading resource: res://.godot/imported/mask_horizontal_edge_small_04.png-f6eb9f7dd81706a6c39aef25ebafe884.ctex remapped: res://.godot/imported/mask_horizontal_edge_small_04.png-f6eb9f7dd81706a6c39aef25ebafe884.ctex
Completed load for: 'res://assets/overworld/terrain_masks/mask_horizontal_edge_small_04.png' remapped 'res://assets/overworld/terrain_masks/mask_horizontal_edge_small_04.png' at thread -1
Loading resource: res://assets/overworld/terrain_masks/mask_horizontal_edge_small_04.png remapped: res://assets/overworld/terrain_masks/mask_horizontal_edge_small_04.png
Loading resource: res://.godot/imported/mask_horizontal_edge_small_04.png-f6eb9f7dd81706a6c39aef25ebafe884.ctex remapped: res://.godot/imported/mask_horizontal_edge_small_04.png-f6eb9f7dd81706a6c39aef25ebafe884.ctex
Completed load for: 'res://assets/overworld/terrain_masks/mask_horizontal_edge_small_04.png' remapped 'res://assets/overworld/terrain_masks/mask_horizontal_edge_small_04.png' at thread -1
Loading resource: res://assets/overworld/terrain_masks/mask_corner_a_dominant_00.png remapped: res://assets/overworld/terrain_masks/mask_corner_a_dominant_00.png
Loading resource: res://.godot/imported/mask_corner_a_dominant_00.png-426a5c6fbd50f9b4141f6e1c0de6309a.ctex remapped: res://.godot/imported/mask_corner_a_dominant_00.png-426a5c6fbd50f9b4141f6e1c0de6309a.ctex
Completed load for: 'res://assets/overworld/terrain_masks/mask_corner_a_dominant_00.png' remapped 'res://assets/overworld/terrain_masks/mask_corner_a_dominant_00.png' at thread -1
Loading resource: res://assets/overworld/terrain_masks/mask_corner_a_dominant_00.png remapped: res://assets/overworld/terrain_masks/mask_corner_a_dominant_00.png
Loading resource: res://.godot/imported/mask_corner_a_dominant_00.png-426a5c6fbd50f9b4141f6e1c0de6309a.ctex remapped: res://.godot/imported/mask_corner_a_dominant_00.png-426a5c6fbd50f9b4141f6e1c0de6309a.ctex
Completed load for: 'res://assets/overworld/terrain_masks/mask_corner_a_dominant_00.png' remapped 'res://assets/overworld/terrain_masks/mask_corner_a_dominant_00.png' at thread -1
Loading resource: res://assets/overworld/terrain_masks/mask_corner_a_dominant_01.png remapped: res://assets/overworld/terrain_masks/mask_corner_a_dominant_01.png
Loading resource: res://.godot/imported/mask_corner_a_dominant_01.png-53ee1f73631e43ff8444faeb79c34332.ctex remapped: res://.godot/imported/mask_corner_a_dominant_01.png-53ee1f73631e43ff8444faeb79c34332.ctex
Completed load for: 'res://assets/overworld/terrain_masks/mask_corner_a_dominant_01.png' remapped 'res://assets/overworld/terrain_masks/mask_corner_a_dominant_01.png' at thread -1
Loading resource: res://assets/overworld/terrain_masks/mask_corner_a_dominant_01.png remapped: res://assets/overworld/terrain_masks/mask_corner_a_dominant_01.png
Loading resource: res://.godot/imported/mask_corner_a_dominant_01.png-53ee1f73631e43ff8444faeb79c34332.ctex remapped: res://.godot/imported/mask_corner_a_dominant_01.png-53ee1f73631e43ff8444faeb79c34332.ctex
Completed load for: 'res://assets/overworld/terrain_masks/mask_corner_a_dominant_01.png' remapped 'res://assets/overworld/terrain_masks/mask_corner_a_dominant_01.png' at thread -1
Loading resource: res://assets/overworld/terrain_masks/mask_horizontal_edge_small_03.png remapped: res://assets/overworld/terrain_masks/mask_horizontal_edge_small_03.png
Loading resource: res://.godot/imported/mask_horizontal_edge_small_03.png-2d3a294dad3e365ea5b1d80f8273cb53.ctex remapped: res://.godot/imported/mask_horizontal_edge_small_03.png-2d3a294dad3e365ea5b1d80f8273cb53.ctex
Completed load for: 'res://assets/overworld/terrain_masks/mask_horizontal_edge_small_03.png' remapped 'res://assets/overworld/terrain_masks/mask_horizontal_edge_small_03.png' at thread -1
Loading resource: res://assets/overworld/terrain_masks/mask_horizontal_edge_small_03.png remapped: res://assets/overworld/terrain_masks/mask_horizontal_edge_small_03.png
Loading resource: res://.godot/imported/mask_horizontal_edge_small_03.png-2d3a294dad3e365ea5b1d80f8273cb53.ctex remapped: res://.godot/imported/mask_horizontal_edge_small_03.png-2d3a294dad3e365ea5b1d80f8273cb53.ctex
Completed load for: 'res://assets/overworld/terrain_masks/mask_horizontal_edge_small_03.png' remapped 'res://assets/overworld/terrain_masks/mask_horizontal_edge_small_03.png' at thread -1
Loading resource: res://assets/overworld/terrain_masks/mask_corner_a_dominant_01.png remapped: res://assets/overworld/terrain_masks/mask_corner_a_dominant_01.png
Loading resource: res://.godot/imported/mask_corner_a_dominant_01.png-53ee1f73631e43ff8444faeb79c34332.ctex remapped: res://.godot/imported/mask_corner_a_dominant_01.png-53ee1f73631e43ff8444faeb79c34332.ctex
Completed load for: 'res://assets/overworld/terrain_masks/mask_corner_a_dominant_01.png' remapped 'res://assets/overworld/terrain_masks/mask_corner_a_dominant_01.png' at thread -1
Loading resource: res://assets/overworld/terrain_masks/mask_corner_a_dominant_01.png remapped: res://assets/overworld/terrain_masks/mask_corner_a_dominant_01.png
Loading resource: res://.godot/imported/mask_corner_a_dominant_01.png-53ee1f73631e43ff8444faeb79c34332.ctex remapped: res://.godot/imported/mask_corner_a_dominant_01.png-53ee1f73631e43ff8444faeb79c34332.ctex
Completed load for: 'res://assets/overworld/terrain_masks/mask_corner_a_dominant_01.png' remapped 'res://assets/overworld/terrain_masks/mask_corner_a_dominant_01.png' at thread -1
Loading resource: res://assets/overworld/terrain_masks/mask_horizontal_edge_small_03.png remapped: res://assets/overworld/terrain_masks/mask_horizontal_edge_small_03.png
Loading resource: res://.godot/imported/mask_horizontal_edge_small_03.png-2d3a294dad3e365ea5b1d80f8273cb53.ctex remapped: res://.godot/imported/mask_horizontal_edge_small_03.png-2d3a294dad3e365ea5b1d80f8273cb53.ctex
Completed load for: 'res://assets/overworld/terrain_masks/mask_horizontal_edge_small_03.png' remapped 'res://assets/overworld/terrain_masks/mask_horizontal_edge_small_03.png' at thread -1
Loading resource: res://assets/overworld/terrain_masks/mask_horizontal_edge_small_03.png remapped: res://assets/overworld/terrain_masks/mask_horizontal_edge_small_03.png
Loading resource: res://.godot/imported/mask_horizontal_edge_small_03.png-2d3a294dad3e365ea5b1d80f8273cb53.ctex remapped: res://.godot/imported/mask_horizontal_edge_small_03.png-2d3a294dad3e365ea5b1d80f8273cb53.ctex
Completed load for: 'res://assets/overworld/terrain_masks/mask_horizontal_edge_small_03.png' remapped 'res://assets/overworld/terrain_masks/mask_horizontal_edge_small_03.png' at thread -1
Loading resource: res://assets/overworld/terrain_masks/mask_corner_a_dominant_01.png remapped: res://assets/overworld/terrain_masks/mask_corner_a_dominant_01.png
Loading resource: res://.godot/imported/mask_corner_a_dominant_01.png-53ee1f73631e43ff8444faeb79c34332.ctex remapped: res://.godot/imported/mask_corner_a_dominant_01.png-53ee1f73631e43ff8444faeb79c34332.ctex
Completed load for: 'res://assets/overworld/terrain_masks/mask_corner_a_dominant_01.png' remapped 'res://assets/overworld/terrain_masks/mask_corner_a_dominant_01.png' at thread -1
Loading resource: res://assets/overworld/terrain_masks/mask_corner_a_dominant_01.png remapped: res://assets/overworld/terrain_masks/mask_corner_a_dominant_01.png
Loading resource: res://.godot/imported/mask_corner_a_dominant_01.png-53ee1f73631e43ff8444faeb79c34332.ctex remapped: res://.godot/imported/mask_corner_a_dominant_01.png-53ee1f73631e43ff8444faeb79c34332.ctex
Completed load for: 'res://assets/overworld/terrain_masks/mask_corner_a_dominant_01.png' remapped 'res://assets/overworld/terrain_masks/mask_corner_a_dominant_01.png' at thread -1
Loading resource: res://assets/overworld/terrain_masks/mask_horizontal_edge_small_03.png remapped: res://assets/overworld/terrain_masks/mask_horizontal_edge_small_03.png
Loading resource: res://.godot/imported/mask_horizontal_edge_small_03.png-2d3a294dad3e365ea5b1d80f8273cb53.ctex remapped: res://.godot/imported/mask_horizontal_edge_small_03.png-2d3a294dad3e365ea5b1d80f8273cb53.ctex
Completed load for: 'res://assets/overworld/terrain_masks/mask_horizontal_edge_small_03.png' remapped 'res://assets/overworld/terrain_masks/mask_horizontal_edge_small_03.png' at thread -1
Loading resource: res://assets/overworld/terrain_masks/mask_horizontal_edge_small_03.png remapped: res://assets/overworld/terrain_masks/mask_horizontal_edge_small_03.png
Loading resource: res://.godot/imported/mask_horizontal_edge_small_03.png-2d3a294dad3e365ea5b1d80f8273cb53.ctex remapped: res://.godot/imported/mask_horizontal_edge_small_03.png-2d3a294dad3e365ea5b1d80f8273cb53.ctex
Completed load for: 'res://assets/overworld/terrain_masks/mask_horizontal_edge_small_03.png' remapped 'res://assets/overworld/terrain_masks/mask_horizontal_edge_small_03.png' at thread -1
Loading resource: res://assets/overworld/terrain_masks/mask_corner_a_dominant_01.png remapped: res://assets/overworld/terrain_masks/mask_corner_a_dominant_01.png
Loading resource: res://.godot/imported/mask_corner_a_dominant_01.png-53ee1f73631e43ff8444faeb79c34332.ctex remapped: res://.godot/imported/mask_corner_a_dominant_01.png-53ee1f73631e43ff8444faeb79c34332.ctex
Completed load for: 'res://assets/overworld/terrain_masks/mask_corner_a_dominant_01.png' remapped 'res://assets/overworld/terrain_masks/mask_corner_a_dominant_01.png' at thread -1
Loading resource: res://assets/overworld/terrain_masks/mask_corner_a_dominant_01.png remapped: res://assets/overworld/terrain_masks/mask_corner_a_dominant_01.png
Loading resource: res://.godot/imported/mask_corner_a_dominant_01.png-53ee1f73631e43ff8444faeb79c34332.ctex remapped: res://.godot/imported/mask_corner_a_dominant_01.png-53ee1f73631e43ff8444faeb79c34332.ctex
Completed load for: 'res://assets/overworld/terrain_masks/mask_corner_a_dominant_01.png' remapped 'res://assets/overworld/terrain_masks/mask_corner_a_dominant_01.png' at thread -1
Loading resource: res://assets/overworld/terrain_masks/mask_horizontal_edge_small_03.png remapped: res://assets/overworld/terrain_masks/mask_horizontal_edge_small_03.png
Loading resource: res://.godot/imported/mask_horizontal_edge_small_03.png-2d3a294dad3e365ea5b1d80f8273cb53.ctex remapped: res://.godot/imported/mask_horizontal_edge_small_03.png-2d3a294dad3e365ea5b1d80f8273cb53.ctex
Completed load for: 'res://assets/overworld/terrain_masks/mask_horizontal_edge_small_03.png' remapped 'res://assets/overworld/terrain_masks/mask_horizontal_edge_small_03.png' at thread -1
Loading resource: res://assets/overworld/terrain_masks/mask_horizontal_edge_small_03.png remapped: res://assets/overworld/terrain_masks/mask_horizontal_edge_small_03.png
Loading resource: res://.godot/imported/mask_horizontal_edge_small_03.png-2d3a294dad3e365ea5b1d80f8273cb53.ctex remapped: res://.godot/imported/mask_horizontal_edge_small_03.png-2d3a294dad3e365ea5b1d80f8273cb53.ctex
Completed load for: 'res://assets/overworld/terrain_masks/mask_horizontal_edge_small_03.png' remapped 'res://assets/overworld/terrain_masks/mask_horizontal_edge_small_03.png' at thread -1
Loading resource: res://assets/overworld/terrain_masks/mask_horizontal_edge_small_04.png remapped: res://assets/overworld/terrain_masks/mask_horizontal_edge_small_04.png
Loading resource: res://.godot/imported/mask_horizontal_edge_small_04.png-f6eb9f7dd81706a6c39aef25ebafe884.ctex remapped: res://.godot/imported/mask_horizontal_edge_small_04.png-f6eb9f7dd81706a6c39aef25ebafe884.ctex
Completed load for: 'res://assets/overworld/terrain_masks/mask_horizontal_edge_small_04.png' remapped 'res://assets/overworld/terrain_masks/mask_horizontal_edge_small_04.png' at thread -1
Loading resource: res://assets/overworld/terrain_masks/mask_horizontal_edge_small_04.png remapped: res://assets/overworld/terrain_masks/mask_horizontal_edge_small_04.png
Loading resource: res://.godot/imported/mask_horizontal_edge_small_04.png-f6eb9f7dd81706a6c39aef25ebafe884.ctex remapped: res://.godot/imported/mask_horizontal_edge_small_04.png-f6eb9f7dd81706a6c39aef25ebafe884.ctex
Completed load for: 'res://assets/overworld/terrain_masks/mask_horizontal_edge_small_04.png' remapped 'res://assets/overworld/terrain_masks/mask_horizontal_edge_small_04.png' at thread -1
Loading resource: res://assets/overworld/terrain_masks/mask_horizontal_edge_small_04.png remapped: res://assets/overworld/terrain_masks/mask_horizontal_edge_small_04.png
Loading resource: res://.godot/imported/mask_horizontal_edge_small_04.png-f6eb9f7dd81706a6c39aef25ebafe884.ctex remapped: res://.godot/imported/mask_horizontal_edge_small_04.png-f6eb9f7dd81706a6c39aef25ebafe884.ctex
Completed load for: 'res://assets/overworld/terrain_masks/mask_horizontal_edge_small_04.png' remapped 'res://assets/overworld/terrain_masks/mask_horizontal_edge_small_04.png' at thread -1
Loading resource: res://assets/overworld/terrain_masks/mask_horizontal_edge_small_04.png remapped: res://assets/overworld/terrain_masks/mask_horizontal_edge_small_04.png
Loading resource: res://.godot/imported/mask_horizontal_edge_small_04.png-f6eb9f7dd81706a6c39aef25ebafe884.ctex remapped: res://.godot/imported/mask_horizontal_edge_small_04.png-f6eb9f7dd81706a6c39aef25ebafe884.ctex
Completed load for: 'res://assets/overworld/terrain_masks/mask_horizontal_edge_small_04.png' remapped 'res://assets/overworld/terrain_masks/mask_horizontal_edge_small_04.png' at thread -1
Loading resource: res://assets/overworld/terrain_masks/mask_horizontal_edge_small_04.png remapped: res://assets/overworld/terrain_masks/mask_horizontal_edge_small_04.png
Loading resource: res://.godot/imported/mask_horizontal_edge_small_04.png-f6eb9f7dd81706a6c39aef25ebafe884.ctex remapped: res://.godot/imported/mask_horizontal_edge_small_04.png-f6eb9f7dd81706a6c39aef25ebafe884.ctex
Completed load for: 'res://assets/overworld/terrain_masks/mask_horizontal_edge_small_04.png' remapped 'res://assets/overworld/terrain_masks/mask_horizontal_edge_small_04.png' at thread -1
Loading resource: res://assets/overworld/terrain_masks/mask_horizontal_edge_small_04.png remapped: res://assets/overworld/terrain_masks/mask_horizontal_edge_small_04.png
Loading resource: res://.godot/imported/mask_horizontal_edge_small_04.png-f6eb9f7dd81706a6c39aef25ebafe884.ctex remapped: res://.godot/imported/mask_horizontal_edge_small_04.png-f6eb9f7dd81706a6c39aef25ebafe884.ctex
Completed load for: 'res://assets/overworld/terrain_masks/mask_horizontal_edge_small_04.png' remapped 'res://assets/overworld/terrain_masks/mask_horizontal_edge_small_04.png' at thread -1
Loading resource: res://assets/overworld/terrain_masks/mask_horizontal_edge_small_04.png remapped: res://assets/overworld/terrain_masks/mask_horizontal_edge_small_04.png
Loading resource: res://.godot/imported/mask_horizontal_edge_small_04.png-f6eb9f7dd81706a6c39aef25ebafe884.ctex remapped: res://.godot/imported/mask_horizontal_edge_small_04.png-f6eb9f7dd81706a6c39aef25ebafe884.ctex
Completed load for: 'res://assets/overworld/terrain_masks/mask_horizontal_edge_small_04.png' remapped 'res://assets/overworld/terrain_masks/mask_horizontal_edge_small_04.png' at thread -1
Loading resource: res://assets/overworld/terrain_masks/mask_horizontal_edge_small_04.png remapped: res://assets/overworld/terrain_masks/mask_horizontal_edge_small_04.png
Loading resource: res://.godot/imported/mask_horizontal_edge_small_04.png-f6eb9f7dd81706a6c39aef25ebafe884.ctex remapped: res://.godot/imported/mask_horizontal_edge_small_04.png-f6eb9f7dd81706a6c39aef25ebafe884.ctex
Completed load for: 'res://assets/overworld/terrain_masks/mask_horizontal_edge_small_04.png' remapped 'res://assets/overworld/terrain_masks/mask_horizontal_edge_small_04.png' at thread -1
Loading resource: res://assets/overworld/terrain_masks/mask_horizontal_edge_small_04.png remapped: res://assets/overworld/terrain_masks/mask_horizontal_edge_small_04.png
Loading resource: res://.godot/imported/mask_horizontal_edge_small_04.png-f6eb9f7dd81706a6c39aef25ebafe884.ctex remapped: res://.godot/imported/mask_horizontal_edge_small_04.png-f6eb9f7dd81706a6c39aef25ebafe884.ctex
Completed load for: 'res://assets/overworld/terrain_masks/mask_horizontal_edge_small_04.png' remapped 'res://assets/overworld/terrain_masks/mask_horizontal_edge_small_04.png' at thread -1
Loading resource: res://assets/overworld/terrain_masks/mask_horizontal_edge_small_04.png remapped: res://assets/overworld/terrain_masks/mask_horizontal_edge_small_04.png
Loading resource: res://.godot/imported/mask_horizontal_edge_small_04.png-f6eb9f7dd81706a6c39aef25ebafe884.ctex remapped: res://.godot/imported/mask_horizontal_edge_small_04.png-f6eb9f7dd81706a6c39aef25ebafe884.ctex
Completed load for: 'res://assets/overworld/terrain_masks/mask_horizontal_edge_small_04.png' remapped 'res://assets/overworld/terrain_masks/mask_horizontal_edge_small_04.png' at thread -1
Loading resource: res://assets/overworld/terrain_masks/mask_horizontal_edge_small_04.png remapped: res://assets/overworld/terrain_masks/mask_horizontal_edge_small_04.png
Loading resource: res://.godot/imported/mask_horizontal_edge_small_04.png-f6eb9f7dd81706a6c39aef25ebafe884.ctex remapped: res://.godot/imported/mask_horizontal_edge_small_04.png-f6eb9f7dd81706a6c39aef25ebafe884.ctex
Completed load for: 'res://assets/overworld/terrain_masks/mask_horizontal_edge_small_04.png' remapped 'res://assets/overworld/terrain_masks/mask_horizontal_edge_small_04.png' at thread -1
Loading resource: res://assets/overworld/terrain_masks/mask_horizontal_edge_small_04.png remapped: res://assets/overworld/terrain_masks/mask_horizontal_edge_small_04.png
Loading resource: res://.godot/imported/mask_horizontal_edge_small_04.png-f6eb9f7dd81706a6c39aef25ebafe884.ctex remapped: res://.godot/imported/mask_horizontal_edge_small_04.png-f6eb9f7dd81706a6c39aef25ebafe884.ctex
Completed load for: 'res://assets/overworld/terrain_masks/mask_horizontal_edge_small_04.png' remapped 'res://assets/overworld/terrain_masks/mask_horizontal_edge_small_04.png' at thread -1
Loading resource: res://assets/overworld/terrain_masks/mask_horizontal_edge_small_04.png remapped: res://assets/overworld/terrain_masks/mask_horizontal_edge_small_04.png
Loading resource: res://.godot/imported/mask_horizontal_edge_small_04.png-f6eb9f7dd81706a6c39aef25ebafe884.ctex remapped: res://.godot/imported/mask_horizontal_edge_small_04.png-f6eb9f7dd81706a6c39aef25ebafe884.ctex
Completed load for: 'res://assets/overworld/terrain_masks/mask_horizontal_edge_small_04.png' remapped 'res://assets/overworld/terrain_masks/mask_horizontal_edge_small_04.png' at thread -1
Loading resource: res://assets/overworld/terrain_masks/mask_horizontal_edge_small_04.png remapped: res://assets/overworld/terrain_masks/mask_horizontal_edge_small_04.png
Loading resource: res://.godot/imported/mask_horizontal_edge_small_04.png-f6eb9f7dd81706a6c39aef25ebafe884.ctex remapped: res://.godot/imported/mask_horizontal_edge_small_04.png-f6eb9f7dd81706a6c39aef25ebafe884.ctex
Completed load for: 'res://assets/overworld/terrain_masks/mask_horizontal_edge_small_04.png' remapped 'res://assets/overworld/terrain_masks/mask_horizontal_edge_small_04.png' at thread -1
Loading resource: res://assets/overworld/terrain_masks/mask_horizontal_edge_small_04.png remapped: res://assets/overworld/terrain_masks/mask_horizontal_edge_small_04.png
Loading resource: res://.godot/imported/mask_horizontal_edge_small_04.png-f6eb9f7dd81706a6c39aef25ebafe884.ctex remapped: res://.godot/imported/mask_horizontal_edge_small_04.png-f6eb9f7dd81706a6c39aef25ebafe884.ctex
Completed load for: 'res://assets/overworld/terrain_masks/mask_horizontal_edge_small_04.png' remapped 'res://assets/overworld/terrain_masks/mask_horizontal_edge_small_04.png' at thread -1
Loading resource: res://assets/overworld/terrain_masks/mask_horizontal_edge_small_04.png remapped: res://assets/overworld/terrain_masks/mask_horizontal_edge_small_04.png
Loading resource: res://.godot/imported/mask_horizontal_edge_small_04.png-f6eb9f7dd81706a6c39aef25ebafe884.ctex remapped: res://.godot/imported/mask_horizontal_edge_small_04.png-f6eb9f7dd81706a6c39aef25ebafe884.ctex
Completed load for: 'res://assets/overworld/terrain_masks/mask_horizontal_edge_small_04.png' remapped 'res://assets/overworld/terrain_masks/mask_horizontal_edge_small_04.png' at thread -1
Loading resource: res://assets/overworld/terrain_masks/mask_horizontal_edge_small_03.png remapped: res://assets/overworld/terrain_masks/mask_horizontal_edge_small_03.png
Loading resource: res://.godot/imported/mask_horizontal_edge_small_03.png-2d3a294dad3e365ea5b1d80f8273cb53.ctex remapped: res://.godot/imported/mask_horizontal_edge_small_03.png-2d3a294dad3e365ea5b1d80f8273cb53.ctex
Completed load for: 'res://assets/overworld/terrain_masks/mask_horizontal_edge_small_03.png' remapped 'res://assets/overworld/terrain_masks/mask_horizontal_edge_small_03.png' at thread -1
Loading resource: res://assets/overworld/terrain_masks/mask_horizontal_edge_small_03.png remapped: res://assets/overworld/terrain_masks/mask_horizontal_edge_small_03.png
Loading resource: res://.godot/imported/mask_horizontal_edge_small_03.png-2d3a294dad3e365ea5b1d80f8273cb53.ctex remapped: res://.godot/imported/mask_horizontal_edge_small_03.png-2d3a294dad3e365ea5b1d80f8273cb53.ctex
Completed load for: 'res://assets/overworld/terrain_masks/mask_horizontal_edge_small_03.png' remapped 'res://assets/overworld/terrain_masks/mask_horizontal_edge_small_03.png' at thread -1
Loading resource: res://assets/overworld/terrain_masks/mask_horizontal_edge_small_03.png remapped: res://assets/overworld/terrain_masks/mask_horizontal_edge_small_03.png
Loading resource: res://.godot/imported/mask_horizontal_edge_small_03.png-2d3a294dad3e365ea5b1d80f8273cb53.ctex remapped: res://.godot/imported/mask_horizontal_edge_small_03.png-2d3a294dad3e365ea5b1d80f8273cb53.ctex
Completed load for: 'res://assets/overworld/terrain_masks/mask_horizontal_edge_small_03.png' remapped 'res://assets/overworld/terrain_masks/mask_horizontal_edge_small_03.png' at thread -1
Loading resource: res://assets/overworld/terrain_masks/mask_horizontal_edge_small_03.png remapped: res://assets/overworld/terrain_masks/mask_horizontal_edge_small_03.png
Loading resource: res://.godot/imported/mask_horizontal_edge_small_03.png-2d3a294dad3e365ea5b1d80f8273cb53.ctex remapped: res://.godot/imported/mask_horizontal_edge_small_03.png-2d3a294dad3e365ea5b1d80f8273cb53.ctex
Completed load for: 'res://assets/overworld/terrain_masks/mask_horizontal_edge_small_03.png' remapped 'res://assets/overworld/terrain_masks/mask_horizontal_edge_small_03.png' at thread -1
Loading resource: res://assets/overworld/terrain_masks/mask_horizontal_edge_small_03.png remapped: res://assets/overworld/terrain_masks/mask_horizontal_edge_small_03.png
Loading resource: res://.godot/imported/mask_horizontal_edge_small_03.png-2d3a294dad3e365ea5b1d80f8273cb53.ctex remapped: res://.godot/imported/mask_horizontal_edge_small_03.png-2d3a294dad3e365ea5b1d80f8273cb53.ctex
Completed load for: 'res://assets/overworld/terrain_masks/mask_horizontal_edge_small_03.png' remapped 'res://assets/overworld/terrain_masks/mask_horizontal_edge_small_03.png' at thread -1
Loading resource: res://assets/overworld/terrain_masks/mask_horizontal_edge_small_03.png remapped: res://assets/overworld/terrain_masks/mask_horizontal_edge_small_03.png
Loading resource: res://.godot/imported/mask_horizontal_edge_small_03.png-2d3a294dad3e365ea5b1d80f8273cb53.ctex remapped: res://.godot/imported/mask_horizontal_edge_small_03.png-2d3a294dad3e365ea5b1d80f8273cb53.ctex
Completed load for: 'res://assets/overworld/terrain_masks/mask_horizontal_edge_small_03.png' remapped 'res://assets/overworld/terrain_masks/mask_horizontal_edge_small_03.png' at thread -1
Loading resource: res://assets/overworld/terrain_masks/mask_horizontal_edge_small_03.png remapped: res://assets/overworld/terrain_masks/mask_horizontal_edge_small_03.png
Loading resource: res://.godot/imported/mask_horizontal_edge_small_03.png-2d3a294dad3e365ea5b1d80f8273cb53.ctex remapped: res://.godot/imported/mask_horizontal_edge_small_03.png-2d3a294dad3e365ea5b1d80f8273cb53.ctex
Completed load for: 'res://assets/overworld/terrain_masks/mask_horizontal_edge_small_03.png' remapped 'res://assets/overworld/terrain_masks/mask_horizontal_edge_small_03.png' at thread -1
Loading resource: res://assets/overworld/terrain_masks/mask_horizontal_edge_small_03.png remapped: res://assets/overworld/terrain_masks/mask_horizontal_edge_small_03.png
Loading resource: res://.godot/imported/mask_horizontal_edge_small_03.png-2d3a294dad3e365ea5b1d80f8273cb53.ctex remapped: res://.godot/imported/mask_horizontal_edge_small_03.png-2d3a294dad3e365ea5b1d80f8273cb53.ctex
Completed load for: 'res://assets/overworld/terrain_masks/mask_horizontal_edge_small_03.png' remapped 'res://assets/overworld/terrain_masks/mask_horizontal_edge_small_03.png' at thread -1
Loading resource: res://assets/overworld/terrain_masks/mask_corner_a_dominant_02.png remapped: res://assets/overworld/terrain_masks/mask_corner_a_dominant_02.png
Loading resource: res://.godot/imported/mask_corner_a_dominant_02.png-bd3c38b63920202f67915a9c479c0559.ctex remapped: res://.godot/imported/mask_corner_a_dominant_02.png-bd3c38b63920202f67915a9c479c0559.ctex
Completed load for: 'res://assets/overworld/terrain_masks/mask_corner_a_dominant_02.png' remapped 'res://assets/overworld/terrain_masks/mask_corner_a_dominant_02.png' at thread -1
Loading resource: res://assets/overworld/terrain_masks/mask_corner_a_dominant_02.png remapped: res://assets/overworld/terrain_masks/mask_corner_a_dominant_02.png
Loading resource: res://.godot/imported/mask_corner_a_dominant_02.png-bd3c38b63920202f67915a9c479c0559.ctex remapped: res://.godot/imported/mask_corner_a_dominant_02.png-bd3c38b63920202f67915a9c479c0559.ctex
Completed load for: 'res://assets/overworld/terrain_masks/mask_corner_a_dominant_02.png' remapped 'res://assets/overworld/terrain_masks/mask_corner_a_dominant_02.png' at thread -1
Loading resource: res://assets/overworld/terrain_masks/mask_horizontal_edge_small_02.png remapped: res://assets/overworld/terrain_masks/mask_horizontal_edge_small_02.png
Loading resource: res://.godot/imported/mask_horizontal_edge_small_02.png-61f57c402c9b58e86f60eabe83a6eb85.ctex remapped: res://.godot/imported/mask_horizontal_edge_small_02.png-61f57c402c9b58e86f60eabe83a6eb85.ctex
Completed load for: 'res://assets/overworld/terrain_masks/mask_horizontal_edge_small_02.png' remapped 'res://assets/overworld/terrain_masks/mask_horizontal_edge_small_02.png' at thread -1
Loading resource: res://assets/overworld/terrain_masks/mask_horizontal_edge_small_02.png remapped: res://assets/overworld/terrain_masks/mask_horizontal_edge_small_02.png
Loading resource: res://.godot/imported/mask_horizontal_edge_small_02.png-61f57c402c9b58e86f60eabe83a6eb85.ctex remapped: res://.godot/imported/mask_horizontal_edge_small_02.png-61f57c402c9b58e86f60eabe83a6eb85.ctex
Completed load for: 'res://assets/overworld/terrain_masks/mask_horizontal_edge_small_02.png' remapped 'res://assets/overworld/terrain_masks/mask_horizontal_edge_small_02.png' at thread -1
Loading resource: res://assets/overworld/terrain_masks/mask_corner_a_dominant_02.png remapped: res://assets/overworld/terrain_masks/mask_corner_a_dominant_02.png
Loading resource: res://.godot/imported/mask_corner_a_dominant_02.png-bd3c38b63920202f67915a9c479c0559.ctex remapped: res://.godot/imported/mask_corner_a_dominant_02.png-bd3c38b63920202f67915a9c479c0559.ctex
Completed load for: 'res://assets/overworld/terrain_masks/mask_corner_a_dominant_02.png' remapped 'res://assets/overworld/terrain_masks/mask_corner_a_dominant_02.png' at thread -1
Loading resource: res://assets/overworld/terrain_masks/mask_corner_a_dominant_02.png remapped: res://assets/overworld/terrain_masks/mask_corner_a_dominant_02.png
Loading resource: res://.godot/imported/mask_corner_a_dominant_02.png-bd3c38b63920202f67915a9c479c0559.ctex remapped: res://.godot/imported/mask_corner_a_dominant_02.png-bd3c38b63920202f67915a9c479c0559.ctex
Completed load for: 'res://assets/overworld/terrain_masks/mask_corner_a_dominant_02.png' remapped 'res://assets/overworld/terrain_masks/mask_corner_a_dominant_02.png' at thread -1
Loading resource: res://assets/overworld/terrain_masks/mask_horizontal_edge_small_02.png remapped: res://assets/overworld/terrain_masks/mask_horizontal_edge_small_02.png
Loading resource: res://.godot/imported/mask_horizontal_edge_small_02.png-61f57c402c9b58e86f60eabe83a6eb85.ctex remapped: res://.godot/imported/mask_horizontal_edge_small_02.png-61f57c402c9b58e86f60eabe83a6eb85.ctex
Completed load for: 'res://assets/overworld/terrain_masks/mask_horizontal_edge_small_02.png' remapped 'res://assets/overworld/terrain_masks/mask_horizontal_edge_small_02.png' at thread -1
Loading resource: res://assets/overworld/terrain_masks/mask_horizontal_edge_small_02.png remapped: res://assets/overworld/terrain_masks/mask_horizontal_edge_small_02.png
Loading resource: res://.godot/imported/mask_horizontal_edge_small_02.png-61f57c402c9b58e86f60eabe83a6eb85.ctex remapped: res://.godot/imported/mask_horizontal_edge_small_02.png-61f57c402c9b58e86f60eabe83a6eb85.ctex
Completed load for: 'res://assets/overworld/terrain_masks/mask_horizontal_edge_small_02.png' remapped 'res://assets/overworld/terrain_masks/mask_horizontal_edge_small_02.png' at thread -1
Loading resource: res://assets/overworld/terrain_masks/mask_corner_a_dominant_02.png remapped: res://assets/overworld/terrain_masks/mask_corner_a_dominant_02.png
Loading resource: res://.godot/imported/mask_corner_a_dominant_02.png-bd3c38b63920202f67915a9c479c0559.ctex remapped: res://.godot/imported/mask_corner_a_dominant_02.png-bd3c38b63920202f67915a9c479c0559.ctex
Completed load for: 'res://assets/overworld/terrain_masks/mask_corner_a_dominant_02.png' remapped 'res://assets/overworld/terrain_masks/mask_corner_a_dominant_02.png' at thread -1
Loading resource: res://assets/overworld/terrain_masks/mask_corner_a_dominant_02.png remapped: res://assets/overworld/terrain_masks/mask_corner_a_dominant_02.png
Loading resource: res://.godot/imported/mask_corner_a_dominant_02.png-bd3c38b63920202f67915a9c479c0559.ctex remapped: res://.godot/imported/mask_corner_a_dominant_02.png-bd3c38b63920202f67915a9c479c0559.ctex
Completed load for: 'res://assets/overworld/terrain_masks/mask_corner_a_dominant_02.png' remapped 'res://assets/overworld/terrain_masks/mask_corner_a_dominant_02.png' at thread -1
Loading resource: res://assets/overworld/terrain_masks/mask_horizontal_edge_small_02.png remapped: res://assets/overworld/terrain_masks/mask_horizontal_edge_small_02.png
Loading resource: res://.godot/imported/mask_horizontal_edge_small_02.png-61f57c402c9b58e86f60eabe83a6eb85.ctex remapped: res://.godot/imported/mask_horizontal_edge_small_02.png-61f57c402c9b58e86f60eabe83a6eb85.ctex
Completed load for: 'res://assets/overworld/terrain_masks/mask_horizontal_edge_small_02.png' remapped 'res://assets/overworld/terrain_masks/mask_horizontal_edge_small_02.png' at thread -1
Loading resource: res://assets/overworld/terrain_masks/mask_horizontal_edge_small_02.png remapped: res://assets/overworld/terrain_masks/mask_horizontal_edge_small_02.png
Loading resource: res://.godot/imported/mask_horizontal_edge_small_02.png-61f57c402c9b58e86f60eabe83a6eb85.ctex remapped: res://.godot/imported/mask_horizontal_edge_small_02.png-61f57c402c9b58e86f60eabe83a6eb85.ctex
Completed load for: 'res://assets/overworld/terrain_masks/mask_horizontal_edge_small_02.png' remapped 'res://assets/overworld/terrain_masks/mask_horizontal_edge_small_02.png' at thread -1
Loading resource: res://assets/overworld/terrain_masks/mask_corner_a_dominant_02.png remapped: res://assets/overworld/terrain_masks/mask_corner_a_dominant_02.png
Loading resource: res://.godot/imported/mask_corner_a_dominant_02.png-bd3c38b63920202f67915a9c479c0559.ctex remapped: res://.godot/imported/mask_corner_a_dominant_02.png-bd3c38b63920202f67915a9c479c0559.ctex
Completed load for: 'res://assets/overworld/terrain_masks/mask_corner_a_dominant_02.png' remapped 'res://assets/overworld/terrain_masks/mask_corner_a_dominant_02.png' at thread -1
Loading resource: res://assets/overworld/terrain_masks/mask_corner_a_dominant_02.png remapped: res://assets/overworld/terrain_masks/mask_corner_a_dominant_02.png
Loading resource: res://.godot/imported/mask_corner_a_dominant_02.png-bd3c38b63920202f67915a9c479c0559.ctex remapped: res://.godot/imported/mask_corner_a_dominant_02.png-bd3c38b63920202f67915a9c479c0559.ctex
Completed load for: 'res://assets/overworld/terrain_masks/mask_corner_a_dominant_02.png' remapped 'res://assets/overworld/terrain_masks/mask_corner_a_dominant_02.png' at thread -1
Loading resource: res://assets/overworld/terrain_masks/mask_horizontal_edge_small_02.png remapped: res://assets/overworld/terrain_masks/mask_horizontal_edge_small_02.png
Loading resource: res://.godot/imported/mask_horizontal_edge_small_02.png-61f57c402c9b58e86f60eabe83a6eb85.ctex remapped: res://.godot/imported/mask_horizontal_edge_small_02.png-61f57c402c9b58e86f60eabe83a6eb85.ctex
Completed load for: 'res://assets/overworld/terrain_masks/mask_horizontal_edge_small_02.png' remapped 'res://assets/overworld/terrain_masks/mask_horizontal_edge_small_02.png' at thread -1
Loading resource: res://assets/overworld/terrain_masks/mask_horizontal_edge_small_02.png remapped: res://assets/overworld/terrain_masks/mask_horizontal_edge_small_02.png
Loading resource: res://.godot/imported/mask_horizontal_edge_small_02.png-61f57c402c9b58e86f60eabe83a6eb85.ctex remapped: res://.godot/imported/mask_horizontal_edge_small_02.png-61f57c402c9b58e86f60eabe83a6eb85.ctex
Completed load for: 'res://assets/overworld/terrain_masks/mask_horizontal_edge_small_02.png' remapped 'res://assets/overworld/terrain_masks/mask_horizontal_edge_small_02.png' at thread -1
Loading resource: res://assets/overworld/terrain_masks/mask_corner_a_dominant_00.png remapped: res://assets/overworld/terrain_masks/mask_corner_a_dominant_00.png
Loading resource: res://.godot/imported/mask_corner_a_dominant_00.png-426a5c6fbd50f9b4141f6e1c0de6309a.ctex remapped: res://.godot/imported/mask_corner_a_dominant_00.png-426a5c6fbd50f9b4141f6e1c0de6309a.ctex
Completed load for: 'res://assets/overworld/terrain_masks/mask_corner_a_dominant_00.png' remapped 'res://assets/overworld/terrain_masks/mask_corner_a_dominant_00.png' at thread -1
Loading resource: res://assets/overworld/terrain_masks/mask_corner_a_dominant_00.png remapped: res://assets/overworld/terrain_masks/mask_corner_a_dominant_00.png
Loading resource: res://.godot/imported/mask_corner_a_dominant_00.png-426a5c6fbd50f9b4141f6e1c0de6309a.ctex remapped: res://.godot/imported/mask_corner_a_dominant_00.png-426a5c6fbd50f9b4141f6e1c0de6309a.ctex
Completed load for: 'res://assets/overworld/terrain_masks/mask_corner_a_dominant_00.png' remapped 'res://assets/overworld/terrain_masks/mask_corner_a_dominant_00.png' at thread -1
Loading resource: res://assets/overworld/terrain_masks/mask_vertical_edge_small_04.png remapped: res://assets/overworld/terrain_masks/mask_vertical_edge_small_04.png
Loading resource: res://.godot/imported/mask_vertical_edge_small_04.png-1607ba2fd4f203d5d2b7386d4c801884.ctex remapped: res://.godot/imported/mask_vertical_edge_small_04.png-1607ba2fd4f203d5d2b7386d4c801884.ctex
Completed load for: 'res://assets/overworld/terrain_masks/mask_vertical_edge_small_04.png' remapped 'res://assets/overworld/terrain_masks/mask_vertical_edge_small_04.png' at thread -1
Loading resource: res://assets/overworld/terrain_masks/mask_vertical_edge_small_04.png remapped: res://assets/overworld/terrain_masks/mask_vertical_edge_small_04.png
Loading resource: res://.godot/imported/mask_vertical_edge_small_04.png-1607ba2fd4f203d5d2b7386d4c801884.ctex remapped: res://.godot/imported/mask_vertical_edge_small_04.png-1607ba2fd4f203d5d2b7386d4c801884.ctex
Completed load for: 'res://assets/overworld/terrain_masks/mask_vertical_edge_small_04.png' remapped 'res://assets/overworld/terrain_masks/mask_vertical_edge_small_04.png' at thread -1
Loading resource: res://assets/overworld/terrain_masks/mask_corner_a_dominant_00.png remapped: res://assets/overworld/terrain_masks/mask_corner_a_dominant_00.png
Loading resource: res://.godot/imported/mask_corner_a_dominant_00.png-426a5c6fbd50f9b4141f6e1c0de6309a.ctex remapped: res://.godot/imported/mask_corner_a_dominant_00.png-426a5c6fbd50f9b4141f6e1c0de6309a.ctex
Completed load for: 'res://assets/overworld/terrain_masks/mask_corner_a_dominant_00.png' remapped 'res://assets/overworld/terrain_masks/mask_corner_a_dominant_00.png' at thread -1
Loading resource: res://assets/overworld/terrain_masks/mask_corner_a_dominant_00.png remapped: res://assets/overworld/terrain_masks/mask_corner_a_dominant_00.png
Loading resource: res://.godot/imported/mask_corner_a_dominant_00.png-426a5c6fbd50f9b4141f6e1c0de6309a.ctex remapped: res://.godot/imported/mask_corner_a_dominant_00.png-426a5c6fbd50f9b4141f6e1c0de6309a.ctex
Completed load for: 'res://assets/overworld/terrain_masks/mask_corner_a_dominant_00.png' remapped 'res://assets/overworld/terrain_masks/mask_corner_a_dominant_00.png' at thread -1
Loading resource: res://assets/overworld/terrain_masks/mask_vertical_edge_small_04.png remapped: res://assets/overworld/terrain_masks/mask_vertical_edge_small_04.png
Loading resource: res://.godot/imported/mask_vertical_edge_small_04.png-1607ba2fd4f203d5d2b7386d4c801884.ctex remapped: res://.godot/imported/mask_vertical_edge_small_04.png-1607ba2fd4f203d5d2b7386d4c801884.ctex
Completed load for: 'res://assets/overworld/terrain_masks/mask_vertical_edge_small_04.png' remapped 'res://assets/overworld/terrain_masks/mask_vertical_edge_small_04.png' at thread -1
Loading resource: res://assets/overworld/terrain_masks/mask_vertical_edge_small_04.png remapped: res://assets/overworld/terrain_masks/mask_vertical_edge_small_04.png
Loading resource: res://.godot/imported/mask_vertical_edge_small_04.png-1607ba2fd4f203d5d2b7386d4c801884.ctex remapped: res://.godot/imported/mask_vertical_edge_small_04.png-1607ba2fd4f203d5d2b7386d4c801884.ctex
Completed load for: 'res://assets/overworld/terrain_masks/mask_vertical_edge_small_04.png' remapped 'res://assets/overworld/terrain_masks/mask_vertical_edge_small_04.png' at thread -1
Loading resource: res://assets/overworld/terrain_masks/mask_corner_a_dominant_00.png remapped: res://assets/overworld/terrain_masks/mask_corner_a_dominant_00.png
Loading resource: res://.godot/imported/mask_corner_a_dominant_00.png-426a5c6fbd50f9b4141f6e1c0de6309a.ctex remapped: res://.godot/imported/mask_corner_a_dominant_00.png-426a5c6fbd50f9b4141f6e1c0de6309a.ctex
Completed load for: 'res://assets/overworld/terrain_masks/mask_corner_a_dominant_00.png' remapped 'res://assets/overworld/terrain_masks/mask_corner_a_dominant_00.png' at thread -1
Loading resource: res://assets/overworld/terrain_masks/mask_corner_a_dominant_00.png remapped: res://assets/overworld/terrain_masks/mask_corner_a_dominant_00.png
Loading resource: res://.godot/imported/mask_corner_a_dominant_00.png-426a5c6fbd50f9b4141f6e1c0de6309a.ctex remapped: res://.godot/imported/mask_corner_a_dominant_00.png-426a5c6fbd50f9b4141f6e1c0de6309a.ctex
Completed load for: 'res://assets/overworld/terrain_masks/mask_corner_a_dominant_00.png' remapped 'res://assets/overworld/terrain_masks/mask_corner_a_dominant_00.png' at thread -1
Loading resource: res://assets/overworld/terrain_masks/mask_vertical_edge_small_04.png remapped: res://assets/overworld/terrain_masks/mask_vertical_edge_small_04.png
Loading resource: res://.godot/imported/mask_vertical_edge_small_04.png-1607ba2fd4f203d5d2b7386d4c801884.ctex remapped: res://.godot/imported/mask_vertical_edge_small_04.png-1607ba2fd4f203d5d2b7386d4c801884.ctex
Completed load for: 'res://assets/overworld/terrain_masks/mask_vertical_edge_small_04.png' remapped 'res://assets/overworld/terrain_masks/mask_vertical_edge_small_04.png' at thread -1
Loading resource: res://assets/overworld/terrain_masks/mask_vertical_edge_small_04.png remapped: res://assets/overworld/terrain_masks/mask_vertical_edge_small_04.png
Loading resource: res://.godot/imported/mask_vertical_edge_small_04.png-1607ba2fd4f203d5d2b7386d4c801884.ctex remapped: res://.godot/imported/mask_vertical_edge_small_04.png-1607ba2fd4f203d5d2b7386d4c801884.ctex
Completed load for: 'res://assets/overworld/terrain_masks/mask_vertical_edge_small_04.png' remapped 'res://assets/overworld/terrain_masks/mask_vertical_edge_small_04.png' at thread -1
Loading resource: res://assets/overworld/terrain_masks/mask_corner_a_dominant_00.png remapped: res://assets/overworld/terrain_masks/mask_corner_a_dominant_00.png
Loading resource: res://.godot/imported/mask_corner_a_dominant_00.png-426a5c6fbd50f9b4141f6e1c0de6309a.ctex remapped: res://.godot/imported/mask_corner_a_dominant_00.png-426a5c6fbd50f9b4141f6e1c0de6309a.ctex
Completed load for: 'res://assets/overworld/terrain_masks/mask_corner_a_dominant_00.png' remapped 'res://assets/overworld/terrain_masks/mask_corner_a_dominant_00.png' at thread -1
Loading resource: res://assets/overworld/terrain_masks/mask_corner_a_dominant_00.png remapped: res://assets/overworld/terrain_masks/mask_corner_a_dominant_00.png
Loading resource: res://.godot/imported/mask_corner_a_dominant_00.png-426a5c6fbd50f9b4141f6e1c0de6309a.ctex remapped: res://.godot/imported/mask_corner_a_dominant_00.png-426a5c6fbd50f9b4141f6e1c0de6309a.ctex
Completed load for: 'res://assets/overworld/terrain_masks/mask_corner_a_dominant_00.png' remapped 'res://assets/overworld/terrain_masks/mask_corner_a_dominant_00.png' at thread -1
Loading resource: res://assets/overworld/terrain_masks/mask_vertical_edge_small_04.png remapped: res://assets/overworld/terrain_masks/mask_vertical_edge_small_04.png
Loading resource: res://.godot/imported/mask_vertical_edge_small_04.png-1607ba2fd4f203d5d2b7386d4c801884.ctex remapped: res://.godot/imported/mask_vertical_edge_small_04.png-1607ba2fd4f203d5d2b7386d4c801884.ctex
Completed load for: 'res://assets/overworld/terrain_masks/mask_vertical_edge_small_04.png' remapped 'res://assets/overworld/terrain_masks/mask_vertical_edge_small_04.png' at thread -1
Loading resource: res://assets/overworld/terrain_masks/mask_vertical_edge_small_04.png remapped: res://assets/overworld/terrain_masks/mask_vertical_edge_small_04.png
Loading resource: res://.godot/imported/mask_vertical_edge_small_04.png-1607ba2fd4f203d5d2b7386d4c801884.ctex remapped: res://.godot/imported/mask_vertical_edge_small_04.png-1607ba2fd4f203d5d2b7386d4c801884.ctex
Completed load for: 'res://assets/overworld/terrain_masks/mask_vertical_edge_small_04.png' remapped 'res://assets/overworld/terrain_masks/mask_vertical_edge_small_04.png' at thread -1
Loading resource: res://assets/overworld/terrain_masks/mask_vertical_edge_small_04.png remapped: res://assets/overworld/terrain_masks/mask_vertical_edge_small_04.png
Loading resource: res://.godot/imported/mask_vertical_edge_small_04.png-1607ba2fd4f203d5d2b7386d4c801884.ctex remapped: res://.godot/imported/mask_vertical_edge_small_04.png-1607ba2fd4f203d5d2b7386d4c801884.ctex
Completed load for: 'res://assets/overworld/terrain_masks/mask_vertical_edge_small_04.png' remapped 'res://assets/overworld/terrain_masks/mask_vertical_edge_small_04.png' at thread -1
Loading resource: res://assets/overworld/terrain_masks/mask_vertical_edge_small_04.png remapped: res://assets/overworld/terrain_masks/mask_vertical_edge_small_04.png
Loading resource: res://.godot/imported/mask_vertical_edge_small_04.png-1607ba2fd4f203d5d2b7386d4c801884.ctex remapped: res://.godot/imported/mask_vertical_edge_small_04.png-1607ba2fd4f203d5d2b7386d4c801884.ctex
Completed load for: 'res://assets/overworld/terrain_masks/mask_vertical_edge_small_04.png' remapped 'res://assets/overworld/terrain_masks/mask_vertical_edge_small_04.png' at thread -1
Loading resource: res://assets/overworld/terrain_masks/mask_vertical_edge_small_03.png remapped: res://assets/overworld/terrain_masks/mask_vertical_edge_small_03.png
Loading resource: res://.godot/imported/mask_vertical_edge_small_03.png-292b023af94446e5b4bcd26a88e46bb2.ctex remapped: res://.godot/imported/mask_vertical_edge_small_03.png-292b023af94446e5b4bcd26a88e46bb2.ctex
Completed load for: 'res://assets/overworld/terrain_masks/mask_vertical_edge_small_03.png' remapped 'res://assets/overworld/terrain_masks/mask_vertical_edge_small_03.png' at thread -1
Loading resource: res://assets/overworld/terrain_masks/mask_vertical_edge_small_03.png remapped: res://assets/overworld/terrain_masks/mask_vertical_edge_small_03.png
Loading resource: res://.godot/imported/mask_vertical_edge_small_03.png-292b023af94446e5b4bcd26a88e46bb2.ctex remapped: res://.godot/imported/mask_vertical_edge_small_03.png-292b023af94446e5b4bcd26a88e46bb2.ctex
Completed load for: 'res://assets/overworld/terrain_masks/mask_vertical_edge_small_03.png' remapped 'res://assets/overworld/terrain_masks/mask_vertical_edge_small_03.png' at thread -1
Loading resource: res://assets/overworld/terrain_masks/mask_vertical_edge_small_03.png remapped: res://assets/overworld/terrain_masks/mask_vertical_edge_small_03.png
Loading resource: res://.godot/imported/mask_vertical_edge_small_03.png-292b023af94446e5b4bcd26a88e46bb2.ctex remapped: res://.godot/imported/mask_vertical_edge_small_03.png-292b023af94446e5b4bcd26a88e46bb2.ctex
Completed load for: 'res://assets/overworld/terrain_masks/mask_vertical_edge_small_03.png' remapped 'res://assets/overworld/terrain_masks/mask_vertical_edge_small_03.png' at thread -1
Loading resource: res://assets/overworld/terrain_masks/mask_vertical_edge_small_03.png remapped: res://assets/overworld/terrain_masks/mask_vertical_edge_small_03.png
Loading resource: res://.godot/imported/mask_vertical_edge_small_03.png-292b023af94446e5b4bcd26a88e46bb2.ctex remapped: res://.godot/imported/mask_vertical_edge_small_03.png-292b023af94446e5b4bcd26a88e46bb2.ctex
Completed load for: 'res://assets/overworld/terrain_masks/mask_vertical_edge_small_03.png' remapped 'res://assets/overworld/terrain_masks/mask_vertical_edge_small_03.png' at thread -1
Loading resource: res://assets/overworld/terrain_masks/mask_vertical_edge_small_03.png remapped: res://assets/overworld/terrain_masks/mask_vertical_edge_small_03.png
Loading resource: res://.godot/imported/mask_vertical_edge_small_03.png-292b023af94446e5b4bcd26a88e46bb2.ctex remapped: res://.godot/imported/mask_vertical_edge_small_03.png-292b023af94446e5b4bcd26a88e46bb2.ctex
Completed load for: 'res://assets/overworld/terrain_masks/mask_vertical_edge_small_03.png' remapped 'res://assets/overworld/terrain_masks/mask_vertical_edge_small_03.png' at thread -1
Loading resource: res://assets/overworld/terrain_masks/mask_vertical_edge_small_03.png remapped: res://assets/overworld/terrain_masks/mask_vertical_edge_small_03.png
Loading resource: res://.godot/imported/mask_vertical_edge_small_03.png-292b023af94446e5b4bcd26a88e46bb2.ctex remapped: res://.godot/imported/mask_vertical_edge_small_03.png-292b023af94446e5b4bcd26a88e46bb2.ctex
Completed load for: 'res://assets/overworld/terrain_masks/mask_vertical_edge_small_03.png' remapped 'res://assets/overworld/terrain_masks/mask_vertical_edge_small_03.png' at thread -1
Loading resource: res://assets/overworld/terrain_masks/mask_vertical_edge_small_03.png remapped: res://assets/overworld/terrain_masks/mask_vertical_edge_small_03.png
Loading resource: res://.godot/imported/mask_vertical_edge_small_03.png-292b023af94446e5b4bcd26a88e46bb2.ctex remapped: res://.godot/imported/mask_vertical_edge_small_03.png-292b023af94446e5b4bcd26a88e46bb2.ctex
Completed load for: 'res://assets/overworld/terrain_masks/mask_vertical_edge_small_03.png' remapped 'res://assets/overworld/terrain_masks/mask_vertical_edge_small_03.png' at thread -1
Loading resource: res://assets/overworld/terrain_masks/mask_vertical_edge_small_03.png remapped: res://assets/overworld/terrain_masks/mask_vertical_edge_small_03.png
Loading resource: res://.godot/imported/mask_vertical_edge_small_03.png-292b023af94446e5b4bcd26a88e46bb2.ctex remapped: res://.godot/imported/mask_vertical_edge_small_03.png-292b023af94446e5b4bcd26a88e46bb2.ctex
Completed load for: 'res://assets/overworld/terrain_masks/mask_vertical_edge_small_03.png' remapped 'res://assets/overworld/terrain_masks/mask_vertical_edge_small_03.png' at thread -1
Loading resource: res://assets/overworld/terrain_masks/mask_vertical_edge_small_04.png remapped: res://assets/overworld/terrain_masks/mask_vertical_edge_small_04.png
Loading resource: res://.godot/imported/mask_vertical_edge_small_04.png-1607ba2fd4f203d5d2b7386d4c801884.ctex remapped: res://.godot/imported/mask_vertical_edge_small_04.png-1607ba2fd4f203d5d2b7386d4c801884.ctex
Completed load for: 'res://assets/overworld/terrain_masks/mask_vertical_edge_small_04.png' remapped 'res://assets/overworld/terrain_masks/mask_vertical_edge_small_04.png' at thread -1
Loading resource: res://assets/overworld/terrain_masks/mask_vertical_edge_small_04.png remapped: res://assets/overworld/terrain_masks/mask_vertical_edge_small_04.png
Loading resource: res://.godot/imported/mask_vertical_edge_small_04.png-1607ba2fd4f203d5d2b7386d4c801884.ctex remapped: res://.godot/imported/mask_vertical_edge_small_04.png-1607ba2fd4f203d5d2b7386d4c801884.ctex
Completed load for: 'res://assets/overworld/terrain_masks/mask_vertical_edge_small_04.png' remapped 'res://assets/overworld/terrain_masks/mask_vertical_edge_small_04.png' at thread -1
Loading resource: res://assets/overworld/terrain_masks/mask_vertical_edge_small_04.png remapped: res://assets/overworld/terrain_masks/mask_vertical_edge_small_04.png
Loading resource: res://.godot/imported/mask_vertical_edge_small_04.png-1607ba2fd4f203d5d2b7386d4c801884.ctex remapped: res://.godot/imported/mask_vertical_edge_small_04.png-1607ba2fd4f203d5d2b7386d4c801884.ctex
Completed load for: 'res://assets/overworld/terrain_masks/mask_vertical_edge_small_04.png' remapped 'res://assets/overworld/terrain_masks/mask_vertical_edge_small_04.png' at thread -1
Loading resource: res://assets/overworld/terrain_masks/mask_vertical_edge_small_04.png remapped: res://assets/overworld/terrain_masks/mask_vertical_edge_small_04.png
Loading resource: res://.godot/imported/mask_vertical_edge_small_04.png-1607ba2fd4f203d5d2b7386d4c801884.ctex remapped: res://.godot/imported/mask_vertical_edge_small_04.png-1607ba2fd4f203d5d2b7386d4c801884.ctex
Completed load for: 'res://assets/overworld/terrain_masks/mask_vertical_edge_small_04.png' remapped 'res://assets/overworld/terrain_masks/mask_vertical_edge_small_04.png' at thread -1
Loading resource: res://assets/overworld/terrain_masks/mask_vertical_edge_small_04.png remapped: res://assets/overworld/terrain_masks/mask_vertical_edge_small_04.png
Loading resource: res://.godot/imported/mask_vertical_edge_small_04.png-1607ba2fd4f203d5d2b7386d4c801884.ctex remapped: res://.godot/imported/mask_vertical_edge_small_04.png-1607ba2fd4f203d5d2b7386d4c801884.ctex
Completed load for: 'res://assets/overworld/terrain_masks/mask_vertical_edge_small_04.png' remapped 'res://assets/overworld/terrain_masks/mask_vertical_edge_small_04.png' at thread -1
Loading resource: res://assets/overworld/terrain_masks/mask_vertical_edge_small_04.png remapped: res://assets/overworld/terrain_masks/mask_vertical_edge_small_04.png
Loading resource: res://.godot/imported/mask_vertical_edge_small_04.png-1607ba2fd4f203d5d2b7386d4c801884.ctex remapped: res://.godot/imported/mask_vertical_edge_small_04.png-1607ba2fd4f203d5d2b7386d4c801884.ctex
Completed load for: 'res://assets/overworld/terrain_masks/mask_vertical_edge_small_04.png' remapped 'res://assets/overworld/terrain_masks/mask_vertical_edge_small_04.png' at thread -1
Loading resource: res://assets/overworld/terrain_masks/mask_vertical_edge_small_04.png remapped: res://assets/overworld/terrain_masks/mask_vertical_edge_small_04.png
Loading resource: res://.godot/imported/mask_vertical_edge_small_04.png-1607ba2fd4f203d5d2b7386d4c801884.ctex remapped: res://.godot/imported/mask_vertical_edge_small_04.png-1607ba2fd4f203d5d2b7386d4c801884.ctex
Completed load for: 'res://assets/overworld/terrain_masks/mask_vertical_edge_small_04.png' remapped 'res://assets/overworld/terrain_masks/mask_vertical_edge_small_04.png' at thread -1
Loading resource: res://assets/overworld/terrain_masks/mask_vertical_edge_small_04.png remapped: res://assets/overworld/terrain_masks/mask_vertical_edge_small_04.png
Loading resource: res://.godot/imported/mask_vertical_edge_small_04.png-1607ba2fd4f203d5d2b7386d4c801884.ctex remapped: res://.godot/imported/mask_vertical_edge_small_04.png-1607ba2fd4f203d5d2b7386d4c801884.ctex
Completed load for: 'res://assets/overworld/terrain_masks/mask_vertical_edge_small_04.png' remapped 'res://assets/overworld/terrain_masks/mask_vertical_edge_small_04.png' at thread -1
Loading resource: res://assets/overworld/terrain_masks/mask_vertical_edge_small_00.png remapped: res://assets/overworld/terrain_masks/mask_vertical_edge_small_00.png
Loading resource: res://.godot/imported/mask_vertical_edge_small_00.png-0b73df9dc81033f0c6967b585d968555.ctex remapped: res://.godot/imported/mask_vertical_edge_small_00.png-0b73df9dc81033f0c6967b585d968555.ctex
Completed load for: 'res://assets/overworld/terrain_masks/mask_vertical_edge_small_00.png' remapped 'res://assets/overworld/terrain_masks/mask_vertical_edge_small_00.png' at thread -1
Loading resource: res://assets/overworld/terrain_masks/mask_vertical_edge_small_00.png remapped: res://assets/overworld/terrain_masks/mask_vertical_edge_small_00.png
Loading resource: res://.godot/imported/mask_vertical_edge_small_00.png-0b73df9dc81033f0c6967b585d968555.ctex remapped: res://.godot/imported/mask_vertical_edge_small_00.png-0b73df9dc81033f0c6967b585d968555.ctex
Completed load for: 'res://assets/overworld/terrain_masks/mask_vertical_edge_small_00.png' remapped 'res://assets/overworld/terrain_masks/mask_vertical_edge_small_00.png' at thread -1
Loading resource: res://assets/overworld/terrain_masks/mask_vertical_edge_small_00.png remapped: res://assets/overworld/terrain_masks/mask_vertical_edge_small_00.png
Loading resource: res://.godot/imported/mask_vertical_edge_small_00.png-0b73df9dc81033f0c6967b585d968555.ctex remapped: res://.godot/imported/mask_vertical_edge_small_00.png-0b73df9dc81033f0c6967b585d968555.ctex
Completed load for: 'res://assets/overworld/terrain_masks/mask_vertical_edge_small_00.png' remapped 'res://assets/overworld/terrain_masks/mask_vertical_edge_small_00.png' at thread -1
Loading resource: res://assets/overworld/terrain_masks/mask_vertical_edge_small_00.png remapped: res://assets/overworld/terrain_masks/mask_vertical_edge_small_00.png
Loading resource: res://.godot/imported/mask_vertical_edge_small_00.png-0b73df9dc81033f0c6967b585d968555.ctex remapped: res://.godot/imported/mask_vertical_edge_small_00.png-0b73df9dc81033f0c6967b585d968555.ctex
Completed load for: 'res://assets/overworld/terrain_masks/mask_vertical_edge_small_00.png' remapped 'res://assets/overworld/terrain_masks/mask_vertical_edge_small_00.png' at thread -1
Loading resource: res://assets/overworld/terrain_masks/mask_vertical_edge_small_00.png remapped: res://assets/overworld/terrain_masks/mask_vertical_edge_small_00.png
Loading resource: res://.godot/imported/mask_vertical_edge_small_00.png-0b73df9dc81033f0c6967b585d968555.ctex remapped: res://.godot/imported/mask_vertical_edge_small_00.png-0b73df9dc81033f0c6967b585d968555.ctex
Completed load for: 'res://assets/overworld/terrain_masks/mask_vertical_edge_small_00.png' remapped 'res://assets/overworld/terrain_masks/mask_vertical_edge_small_00.png' at thread -1
Loading resource: res://assets/overworld/terrain_masks/mask_vertical_edge_small_00.png remapped: res://assets/overworld/terrain_masks/mask_vertical_edge_small_00.png
Loading resource: res://.godot/imported/mask_vertical_edge_small_00.png-0b73df9dc81033f0c6967b585d968555.ctex remapped: res://.godot/imported/mask_vertical_edge_small_00.png-0b73df9dc81033f0c6967b585d968555.ctex
Completed load for: 'res://assets/overworld/terrain_masks/mask_vertical_edge_small_00.png' remapped 'res://assets/overworld/terrain_masks/mask_vertical_edge_small_00.png' at thread -1
Loading resource: res://assets/overworld/terrain_masks/mask_vertical_edge_small_00.png remapped: res://assets/overworld/terrain_masks/mask_vertical_edge_small_00.png
Loading resource: res://.godot/imported/mask_vertical_edge_small_00.png-0b73df9dc81033f0c6967b585d968555.ctex remapped: res://.godot/imported/mask_vertical_edge_small_00.png-0b73df9dc81033f0c6967b585d968555.ctex
Completed load for: 'res://assets/overworld/terrain_masks/mask_vertical_edge_small_00.png' remapped 'res://assets/overworld/terrain_masks/mask_vertical_edge_small_00.png' at thread -1
Loading resource: res://assets/overworld/terrain_masks/mask_vertical_edge_small_00.png remapped: res://assets/overworld/terrain_masks/mask_vertical_edge_small_00.png
Loading resource: res://.godot/imported/mask_vertical_edge_small_00.png-0b73df9dc81033f0c6967b585d968555.ctex remapped: res://.godot/imported/mask_vertical_edge_small_00.png-0b73df9dc81033f0c6967b585d968555.ctex
Completed load for: 'res://assets/overworld/terrain_masks/mask_vertical_edge_small_00.png' remapped 'res://assets/overworld/terrain_masks/mask_vertical_edge_small_00.png' at thread -1
Loading resource: res://assets/overworld/terrain_masks/mask_vertical_edge_small_00.png remapped: res://assets/overworld/terrain_masks/mask_vertical_edge_small_00.png
Loading resource: res://.godot/imported/mask_vertical_edge_small_00.png-0b73df9dc81033f0c6967b585d968555.ctex remapped: res://.godot/imported/mask_vertical_edge_small_00.png-0b73df9dc81033f0c6967b585d968555.ctex
Completed load for: 'res://assets/overworld/terrain_masks/mask_vertical_edge_small_00.png' remapped 'res://assets/overworld/terrain_masks/mask_vertical_edge_small_00.png' at thread -1
Loading resource: res://assets/overworld/terrain_masks/mask_vertical_edge_small_00.png remapped: res://assets/overworld/terrain_masks/mask_vertical_edge_small_00.png
Loading resource: res://.godot/imported/mask_vertical_edge_small_00.png-0b73df9dc81033f0c6967b585d968555.ctex remapped: res://.godot/imported/mask_vertical_edge_small_00.png-0b73df9dc81033f0c6967b585d968555.ctex
Completed load for: 'res://assets/overworld/terrain_masks/mask_vertical_edge_small_00.png' remapped 'res://assets/overworld/terrain_masks/mask_vertical_edge_small_00.png' at thread -1
Loading resource: res://assets/overworld/terrain_masks/mask_vertical_edge_small_02.png remapped: res://assets/overworld/terrain_masks/mask_vertical_edge_small_02.png
Loading resource: res://.godot/imported/mask_vertical_edge_small_02.png-9180eb89955eaa2ca72016667bc9a4f2.ctex remapped: res://.godot/imported/mask_vertical_edge_small_02.png-9180eb89955eaa2ca72016667bc9a4f2.ctex
Completed load for: 'res://assets/overworld/terrain_masks/mask_vertical_edge_small_02.png' remapped 'res://assets/overworld/terrain_masks/mask_vertical_edge_small_02.png' at thread -1
Loading resource: res://assets/overworld/terrain_masks/mask_vertical_edge_small_02.png remapped: res://assets/overworld/terrain_masks/mask_vertical_edge_small_02.png
Loading resource: res://.godot/imported/mask_vertical_edge_small_02.png-9180eb89955eaa2ca72016667bc9a4f2.ctex remapped: res://.godot/imported/mask_vertical_edge_small_02.png-9180eb89955eaa2ca72016667bc9a4f2.ctex
Completed load for: 'res://assets/overworld/terrain_masks/mask_vertical_edge_small_02.png' remapped 'res://assets/overworld/terrain_masks/mask_vertical_edge_small_02.png' at thread -1
Loading resource: res://assets/overworld/terrain_masks/mask_vertical_edge_small_02.png remapped: res://assets/overworld/terrain_masks/mask_vertical_edge_small_02.png
Loading resource: res://.godot/imported/mask_vertical_edge_small_02.png-9180eb89955eaa2ca72016667bc9a4f2.ctex remapped: res://.godot/imported/mask_vertical_edge_small_02.png-9180eb89955eaa2ca72016667bc9a4f2.ctex
Completed load for: 'res://assets/overworld/terrain_masks/mask_vertical_edge_small_02.png' remapped 'res://assets/overworld/terrain_masks/mask_vertical_edge_small_02.png' at thread -1
Loading resource: res://assets/overworld/terrain_masks/mask_vertical_edge_small_02.png remapped: res://assets/overworld/terrain_masks/mask_vertical_edge_small_02.png
Loading resource: res://.godot/imported/mask_vertical_edge_small_02.png-9180eb89955eaa2ca72016667bc9a4f2.ctex remapped: res://.godot/imported/mask_vertical_edge_small_02.png-9180eb89955eaa2ca72016667bc9a4f2.ctex
Completed load for: 'res://assets/overworld/terrain_masks/mask_vertical_edge_small_02.png' remapped 'res://assets/overworld/terrain_masks/mask_vertical_edge_small_02.png' at thread -1
Loading resource: res://assets/overworld/terrain_masks/mask_vertical_edge_small_02.png remapped: res://assets/overworld/terrain_masks/mask_vertical_edge_small_02.png
Loading resource: res://.godot/imported/mask_vertical_edge_small_02.png-9180eb89955eaa2ca72016667bc9a4f2.ctex remapped: res://.godot/imported/mask_vertical_edge_small_02.png-9180eb89955eaa2ca72016667bc9a4f2.ctex
Completed load for: 'res://assets/overworld/terrain_masks/mask_vertical_edge_small_02.png' remapped 'res://assets/overworld/terrain_masks/mask_vertical_edge_small_02.png' at thread -1
Loading resource: res://assets/overworld/terrain_masks/mask_vertical_edge_small_02.png remapped: res://assets/overworld/terrain_masks/mask_vertical_edge_small_02.png
Loading resource: res://.godot/imported/mask_vertical_edge_small_02.png-9180eb89955eaa2ca72016667bc9a4f2.ctex remapped: res://.godot/imported/mask_vertical_edge_small_02.png-9180eb89955eaa2ca72016667bc9a4f2.ctex
Completed load for: 'res://assets/overworld/terrain_masks/mask_vertical_edge_small_02.png' remapped 'res://assets/overworld/terrain_masks/mask_vertical_edge_small_02.png' at thread -1
Loading resource: res://assets/overworld/terrain_masks/mask_vertical_edge_small_02.png remapped: res://assets/overworld/terrain_masks/mask_vertical_edge_small_02.png
Loading resource: res://.godot/imported/mask_vertical_edge_small_02.png-9180eb89955eaa2ca72016667bc9a4f2.ctex remapped: res://.godot/imported/mask_vertical_edge_small_02.png-9180eb89955eaa2ca72016667bc9a4f2.ctex
Completed load for: 'res://assets/overworld/terrain_masks/mask_vertical_edge_small_02.png' remapped 'res://assets/overworld/terrain_masks/mask_vertical_edge_small_02.png' at thread -1
Loading resource: res://assets/overworld/terrain_masks/mask_vertical_edge_small_02.png remapped: res://assets/overworld/terrain_masks/mask_vertical_edge_small_02.png
Loading resource: res://.godot/imported/mask_vertical_edge_small_02.png-9180eb89955eaa2ca72016667bc9a4f2.ctex remapped: res://.godot/imported/mask_vertical_edge_small_02.png-9180eb89955eaa2ca72016667bc9a4f2.ctex
Completed load for: 'res://assets/overworld/terrain_masks/mask_vertical_edge_small_02.png' remapped 'res://assets/overworld/terrain_masks/mask_vertical_edge_small_02.png' at thread -1
Loading resource: res://assets/overworld/terrain_masks/mask_vertical_edge_small_01.png remapped: res://assets/overworld/terrain_masks/mask_vertical_edge_small_01.png
Loading resource: res://.godot/imported/mask_vertical_edge_small_01.png-ca781f158bc3ba2f46054307b17ca229.ctex remapped: res://.godot/imported/mask_vertical_edge_small_01.png-ca781f158bc3ba2f46054307b17ca229.ctex
Completed load for: 'res://assets/overworld/terrain_masks/mask_vertical_edge_small_01.png' remapped 'res://assets/overworld/terrain_masks/mask_vertical_edge_small_01.png' at thread -1
Loading resource: res://assets/overworld/terrain_masks/mask_vertical_edge_small_01.png remapped: res://assets/overworld/terrain_masks/mask_vertical_edge_small_01.png
Loading resource: res://.godot/imported/mask_vertical_edge_small_01.png-ca781f158bc3ba2f46054307b17ca229.ctex remapped: res://.godot/imported/mask_vertical_edge_small_01.png-ca781f158bc3ba2f46054307b17ca229.ctex
Completed load for: 'res://assets/overworld/terrain_masks/mask_vertical_edge_small_01.png' remapped 'res://assets/overworld/terrain_masks/mask_vertical_edge_small_01.png' at thread -1
Loading resource: res://assets/overworld/terrain_masks/mask_vertical_edge_small_01.png remapped: res://assets/overworld/terrain_masks/mask_vertical_edge_small_01.png
Loading resource: res://.godot/imported/mask_vertical_edge_small_01.png-ca781f158bc3ba2f46054307b17ca229.ctex remapped: res://.godot/imported/mask_vertical_edge_small_01.png-ca781f158bc3ba2f46054307b17ca229.ctex
Completed load for: 'res://assets/overworld/terrain_masks/mask_vertical_edge_small_01.png' remapped 'res://assets/overworld/terrain_masks/mask_vertical_edge_small_01.png' at thread -1
Loading resource: res://assets/overworld/terrain_masks/mask_vertical_edge_small_01.png remapped: res://assets/overworld/terrain_masks/mask_vertical_edge_small_01.png
Loading resource: res://.godot/imported/mask_vertical_edge_small_01.png-ca781f158bc3ba2f46054307b17ca229.ctex remapped: res://.godot/imported/mask_vertical_edge_small_01.png-ca781f158bc3ba2f46054307b17ca229.ctex
Completed load for: 'res://assets/overworld/terrain_masks/mask_vertical_edge_small_01.png' remapped 'res://assets/overworld/terrain_masks/mask_vertical_edge_small_01.png' at thread -1
Loading resource: res://assets/overworld/terrain_masks/mask_vertical_edge_small_01.png remapped: res://assets/overworld/terrain_masks/mask_vertical_edge_small_01.png
Loading resource: res://.godot/imported/mask_vertical_edge_small_01.png-ca781f158bc3ba2f46054307b17ca229.ctex remapped: res://.godot/imported/mask_vertical_edge_small_01.png-ca781f158bc3ba2f46054307b17ca229.ctex
Completed load for: 'res://assets/overworld/terrain_masks/mask_vertical_edge_small_01.png' remapped 'res://assets/overworld/terrain_masks/mask_vertical_edge_small_01.png' at thread -1
Loading resource: res://assets/overworld/terrain_masks/mask_vertical_edge_small_01.png remapped: res://assets/overworld/terrain_masks/mask_vertical_edge_small_01.png
Loading resource: res://.godot/imported/mask_vertical_edge_small_01.png-ca781f158bc3ba2f46054307b17ca229.ctex remapped: res://.godot/imported/mask_vertical_edge_small_01.png-ca781f158bc3ba2f46054307b17ca229.ctex
Completed load for: 'res://assets/overworld/terrain_masks/mask_vertical_edge_small_01.png' remapped 'res://assets/overworld/terrain_masks/mask_vertical_edge_small_01.png' at thread -1
Loading resource: res://assets/overworld/terrain_masks/mask_vertical_edge_small_01.png remapped: res://assets/overworld/terrain_masks/mask_vertical_edge_small_01.png
Loading resource: res://.godot/imported/mask_vertical_edge_small_01.png-ca781f158bc3ba2f46054307b17ca229.ctex remapped: res://.godot/imported/mask_vertical_edge_small_01.png-ca781f158bc3ba2f46054307b17ca229.ctex
Completed load for: 'res://assets/overworld/terrain_masks/mask_vertical_edge_small_01.png' remapped 'res://assets/overworld/terrain_masks/mask_vertical_edge_small_01.png' at thread -1
Loading resource: res://assets/overworld/terrain_masks/mask_vertical_edge_small_01.png remapped: res://assets/overworld/terrain_masks/mask_vertical_edge_small_01.png
Loading resource: res://.godot/imported/mask_vertical_edge_small_01.png-ca781f158bc3ba2f46054307b17ca229.ctex remapped: res://.godot/imported/mask_vertical_edge_small_01.png-ca781f158bc3ba2f46054307b17ca229.ctex
Completed load for: 'res://assets/overworld/terrain_masks/mask_vertical_edge_small_01.png' remapped 'res://assets/overworld/terrain_masks/mask_vertical_edge_small_01.png' at thread -1
Loading resource: res://assets/overworld/terrain_masks/mask_corner_a_dominant_03.png remapped: res://assets/overworld/terrain_masks/mask_corner_a_dominant_03.png
Loading resource: res://.godot/imported/mask_corner_a_dominant_03.png-c913f9e2fd4863fc5fbbfdae23700e86.ctex remapped: res://.godot/imported/mask_corner_a_dominant_03.png-c913f9e2fd4863fc5fbbfdae23700e86.ctex
Completed load for: 'res://assets/overworld/terrain_masks/mask_corner_a_dominant_03.png' remapped 'res://assets/overworld/terrain_masks/mask_corner_a_dominant_03.png' at thread -1
Loading resource: res://assets/overworld/terrain_masks/mask_corner_a_dominant_03.png remapped: res://assets/overworld/terrain_masks/mask_corner_a_dominant_03.png
Loading resource: res://.godot/imported/mask_corner_a_dominant_03.png-c913f9e2fd4863fc5fbbfdae23700e86.ctex remapped: res://.godot/imported/mask_corner_a_dominant_03.png-c913f9e2fd4863fc5fbbfdae23700e86.ctex
Completed load for: 'res://assets/overworld/terrain_masks/mask_corner_a_dominant_03.png' remapped 'res://assets/overworld/terrain_masks/mask_corner_a_dominant_03.png' at thread -1
Loading resource: res://assets/overworld/terrain_masks/mask_corner_a_dominant_03.png remapped: res://assets/overworld/terrain_masks/mask_corner_a_dominant_03.png
Loading resource: res://.godot/imported/mask_corner_a_dominant_03.png-c913f9e2fd4863fc5fbbfdae23700e86.ctex remapped: res://.godot/imported/mask_corner_a_dominant_03.png-c913f9e2fd4863fc5fbbfdae23700e86.ctex
Completed load for: 'res://assets/overworld/terrain_masks/mask_corner_a_dominant_03.png' remapped 'res://assets/overworld/terrain_masks/mask_corner_a_dominant_03.png' at thread -1
Loading resource: res://assets/overworld/terrain_masks/mask_corner_a_dominant_03.png remapped: res://assets/overworld/terrain_masks/mask_corner_a_dominant_03.png
Loading resource: res://.godot/imported/mask_corner_a_dominant_03.png-c913f9e2fd4863fc5fbbfdae23700e86.ctex remapped: res://.godot/imported/mask_corner_a_dominant_03.png-c913f9e2fd4863fc5fbbfdae23700e86.ctex
Completed load for: 'res://assets/overworld/terrain_masks/mask_corner_a_dominant_03.png' remapped 'res://assets/overworld/terrain_masks/mask_corner_a_dominant_03.png' at thread -1
Loading resource: res://assets/overworld/terrain_masks/mask_corner_a_dominant_03.png remapped: res://assets/overworld/terrain_masks/mask_corner_a_dominant_03.png
Loading resource: res://.godot/imported/mask_corner_a_dominant_03.png-c913f9e2fd4863fc5fbbfdae23700e86.ctex remapped: res://.godot/imported/mask_corner_a_dominant_03.png-c913f9e2fd4863fc5fbbfdae23700e86.ctex
Completed load for: 'res://assets/overworld/terrain_masks/mask_corner_a_dominant_03.png' remapped 'res://assets/overworld/terrain_masks/mask_corner_a_dominant_03.png' at thread -1
Loading resource: res://assets/overworld/terrain_masks/mask_corner_a_dominant_03.png remapped: res://assets/overworld/terrain_masks/mask_corner_a_dominant_03.png
Loading resource: res://.godot/imported/mask_corner_a_dominant_03.png-c913f9e2fd4863fc5fbbfdae23700e86.ctex remapped: res://.godot/imported/mask_corner_a_dominant_03.png-c913f9e2fd4863fc5fbbfdae23700e86.ctex
Completed load for: 'res://assets/overworld/terrain_masks/mask_corner_a_dominant_03.png' remapped 'res://assets/overworld/terrain_masks/mask_corner_a_dominant_03.png' at thread -1
Loading resource: res://assets/overworld/terrain_masks/mask_corner_a_dominant_03.png remapped: res://assets/overworld/terrain_masks/mask_corner_a_dominant_03.png
Loading resource: res://.godot/imported/mask_corner_a_dominant_03.png-c913f9e2fd4863fc5fbbfdae23700e86.ctex remapped: res://.godot/imported/mask_corner_a_dominant_03.png-c913f9e2fd4863fc5fbbfdae23700e86.ctex
Completed load for: 'res://assets/overworld/terrain_masks/mask_corner_a_dominant_03.png' remapped 'res://assets/overworld/terrain_masks/mask_corner_a_dominant_03.png' at thread -1
Loading resource: res://assets/overworld/terrain_masks/mask_corner_a_dominant_03.png remapped: res://assets/overworld/terrain_masks/mask_corner_a_dominant_03.png
Loading resource: res://.godot/imported/mask_corner_a_dominant_03.png-c913f9e2fd4863fc5fbbfdae23700e86.ctex remapped: res://.godot/imported/mask_corner_a_dominant_03.png-c913f9e2fd4863fc5fbbfdae23700e86.ctex
Completed load for: 'res://assets/overworld/terrain_masks/mask_corner_a_dominant_03.png' remapped 'res://assets/overworld/terrain_masks/mask_corner_a_dominant_03.png' at thread -1
Loading resource: res://assets/overworld/terrain_masks/mask_horizontal_edge_small_03.png remapped: res://assets/overworld/terrain_masks/mask_horizontal_edge_small_03.png
Loading resource: res://.godot/imported/mask_horizontal_edge_small_03.png-2d3a294dad3e365ea5b1d80f8273cb53.ctex remapped: res://.godot/imported/mask_horizontal_edge_small_03.png-2d3a294dad3e365ea5b1d80f8273cb53.ctex
Completed load for: 'res://assets/overworld/terrain_masks/mask_horizontal_edge_small_03.png' remapped 'res://assets/overworld/terrain_masks/mask_horizontal_edge_small_03.png' at thread -1
Loading resource: res://assets/overworld/terrain_masks/mask_horizontal_edge_small_03.png remapped: res://assets/overworld/terrain_masks/mask_horizontal_edge_small_03.png
Loading resource: res://.godot/imported/mask_horizontal_edge_small_03.png-2d3a294dad3e365ea5b1d80f8273cb53.ctex remapped: res://.godot/imported/mask_horizontal_edge_small_03.png-2d3a294dad3e365ea5b1d80f8273cb53.ctex
Completed load for: 'res://assets/overworld/terrain_masks/mask_horizontal_edge_small_03.png' remapped 'res://assets/overworld/terrain_masks/mask_horizontal_edge_small_03.png' at thread -1
Loading resource: res://assets/overworld/terrain_masks/mask_horizontal_edge_small_03.png remapped: res://assets/overworld/terrain_masks/mask_horizontal_edge_small_03.png
Loading resource: res://.godot/imported/mask_horizontal_edge_small_03.png-2d3a294dad3e365ea5b1d80f8273cb53.ctex remapped: res://.godot/imported/mask_horizontal_edge_small_03.png-2d3a294dad3e365ea5b1d80f8273cb53.ctex
Completed load for: 'res://assets/overworld/terrain_masks/mask_horizontal_edge_small_03.png' remapped 'res://assets/overworld/terrain_masks/mask_horizontal_edge_small_03.png' at thread -1
Loading resource: res://assets/overworld/terrain_masks/mask_horizontal_edge_small_03.png remapped: res://assets/overworld/terrain_masks/mask_horizontal_edge_small_03.png
Loading resource: res://.godot/imported/mask_horizontal_edge_small_03.png-2d3a294dad3e365ea5b1d80f8273cb53.ctex remapped: res://.godot/imported/mask_horizontal_edge_small_03.png-2d3a294dad3e365ea5b1d80f8273cb53.ctex
Completed load for: 'res://assets/overworld/terrain_masks/mask_horizontal_edge_small_03.png' remapped 'res://assets/overworld/terrain_masks/mask_horizontal_edge_small_03.png' at thread -1
Loading resource: res://assets/overworld/terrain_masks/mask_horizontal_edge_small_03.png remapped: res://assets/overworld/terrain_masks/mask_horizontal_edge_small_03.png
Loading resource: res://.godot/imported/mask_horizontal_edge_small_03.png-2d3a294dad3e365ea5b1d80f8273cb53.ctex remapped: res://.godot/imported/mask_horizontal_edge_small_03.png-2d3a294dad3e365ea5b1d80f8273cb53.ctex
Completed load for: 'res://assets/overworld/terrain_masks/mask_horizontal_edge_small_03.png' remapped 'res://assets/overworld/terrain_masks/mask_horizontal_edge_small_03.png' at thread -1
Loading resource: res://assets/overworld/terrain_masks/mask_horizontal_edge_small_03.png remapped: res://assets/overworld/terrain_masks/mask_horizontal_edge_small_03.png
Loading resource: res://.godot/imported/mask_horizontal_edge_small_03.png-2d3a294dad3e365ea5b1d80f8273cb53.ctex remapped: res://.godot/imported/mask_horizontal_edge_small_03.png-2d3a294dad3e365ea5b1d80f8273cb53.ctex
Completed load for: 'res://assets/overworld/terrain_masks/mask_horizontal_edge_small_03.png' remapped 'res://assets/overworld/terrain_masks/mask_horizontal_edge_small_03.png' at thread -1
Loading resource: res://assets/overworld/terrain_masks/mask_horizontal_edge_small_03.png remapped: res://assets/overworld/terrain_masks/mask_horizontal_edge_small_03.png
Loading resource: res://.godot/imported/mask_horizontal_edge_small_03.png-2d3a294dad3e365ea5b1d80f8273cb53.ctex remapped: res://.godot/imported/mask_horizontal_edge_small_03.png-2d3a294dad3e365ea5b1d80f8273cb53.ctex
Completed load for: 'res://assets/overworld/terrain_masks/mask_horizontal_edge_small_03.png' remapped 'res://assets/overworld/terrain_masks/mask_horizontal_edge_small_03.png' at thread -1
Loading resource: res://assets/overworld/terrain_masks/mask_horizontal_edge_small_03.png remapped: res://assets/overworld/terrain_masks/mask_horizontal_edge_small_03.png
Loading resource: res://.godot/imported/mask_horizontal_edge_small_03.png-2d3a294dad3e365ea5b1d80f8273cb53.ctex remapped: res://.godot/imported/mask_horizontal_edge_small_03.png-2d3a294dad3e365ea5b1d80f8273cb53.ctex
Completed load for: 'res://assets/overworld/terrain_masks/mask_horizontal_edge_small_03.png' remapped 'res://assets/overworld/terrain_masks/mask_horizontal_edge_small_03.png' at thread -1
Loading resource: res://assets/overworld/terrain_masks/mask_horizontal_edge_small_01.png remapped: res://assets/overworld/terrain_masks/mask_horizontal_edge_small_01.png
Loading resource: res://.godot/imported/mask_horizontal_edge_small_01.png-925c7a67195149bb83a41d96227ef297.ctex remapped: res://.godot/imported/mask_horizontal_edge_small_01.png-925c7a67195149bb83a41d96227ef297.ctex
Completed load for: 'res://assets/overworld/terrain_masks/mask_horizontal_edge_small_01.png' remapped 'res://assets/overworld/terrain_masks/mask_horizontal_edge_small_01.png' at thread -1
Loading resource: res://assets/overworld/terrain_masks/mask_horizontal_edge_small_01.png remapped: res://assets/overworld/terrain_masks/mask_horizontal_edge_small_01.png
Loading resource: res://.godot/imported/mask_horizontal_edge_small_01.png-925c7a67195149bb83a41d96227ef297.ctex remapped: res://.godot/imported/mask_horizontal_edge_small_01.png-925c7a67195149bb83a41d96227ef297.ctex
Completed load for: 'res://assets/overworld/terrain_masks/mask_horizontal_edge_small_01.png' remapped 'res://assets/overworld/terrain_masks/mask_horizontal_edge_small_01.png' at thread -1
Loading resource: res://assets/overworld/terrain_masks/mask_horizontal_edge_small_01.png remapped: res://assets/overworld/terrain_masks/mask_horizontal_edge_small_01.png
Loading resource: res://.godot/imported/mask_horizontal_edge_small_01.png-925c7a67195149bb83a41d96227ef297.ctex remapped: res://.godot/imported/mask_horizontal_edge_small_01.png-925c7a67195149bb83a41d96227ef297.ctex
Completed load for: 'res://assets/overworld/terrain_masks/mask_horizontal_edge_small_01.png' remapped 'res://assets/overworld/terrain_masks/mask_horizontal_edge_small_01.png' at thread -1
Loading resource: res://assets/overworld/terrain_masks/mask_horizontal_edge_small_01.png remapped: res://assets/overworld/terrain_masks/mask_horizontal_edge_small_01.png
Loading resource: res://.godot/imported/mask_horizontal_edge_small_01.png-925c7a67195149bb83a41d96227ef297.ctex remapped: res://.godot/imported/mask_horizontal_edge_small_01.png-925c7a67195149bb83a41d96227ef297.ctex
Completed load for: 'res://assets/overworld/terrain_masks/mask_horizontal_edge_small_01.png' remapped 'res://assets/overworld/terrain_masks/mask_horizontal_edge_small_01.png' at thread -1
Loading resource: res://assets/overworld/terrain_masks/mask_horizontal_edge_small_01.png remapped: res://assets/overworld/terrain_masks/mask_horizontal_edge_small_01.png
Loading resource: res://.godot/imported/mask_horizontal_edge_small_01.png-925c7a67195149bb83a41d96227ef297.ctex remapped: res://.godot/imported/mask_horizontal_edge_small_01.png-925c7a67195149bb83a41d96227ef297.ctex
Completed load for: 'res://assets/overworld/terrain_masks/mask_horizontal_edge_small_01.png' remapped 'res://assets/overworld/terrain_masks/mask_horizontal_edge_small_01.png' at thread -1
Loading resource: res://assets/overworld/terrain_masks/mask_horizontal_edge_small_01.png remapped: res://assets/overworld/terrain_masks/mask_horizontal_edge_small_01.png
Loading resource: res://.godot/imported/mask_horizontal_edge_small_01.png-925c7a67195149bb83a41d96227ef297.ctex remapped: res://.godot/imported/mask_horizontal_edge_small_01.png-925c7a67195149bb83a41d96227ef297.ctex
Completed load for: 'res://assets/overworld/terrain_masks/mask_horizontal_edge_small_01.png' remapped 'res://assets/overworld/terrain_masks/mask_horizontal_edge_small_01.png' at thread -1
Loading resource: res://assets/overworld/terrain_masks/mask_horizontal_edge_small_01.png remapped: res://assets/overworld/terrain_masks/mask_horizontal_edge_small_01.png
Loading resource: res://.godot/imported/mask_horizontal_edge_small_01.png-925c7a67195149bb83a41d96227ef297.ctex remapped: res://.godot/imported/mask_horizontal_edge_small_01.png-925c7a67195149bb83a41d96227ef297.ctex
Completed load for: 'res://assets/overworld/terrain_masks/mask_horizontal_edge_small_01.png' remapped 'res://assets/overworld/terrain_masks/mask_horizontal_edge_small_01.png' at thread -1
Loading resource: res://assets/overworld/terrain_masks/mask_horizontal_edge_small_01.png remapped: res://assets/overworld/terrain_masks/mask_horizontal_edge_small_01.png
Loading resource: res://.godot/imported/mask_horizontal_edge_small_01.png-925c7a67195149bb83a41d96227ef297.ctex remapped: res://.godot/imported/mask_horizontal_edge_small_01.png-925c7a67195149bb83a41d96227ef297.ctex
Completed load for: 'res://assets/overworld/terrain_masks/mask_horizontal_edge_small_01.png' remapped 'res://assets/overworld/terrain_masks/mask_horizontal_edge_small_01.png' at thread -1
Loading resource: res://assets/overworld/terrain_masks/mask_corner_a_dominant_01.png remapped: res://assets/overworld/terrain_masks/mask_corner_a_dominant_01.png
Loading resource: res://.godot/imported/mask_corner_a_dominant_01.png-53ee1f73631e43ff8444faeb79c34332.ctex remapped: res://.godot/imported/mask_corner_a_dominant_01.png-53ee1f73631e43ff8444faeb79c34332.ctex
Completed load for: 'res://assets/overworld/terrain_masks/mask_corner_a_dominant_01.png' remapped 'res://assets/overworld/terrain_masks/mask_corner_a_dominant_01.png' at thread -1
Loading resource: res://assets/overworld/terrain_masks/mask_corner_a_dominant_01.png remapped: res://assets/overworld/terrain_masks/mask_corner_a_dominant_01.png
Loading resource: res://.godot/imported/mask_corner_a_dominant_01.png-53ee1f73631e43ff8444faeb79c34332.ctex remapped: res://.godot/imported/mask_corner_a_dominant_01.png-53ee1f73631e43ff8444faeb79c34332.ctex
Completed load for: 'res://assets/overworld/terrain_masks/mask_corner_a_dominant_01.png' remapped 'res://assets/overworld/terrain_masks/mask_corner_a_dominant_01.png' at thread -1
Loading resource: res://assets/overworld/terrain_masks/mask_vertical_edge_small_00.png remapped: res://assets/overworld/terrain_masks/mask_vertical_edge_small_00.png
Loading resource: res://.godot/imported/mask_vertical_edge_small_00.png-0b73df9dc81033f0c6967b585d968555.ctex remapped: res://.godot/imported/mask_vertical_edge_small_00.png-0b73df9dc81033f0c6967b585d968555.ctex
Completed load for: 'res://assets/overworld/terrain_masks/mask_vertical_edge_small_00.png' remapped 'res://assets/overworld/terrain_masks/mask_vertical_edge_small_00.png' at thread -1
Loading resource: res://assets/overworld/terrain_masks/mask_vertical_edge_small_00.png remapped: res://assets/overworld/terrain_masks/mask_vertical_edge_small_00.png
Loading resource: res://.godot/imported/mask_vertical_edge_small_00.png-0b73df9dc81033f0c6967b585d968555.ctex remapped: res://.godot/imported/mask_vertical_edge_small_00.png-0b73df9dc81033f0c6967b585d968555.ctex
Completed load for: 'res://assets/overworld/terrain_masks/mask_vertical_edge_small_00.png' remapped 'res://assets/overworld/terrain_masks/mask_vertical_edge_small_00.png' at thread -1
Loading resource: res://assets/overworld/terrain_masks/mask_corner_a_dominant_01.png remapped: res://assets/overworld/terrain_masks/mask_corner_a_dominant_01.png
Loading resource: res://.godot/imported/mask_corner_a_dominant_01.png-53ee1f73631e43ff8444faeb79c34332.ctex remapped: res://.godot/imported/mask_corner_a_dominant_01.png-53ee1f73631e43ff8444faeb79c34332.ctex
Completed load for: 'res://assets/overworld/terrain_masks/mask_corner_a_dominant_01.png' remapped 'res://assets/overworld/terrain_masks/mask_corner_a_dominant_01.png' at thread -1
Loading resource: res://assets/overworld/terrain_masks/mask_corner_a_dominant_01.png remapped: res://assets/overworld/terrain_masks/mask_corner_a_dominant_01.png
Loading resource: res://.godot/imported/mask_corner_a_dominant_01.png-53ee1f73631e43ff8444faeb79c34332.ctex remapped: res://.godot/imported/mask_corner_a_dominant_01.png-53ee1f73631e43ff8444faeb79c34332.ctex
Completed load for: 'res://assets/overworld/terrain_masks/mask_corner_a_dominant_01.png' remapped 'res://assets/overworld/terrain_masks/mask_corner_a_dominant_01.png' at thread -1
Loading resource: res://assets/overworld/terrain_masks/mask_vertical_edge_small_00.png remapped: res://assets/overworld/terrain_masks/mask_vertical_edge_small_00.png
Loading resource: res://.godot/imported/mask_vertical_edge_small_00.png-0b73df9dc81033f0c6967b585d968555.ctex remapped: res://.godot/imported/mask_vertical_edge_small_00.png-0b73df9dc81033f0c6967b585d968555.ctex
Completed load for: 'res://assets/overworld/terrain_masks/mask_vertical_edge_small_00.png' remapped 'res://assets/overworld/terrain_masks/mask_vertical_edge_small_00.png' at thread -1
Loading resource: res://assets/overworld/terrain_masks/mask_vertical_edge_small_00.png remapped: res://assets/overworld/terrain_masks/mask_vertical_edge_small_00.png
Loading resource: res://.godot/imported/mask_vertical_edge_small_00.png-0b73df9dc81033f0c6967b585d968555.ctex remapped: res://.godot/imported/mask_vertical_edge_small_00.png-0b73df9dc81033f0c6967b585d968555.ctex
Completed load for: 'res://assets/overworld/terrain_masks/mask_vertical_edge_small_00.png' remapped 'res://assets/overworld/terrain_masks/mask_vertical_edge_small_00.png' at thread -1
Loading resource: res://assets/overworld/terrain_masks/mask_corner_a_dominant_01.png remapped: res://assets/overworld/terrain_masks/mask_corner_a_dominant_01.png
Loading resource: res://.godot/imported/mask_corner_a_dominant_01.png-53ee1f73631e43ff8444faeb79c34332.ctex remapped: res://.godot/imported/mask_corner_a_dominant_01.png-53ee1f73631e43ff8444faeb79c34332.ctex
Completed load for: 'res://assets/overworld/terrain_masks/mask_corner_a_dominant_01.png' remapped 'res://assets/overworld/terrain_masks/mask_corner_a_dominant_01.png' at thread -1
Loading resource: res://assets/overworld/terrain_masks/mask_corner_a_dominant_01.png remapped: res://assets/overworld/terrain_masks/mask_corner_a_dominant_01.png
Loading resource: res://.godot/imported/mask_corner_a_dominant_01.png-53ee1f73631e43ff8444faeb79c34332.ctex remapped: res://.godot/imported/mask_corner_a_dominant_01.png-53ee1f73631e43ff8444faeb79c34332.ctex
Completed load for: 'res://assets/overworld/terrain_masks/mask_corner_a_dominant_01.png' remapped 'res://assets/overworld/terrain_masks/mask_corner_a_dominant_01.png' at thread -1
Loading resource: res://assets/overworld/terrain_masks/mask_vertical_edge_small_00.png remapped: res://assets/overworld/terrain_masks/mask_vertical_edge_small_00.png
Loading resource: res://.godot/imported/mask_vertical_edge_small_00.png-0b73df9dc81033f0c6967b585d968555.ctex remapped: res://.godot/imported/mask_vertical_edge_small_00.png-0b73df9dc81033f0c6967b585d968555.ctex
Completed load for: 'res://assets/overworld/terrain_masks/mask_vertical_edge_small_00.png' remapped 'res://assets/overworld/terrain_masks/mask_vertical_edge_small_00.png' at thread -1
Loading resource: res://assets/overworld/terrain_masks/mask_vertical_edge_small_00.png remapped: res://assets/overworld/terrain_masks/mask_vertical_edge_small_00.png
Loading resource: res://.godot/imported/mask_vertical_edge_small_00.png-0b73df9dc81033f0c6967b585d968555.ctex remapped: res://.godot/imported/mask_vertical_edge_small_00.png-0b73df9dc81033f0c6967b585d968555.ctex
Completed load for: 'res://assets/overworld/terrain_masks/mask_vertical_edge_small_00.png' remapped 'res://assets/overworld/terrain_masks/mask_vertical_edge_small_00.png' at thread -1
Loading resource: res://assets/overworld/terrain_masks/mask_corner_a_dominant_01.png remapped: res://assets/overworld/terrain_masks/mask_corner_a_dominant_01.png
Loading resource: res://.godot/imported/mask_corner_a_dominant_01.png-53ee1f73631e43ff8444faeb79c34332.ctex remapped: res://.godot/imported/mask_corner_a_dominant_01.png-53ee1f73631e43ff8444faeb79c34332.ctex
Completed load for: 'res://assets/overworld/terrain_masks/mask_corner_a_dominant_01.png' remapped 'res://assets/overworld/terrain_masks/mask_corner_a_dominant_01.png' at thread -1
Loading resource: res://assets/overworld/terrain_masks/mask_corner_a_dominant_01.png remapped: res://assets/overworld/terrain_masks/mask_corner_a_dominant_01.png
Loading resource: res://.godot/imported/mask_corner_a_dominant_01.png-53ee1f73631e43ff8444faeb79c34332.ctex remapped: res://.godot/imported/mask_corner_a_dominant_01.png-53ee1f73631e43ff8444faeb79c34332.ctex
Completed load for: 'res://assets/overworld/terrain_masks/mask_corner_a_dominant_01.png' remapped 'res://assets/overworld/terrain_masks/mask_corner_a_dominant_01.png' at thread -1
Loading resource: res://assets/overworld/terrain_masks/mask_vertical_edge_small_00.png remapped: res://assets/overworld/terrain_masks/mask_vertical_edge_small_00.png
Loading resource: res://.godot/imported/mask_vertical_edge_small_00.png-0b73df9dc81033f0c6967b585d968555.ctex remapped: res://.godot/imported/mask_vertical_edge_small_00.png-0b73df9dc81033f0c6967b585d968555.ctex
Completed load for: 'res://assets/overworld/terrain_masks/mask_vertical_edge_small_00.png' remapped 'res://assets/overworld/terrain_masks/mask_vertical_edge_small_00.png' at thread -1
Loading resource: res://assets/overworld/terrain_masks/mask_vertical_edge_small_00.png remapped: res://assets/overworld/terrain_masks/mask_vertical_edge_small_00.png
Loading resource: res://.godot/imported/mask_vertical_edge_small_00.png-0b73df9dc81033f0c6967b585d968555.ctex remapped: res://.godot/imported/mask_vertical_edge_small_00.png-0b73df9dc81033f0c6967b585d968555.ctex
Completed load for: 'res://assets/overworld/terrain_masks/mask_vertical_edge_small_00.png' remapped 'res://assets/overworld/terrain_masks/mask_vertical_edge_small_00.png' at thread -1
Loading resource: res://assets/overworld/terrain_masks/mask_vertical_edge_small_03.png remapped: res://assets/overworld/terrain_masks/mask_vertical_edge_small_03.png
Loading resource: res://.godot/imported/mask_vertical_edge_small_03.png-292b023af94446e5b4bcd26a88e46bb2.ctex remapped: res://.godot/imported/mask_vertical_edge_small_03.png-292b023af94446e5b4bcd26a88e46bb2.ctex
Completed load for: 'res://assets/overworld/terrain_masks/mask_vertical_edge_small_03.png' remapped 'res://assets/overworld/terrain_masks/mask_vertical_edge_small_03.png' at thread -1
Loading resource: res://assets/overworld/terrain_masks/mask_vertical_edge_small_03.png remapped: res://assets/overworld/terrain_masks/mask_vertical_edge_small_03.png
Loading resource: res://.godot/imported/mask_vertical_edge_small_03.png-292b023af94446e5b4bcd26a88e46bb2.ctex remapped: res://.godot/imported/mask_vertical_edge_small_03.png-292b023af94446e5b4bcd26a88e46bb2.ctex
Completed load for: 'res://assets/overworld/terrain_masks/mask_vertical_edge_small_03.png' remapped 'res://assets/overworld/terrain_masks/mask_vertical_edge_small_03.png' at thread -1
Loading resource: res://assets/overworld/terrain_masks/mask_vertical_edge_small_03.png remapped: res://assets/overworld/terrain_masks/mask_vertical_edge_small_03.png
Loading resource: res://.godot/imported/mask_vertical_edge_small_03.png-292b023af94446e5b4bcd26a88e46bb2.ctex remapped: res://.godot/imported/mask_vertical_edge_small_03.png-292b023af94446e5b4bcd26a88e46bb2.ctex
Completed load for: 'res://assets/overworld/terrain_masks/mask_vertical_edge_small_03.png' remapped 'res://assets/overworld/terrain_masks/mask_vertical_edge_small_03.png' at thread -1
Loading resource: res://assets/overworld/terrain_masks/mask_vertical_edge_small_03.png remapped: res://assets/overworld/terrain_masks/mask_vertical_edge_small_03.png
Loading resource: res://.godot/imported/mask_vertical_edge_small_03.png-292b023af94446e5b4bcd26a88e46bb2.ctex remapped: res://.godot/imported/mask_vertical_edge_small_03.png-292b023af94446e5b4bcd26a88e46bb2.ctex
Completed load for: 'res://assets/overworld/terrain_masks/mask_vertical_edge_small_03.png' remapped 'res://assets/overworld/terrain_masks/mask_vertical_edge_small_03.png' at thread -1
Loading resource: res://assets/overworld/terrain_masks/mask_vertical_edge_small_03.png remapped: res://assets/overworld/terrain_masks/mask_vertical_edge_small_03.png
Loading resource: res://.godot/imported/mask_vertical_edge_small_03.png-292b023af94446e5b4bcd26a88e46bb2.ctex remapped: res://.godot/imported/mask_vertical_edge_small_03.png-292b023af94446e5b4bcd26a88e46bb2.ctex
Completed load for: 'res://assets/overworld/terrain_masks/mask_vertical_edge_small_03.png' remapped 'res://assets/overworld/terrain_masks/mask_vertical_edge_small_03.png' at thread -1
Loading resource: res://assets/overworld/terrain_masks/mask_vertical_edge_small_03.png remapped: res://assets/overworld/terrain_masks/mask_vertical_edge_small_03.png
Loading resource: res://.godot/imported/mask_vertical_edge_small_03.png-292b023af94446e5b4bcd26a88e46bb2.ctex remapped: res://.godot/imported/mask_vertical_edge_small_03.png-292b023af94446e5b4bcd26a88e46bb2.ctex
Completed load for: 'res://assets/overworld/terrain_masks/mask_vertical_edge_small_03.png' remapped 'res://assets/overworld/terrain_masks/mask_vertical_edge_small_03.png' at thread -1
Loading resource: res://assets/overworld/terrain_masks/mask_vertical_edge_small_03.png remapped: res://assets/overworld/terrain_masks/mask_vertical_edge_small_03.png
Loading resource: res://.godot/imported/mask_vertical_edge_small_03.png-292b023af94446e5b4bcd26a88e46bb2.ctex remapped: res://.godot/imported/mask_vertical_edge_small_03.png-292b023af94446e5b4bcd26a88e46bb2.ctex
Completed load for: 'res://assets/overworld/terrain_masks/mask_vertical_edge_small_03.png' remapped 'res://assets/overworld/terrain_masks/mask_vertical_edge_small_03.png' at thread -1
Loading resource: res://assets/overworld/terrain_masks/mask_vertical_edge_small_03.png remapped: res://assets/overworld/terrain_masks/mask_vertical_edge_small_03.png
Loading resource: res://.godot/imported/mask_vertical_edge_small_03.png-292b023af94446e5b4bcd26a88e46bb2.ctex remapped: res://.godot/imported/mask_vertical_edge_small_03.png-292b023af94446e5b4bcd26a88e46bb2.ctex
Completed load for: 'res://assets/overworld/terrain_masks/mask_vertical_edge_small_03.png' remapped 'res://assets/overworld/terrain_masks/mask_vertical_edge_small_03.png' at thread -1
Loading resource: res://assets/overworld/terrain_masks/mask_vertical_edge_small_03.png remapped: res://assets/overworld/terrain_masks/mask_vertical_edge_small_03.png
Loading resource: res://.godot/imported/mask_vertical_edge_small_03.png-292b023af94446e5b4bcd26a88e46bb2.ctex remapped: res://.godot/imported/mask_vertical_edge_small_03.png-292b023af94446e5b4bcd26a88e46bb2.ctex
Completed load for: 'res://assets/overworld/terrain_masks/mask_vertical_edge_small_03.png' remapped 'res://assets/overworld/terrain_masks/mask_vertical_edge_small_03.png' at thread -1
Loading resource: res://assets/overworld/terrain_masks/mask_vertical_edge_small_03.png remapped: res://assets/overworld/terrain_masks/mask_vertical_edge_small_03.png
Loading resource: res://.godot/imported/mask_vertical_edge_small_03.png-292b023af94446e5b4bcd26a88e46bb2.ctex remapped: res://.godot/imported/mask_vertical_edge_small_03.png-292b023af94446e5b4bcd26a88e46bb2.ctex
Completed load for: 'res://assets/overworld/terrain_masks/mask_vertical_edge_small_03.png' remapped 'res://assets/overworld/terrain_masks/mask_vertical_edge_small_03.png' at thread -1
Loading resource: res://assets/overworld/terrain_masks/mask_horizontal_edge_small_02.png remapped: res://assets/overworld/terrain_masks/mask_horizontal_edge_small_02.png
Loading resource: res://.godot/imported/mask_horizontal_edge_small_02.png-61f57c402c9b58e86f60eabe83a6eb85.ctex remapped: res://.godot/imported/mask_horizontal_edge_small_02.png-61f57c402c9b58e86f60eabe83a6eb85.ctex
Completed load for: 'res://assets/overworld/terrain_masks/mask_horizontal_edge_small_02.png' remapped 'res://assets/overworld/terrain_masks/mask_horizontal_edge_small_02.png' at thread -1
Loading resource: res://assets/overworld/terrain_masks/mask_horizontal_edge_small_02.png remapped: res://assets/overworld/terrain_masks/mask_horizontal_edge_small_02.png
Loading resource: res://.godot/imported/mask_horizontal_edge_small_02.png-61f57c402c9b58e86f60eabe83a6eb85.ctex remapped: res://.godot/imported/mask_horizontal_edge_small_02.png-61f57c402c9b58e86f60eabe83a6eb85.ctex
Completed load for: 'res://assets/overworld/terrain_masks/mask_horizontal_edge_small_02.png' remapped 'res://assets/overworld/terrain_masks/mask_horizontal_edge_small_02.png' at thread -1
Loading resource: res://assets/overworld/terrain_masks/mask_horizontal_edge_small_02.png remapped: res://assets/overworld/terrain_masks/mask_horizontal_edge_small_02.png
Loading resource: res://.godot/imported/mask_horizontal_edge_small_02.png-61f57c402c9b58e86f60eabe83a6eb85.ctex remapped: res://.godot/imported/mask_horizontal_edge_small_02.png-61f57c402c9b58e86f60eabe83a6eb85.ctex
Completed load for: 'res://assets/overworld/terrain_masks/mask_horizontal_edge_small_02.png' remapped 'res://assets/overworld/terrain_masks/mask_horizontal_edge_small_02.png' at thread -1
Loading resource: res://assets/overworld/terrain_masks/mask_horizontal_edge_small_02.png remapped: res://assets/overworld/terrain_masks/mask_horizontal_edge_small_02.png
Loading resource: res://.godot/imported/mask_horizontal_edge_small_02.png-61f57c402c9b58e86f60eabe83a6eb85.ctex remapped: res://.godot/imported/mask_horizontal_edge_small_02.png-61f57c402c9b58e86f60eabe83a6eb85.ctex
Completed load for: 'res://assets/overworld/terrain_masks/mask_horizontal_edge_small_02.png' remapped 'res://assets/overworld/terrain_masks/mask_horizontal_edge_small_02.png' at thread -1
Loading resource: res://assets/overworld/terrain_masks/mask_horizontal_edge_small_02.png remapped: res://assets/overworld/terrain_masks/mask_horizontal_edge_small_02.png
Loading resource: res://.godot/imported/mask_horizontal_edge_small_02.png-61f57c402c9b58e86f60eabe83a6eb85.ctex remapped: res://.godot/imported/mask_horizontal_edge_small_02.png-61f57c402c9b58e86f60eabe83a6eb85.ctex
Completed load for: 'res://assets/overworld/terrain_masks/mask_horizontal_edge_small_02.png' remapped 'res://assets/overworld/terrain_masks/mask_horizontal_edge_small_02.png' at thread -1
Loading resource: res://assets/overworld/terrain_masks/mask_horizontal_edge_small_02.png remapped: res://assets/overworld/terrain_masks/mask_horizontal_edge_small_02.png
Loading resource: res://.godot/imported/mask_horizontal_edge_small_02.png-61f57c402c9b58e86f60eabe83a6eb85.ctex remapped: res://.godot/imported/mask_horizontal_edge_small_02.png-61f57c402c9b58e86f60eabe83a6eb85.ctex
Completed load for: 'res://assets/overworld/terrain_masks/mask_horizontal_edge_small_02.png' remapped 'res://assets/overworld/terrain_masks/mask_horizontal_edge_small_02.png' at thread -1
Loading resource: res://assets/overworld/terrain_masks/mask_horizontal_edge_small_02.png remapped: res://assets/overworld/terrain_masks/mask_horizontal_edge_small_02.png
Loading resource: res://.godot/imported/mask_horizontal_edge_small_02.png-61f57c402c9b58e86f60eabe83a6eb85.ctex remapped: res://.godot/imported/mask_horizontal_edge_small_02.png-61f57c402c9b58e86f60eabe83a6eb85.ctex
Completed load for: 'res://assets/overworld/terrain_masks/mask_horizontal_edge_small_02.png' remapped 'res://assets/overworld/terrain_masks/mask_horizontal_edge_small_02.png' at thread -1
Loading resource: res://assets/overworld/terrain_masks/mask_horizontal_edge_small_02.png remapped: res://assets/overworld/terrain_masks/mask_horizontal_edge_small_02.png
Loading resource: res://.godot/imported/mask_horizontal_edge_small_02.png-61f57c402c9b58e86f60eabe83a6eb85.ctex remapped: res://.godot/imported/mask_horizontal_edge_small_02.png-61f57c402c9b58e86f60eabe83a6eb85.ctex
Completed load for: 'res://assets/overworld/terrain_masks/mask_horizontal_edge_small_02.png' remapped 'res://assets/overworld/terrain_masks/mask_horizontal_edge_small_02.png' at thread -1
Loading resource: res://assets/overworld/terrain_masks/mask_horizontal_edge_small_03.png remapped: res://assets/overworld/terrain_masks/mask_horizontal_edge_small_03.png
Loading resource: res://.godot/imported/mask_horizontal_edge_small_03.png-2d3a294dad3e365ea5b1d80f8273cb53.ctex remapped: res://.godot/imported/mask_horizontal_edge_small_03.png-2d3a294dad3e365ea5b1d80f8273cb53.ctex
Completed load for: 'res://assets/overworld/terrain_masks/mask_horizontal_edge_small_03.png' remapped 'res://assets/overworld/terrain_masks/mask_horizontal_edge_small_03.png' at thread -1
Loading resource: res://assets/overworld/terrain_masks/mask_horizontal_edge_small_03.png remapped: res://assets/overworld/terrain_masks/mask_horizontal_edge_small_03.png
Loading resource: res://.godot/imported/mask_horizontal_edge_small_03.png-2d3a294dad3e365ea5b1d80f8273cb53.ctex remapped: res://.godot/imported/mask_horizontal_edge_small_03.png-2d3a294dad3e365ea5b1d80f8273cb53.ctex
Completed load for: 'res://assets/overworld/terrain_masks/mask_horizontal_edge_small_03.png' remapped 'res://assets/overworld/terrain_masks/mask_horizontal_edge_small_03.png' at thread -1
Loading resource: res://assets/overworld/terrain_masks/mask_horizontal_edge_small_03.png remapped: res://assets/overworld/terrain_masks/mask_horizontal_edge_small_03.png
Loading resource: res://.godot/imported/mask_horizontal_edge_small_03.png-2d3a294dad3e365ea5b1d80f8273cb53.ctex remapped: res://.godot/imported/mask_horizontal_edge_small_03.png-2d3a294dad3e365ea5b1d80f8273cb53.ctex
Completed load for: 'res://assets/overworld/terrain_masks/mask_horizontal_edge_small_03.png' remapped 'res://assets/overworld/terrain_masks/mask_horizontal_edge_small_03.png' at thread -1
Loading resource: res://assets/overworld/terrain_masks/mask_horizontal_edge_small_03.png remapped: res://assets/overworld/terrain_masks/mask_horizontal_edge_small_03.png
Loading resource: res://.godot/imported/mask_horizontal_edge_small_03.png-2d3a294dad3e365ea5b1d80f8273cb53.ctex remapped: res://.godot/imported/mask_horizontal_edge_small_03.png-2d3a294dad3e365ea5b1d80f8273cb53.ctex
Completed load for: 'res://assets/overworld/terrain_masks/mask_horizontal_edge_small_03.png' remapped 'res://assets/overworld/terrain_masks/mask_horizontal_edge_small_03.png' at thread -1
Loading resource: res://assets/overworld/terrain_masks/mask_horizontal_edge_small_03.png remapped: res://assets/overworld/terrain_masks/mask_horizontal_edge_small_03.png
Loading resource: res://.godot/imported/mask_horizontal_edge_small_03.png-2d3a294dad3e365ea5b1d80f8273cb53.ctex remapped: res://.godot/imported/mask_horizontal_edge_small_03.png-2d3a294dad3e365ea5b1d80f8273cb53.ctex
Completed load for: 'res://assets/overworld/terrain_masks/mask_horizontal_edge_small_03.png' remapped 'res://assets/overworld/terrain_masks/mask_horizontal_edge_small_03.png' at thread -1
Loading resource: res://assets/overworld/terrain_masks/mask_horizontal_edge_small_03.png remapped: res://assets/overworld/terrain_masks/mask_horizontal_edge_small_03.png
Loading resource: res://.godot/imported/mask_horizontal_edge_small_03.png-2d3a294dad3e365ea5b1d80f8273cb53.ctex remapped: res://.godot/imported/mask_horizontal_edge_small_03.png-2d3a294dad3e365ea5b1d80f8273cb53.ctex
Completed load for: 'res://assets/overworld/terrain_masks/mask_horizontal_edge_small_03.png' remapped 'res://assets/overworld/terrain_masks/mask_horizontal_edge_small_03.png' at thread -1
Loading resource: res://assets/overworld/terrain_masks/mask_horizontal_edge_small_03.png remapped: res://assets/overworld/terrain_masks/mask_horizontal_edge_small_03.png
Loading resource: res://.godot/imported/mask_horizontal_edge_small_03.png-2d3a294dad3e365ea5b1d80f8273cb53.ctex remapped: res://.godot/imported/mask_horizontal_edge_small_03.png-2d3a294dad3e365ea5b1d80f8273cb53.ctex
Completed load for: 'res://assets/overworld/terrain_masks/mask_horizontal_edge_small_03.png' remapped 'res://assets/overworld/terrain_masks/mask_horizontal_edge_small_03.png' at thread -1
Loading resource: res://assets/overworld/terrain_masks/mask_horizontal_edge_small_03.png remapped: res://assets/overworld/terrain_masks/mask_horizontal_edge_small_03.png
Loading resource: res://.godot/imported/mask_horizontal_edge_small_03.png-2d3a294dad3e365ea5b1d80f8273cb53.ctex remapped: res://.godot/imported/mask_horizontal_edge_small_03.png-2d3a294dad3e365ea5b1d80f8273cb53.ctex
Completed load for: 'res://assets/overworld/terrain_masks/mask_horizontal_edge_small_03.png' remapped 'res://assets/overworld/terrain_masks/mask_horizontal_edge_small_03.png' at thread -1
Loading resource: res://assets/overworld/terrain_masks/mask_horizontal_edge_small_04.png remapped: res://assets/overworld/terrain_masks/mask_horizontal_edge_small_04.png
Loading resource: res://.godot/imported/mask_horizontal_edge_small_04.png-f6eb9f7dd81706a6c39aef25ebafe884.ctex remapped: res://.godot/imported/mask_horizontal_edge_small_04.png-f6eb9f7dd81706a6c39aef25ebafe884.ctex
Completed load for: 'res://assets/overworld/terrain_masks/mask_horizontal_edge_small_04.png' remapped 'res://assets/overworld/terrain_masks/mask_horizontal_edge_small_04.png' at thread -1
Loading resource: res://assets/overworld/terrain_masks/mask_horizontal_edge_small_04.png remapped: res://assets/overworld/terrain_masks/mask_horizontal_edge_small_04.png
Loading resource: res://.godot/imported/mask_horizontal_edge_small_04.png-f6eb9f7dd81706a6c39aef25ebafe884.ctex remapped: res://.godot/imported/mask_horizontal_edge_small_04.png-f6eb9f7dd81706a6c39aef25ebafe884.ctex
Completed load for: 'res://assets/overworld/terrain_masks/mask_horizontal_edge_small_04.png' remapped 'res://assets/overworld/terrain_masks/mask_horizontal_edge_small_04.png' at thread -1
Loading resource: res://assets/overworld/terrain_masks/mask_horizontal_edge_small_04.png remapped: res://assets/overworld/terrain_masks/mask_horizontal_edge_small_04.png
Loading resource: res://.godot/imported/mask_horizontal_edge_small_04.png-f6eb9f7dd81706a6c39aef25ebafe884.ctex remapped: res://.godot/imported/mask_horizontal_edge_small_04.png-f6eb9f7dd81706a6c39aef25ebafe884.ctex
Completed load for: 'res://assets/overworld/terrain_masks/mask_horizontal_edge_small_04.png' remapped 'res://assets/overworld/terrain_masks/mask_horizontal_edge_small_04.png' at thread -1
Loading resource: res://assets/overworld/terrain_masks/mask_horizontal_edge_small_04.png remapped: res://assets/overworld/terrain_masks/mask_horizontal_edge_small_04.png
Loading resource: res://.godot/imported/mask_horizontal_edge_small_04.png-f6eb9f7dd81706a6c39aef25ebafe884.ctex remapped: res://.godot/imported/mask_horizontal_edge_small_04.png-f6eb9f7dd81706a6c39aef25ebafe884.ctex
Completed load for: 'res://assets/overworld/terrain_masks/mask_horizontal_edge_small_04.png' remapped 'res://assets/overworld/terrain_masks/mask_horizontal_edge_small_04.png' at thread -1
Loading resource: res://assets/overworld/terrain_masks/mask_horizontal_edge_small_04.png remapped: res://assets/overworld/terrain_masks/mask_horizontal_edge_small_04.png
Loading resource: res://.godot/imported/mask_horizontal_edge_small_04.png-f6eb9f7dd81706a6c39aef25ebafe884.ctex remapped: res://.godot/imported/mask_horizontal_edge_small_04.png-f6eb9f7dd81706a6c39aef25ebafe884.ctex
Completed load for: 'res://assets/overworld/terrain_masks/mask_horizontal_edge_small_04.png' remapped 'res://assets/overworld/terrain_masks/mask_horizontal_edge_small_04.png' at thread -1
Loading resource: res://assets/overworld/terrain_masks/mask_horizontal_edge_small_04.png remapped: res://assets/overworld/terrain_masks/mask_horizontal_edge_small_04.png
Loading resource: res://.godot/imported/mask_horizontal_edge_small_04.png-f6eb9f7dd81706a6c39aef25ebafe884.ctex remapped: res://.godot/imported/mask_horizontal_edge_small_04.png-f6eb9f7dd81706a6c39aef25ebafe884.ctex
Completed load for: 'res://assets/overworld/terrain_masks/mask_horizontal_edge_small_04.png' remapped 'res://assets/overworld/terrain_masks/mask_horizontal_edge_small_04.png' at thread -1
Loading resource: res://assets/overworld/terrain_masks/mask_horizontal_edge_small_04.png remapped: res://assets/overworld/terrain_masks/mask_horizontal_edge_small_04.png
Loading resource: res://.godot/imported/mask_horizontal_edge_small_04.png-f6eb9f7dd81706a6c39aef25ebafe884.ctex remapped: res://.godot/imported/mask_horizontal_edge_small_04.png-f6eb9f7dd81706a6c39aef25ebafe884.ctex
Completed load for: 'res://assets/overworld/terrain_masks/mask_horizontal_edge_small_04.png' remapped 'res://assets/overworld/terrain_masks/mask_horizontal_edge_small_04.png' at thread -1
Loading resource: res://assets/overworld/terrain_masks/mask_horizontal_edge_small_04.png remapped: res://assets/overworld/terrain_masks/mask_horizontal_edge_small_04.png
Loading resource: res://.godot/imported/mask_horizontal_edge_small_04.png-f6eb9f7dd81706a6c39aef25ebafe884.ctex remapped: res://.godot/imported/mask_horizontal_edge_small_04.png-f6eb9f7dd81706a6c39aef25ebafe884.ctex
Completed load for: 'res://assets/overworld/terrain_masks/mask_horizontal_edge_small_04.png' remapped 'res://assets/overworld/terrain_masks/mask_horizontal_edge_small_04.png' at thread -1
Loading resource: res://assets/overworld/terrain_masks/mask_horizontal_edge_small_00.png remapped: res://assets/overworld/terrain_masks/mask_horizontal_edge_small_00.png
Loading resource: res://.godot/imported/mask_horizontal_edge_small_00.png-c41d7ae1dd8b3c349c09d5890e2d0d16.ctex remapped: res://.godot/imported/mask_horizontal_edge_small_00.png-c41d7ae1dd8b3c349c09d5890e2d0d16.ctex
Completed load for: 'res://assets/overworld/terrain_masks/mask_horizontal_edge_small_00.png' remapped 'res://assets/overworld/terrain_masks/mask_horizontal_edge_small_00.png' at thread -1
Loading resource: res://assets/overworld/terrain_masks/mask_horizontal_edge_small_00.png remapped: res://assets/overworld/terrain_masks/mask_horizontal_edge_small_00.png
Loading resource: res://.godot/imported/mask_horizontal_edge_small_00.png-c41d7ae1dd8b3c349c09d5890e2d0d16.ctex remapped: res://.godot/imported/mask_horizontal_edge_small_00.png-c41d7ae1dd8b3c349c09d5890e2d0d16.ctex
Completed load for: 'res://assets/overworld/terrain_masks/mask_horizontal_edge_small_00.png' remapped 'res://assets/overworld/terrain_masks/mask_horizontal_edge_small_00.png' at thread -1
Loading resource: res://assets/overworld/terrain_masks/mask_horizontal_edge_small_00.png remapped: res://assets/overworld/terrain_masks/mask_horizontal_edge_small_00.png
Loading resource: res://.godot/imported/mask_horizontal_edge_small_00.png-c41d7ae1dd8b3c349c09d5890e2d0d16.ctex remapped: res://.godot/imported/mask_horizontal_edge_small_00.png-c41d7ae1dd8b3c349c09d5890e2d0d16.ctex
Completed load for: 'res://assets/overworld/terrain_masks/mask_horizontal_edge_small_00.png' remapped 'res://assets/overworld/terrain_masks/mask_horizontal_edge_small_00.png' at thread -1
Loading resource: res://assets/overworld/terrain_masks/mask_horizontal_edge_small_00.png remapped: res://assets/overworld/terrain_masks/mask_horizontal_edge_small_00.png
Loading resource: res://.godot/imported/mask_horizontal_edge_small_00.png-c41d7ae1dd8b3c349c09d5890e2d0d16.ctex remapped: res://.godot/imported/mask_horizontal_edge_small_00.png-c41d7ae1dd8b3c349c09d5890e2d0d16.ctex
Completed load for: 'res://assets/overworld/terrain_masks/mask_horizontal_edge_small_00.png' remapped 'res://assets/overworld/terrain_masks/mask_horizontal_edge_small_00.png' at thread -1
Loading resource: res://assets/overworld/terrain_masks/mask_horizontal_edge_small_00.png remapped: res://assets/overworld/terrain_masks/mask_horizontal_edge_small_00.png
Loading resource: res://.godot/imported/mask_horizontal_edge_small_00.png-c41d7ae1dd8b3c349c09d5890e2d0d16.ctex remapped: res://.godot/imported/mask_horizontal_edge_small_00.png-c41d7ae1dd8b3c349c09d5890e2d0d16.ctex
Completed load for: 'res://assets/overworld/terrain_masks/mask_horizontal_edge_small_00.png' remapped 'res://assets/overworld/terrain_masks/mask_horizontal_edge_small_00.png' at thread -1
Loading resource: res://assets/overworld/terrain_masks/mask_horizontal_edge_small_00.png remapped: res://assets/overworld/terrain_masks/mask_horizontal_edge_small_00.png
Loading resource: res://.godot/imported/mask_horizontal_edge_small_00.png-c41d7ae1dd8b3c349c09d5890e2d0d16.ctex remapped: res://.godot/imported/mask_horizontal_edge_small_00.png-c41d7ae1dd8b3c349c09d5890e2d0d16.ctex
Completed load for: 'res://assets/overworld/terrain_masks/mask_horizontal_edge_small_00.png' remapped 'res://assets/overworld/terrain_masks/mask_horizontal_edge_small_00.png' at thread -1
Loading resource: res://assets/overworld/terrain_masks/mask_horizontal_edge_small_00.png remapped: res://assets/overworld/terrain_masks/mask_horizontal_edge_small_00.png
Loading resource: res://.godot/imported/mask_horizontal_edge_small_00.png-c41d7ae1dd8b3c349c09d5890e2d0d16.ctex remapped: res://.godot/imported/mask_horizontal_edge_small_00.png-c41d7ae1dd8b3c349c09d5890e2d0d16.ctex
Completed load for: 'res://assets/overworld/terrain_masks/mask_horizontal_edge_small_00.png' remapped 'res://assets/overworld/terrain_masks/mask_horizontal_edge_small_00.png' at thread -1
Loading resource: res://assets/overworld/terrain_masks/mask_horizontal_edge_small_00.png remapped: res://assets/overworld/terrain_masks/mask_horizontal_edge_small_00.png
Loading resource: res://.godot/imported/mask_horizontal_edge_small_00.png-c41d7ae1dd8b3c349c09d5890e2d0d16.ctex remapped: res://.godot/imported/mask_horizontal_edge_small_00.png-c41d7ae1dd8b3c349c09d5890e2d0d16.ctex
Completed load for: 'res://assets/overworld/terrain_masks/mask_horizontal_edge_small_00.png' remapped 'res://assets/overworld/terrain_masks/mask_horizontal_edge_small_00.png' at thread -1
Loading resource: res://assets/overworld/terrain_masks/mask_corner_a_dominant_03.png remapped: res://assets/overworld/terrain_masks/mask_corner_a_dominant_03.png
Loading resource: res://.godot/imported/mask_corner_a_dominant_03.png-c913f9e2fd4863fc5fbbfdae23700e86.ctex remapped: res://.godot/imported/mask_corner_a_dominant_03.png-c913f9e2fd4863fc5fbbfdae23700e86.ctex
Completed load for: 'res://assets/overworld/terrain_masks/mask_corner_a_dominant_03.png' remapped 'res://assets/overworld/terrain_masks/mask_corner_a_dominant_03.png' at thread -1
Loading resource: res://assets/overworld/terrain_masks/mask_corner_a_dominant_03.png remapped: res://assets/overworld/terrain_masks/mask_corner_a_dominant_03.png
Loading resource: res://.godot/imported/mask_corner_a_dominant_03.png-c913f9e2fd4863fc5fbbfdae23700e86.ctex remapped: res://.godot/imported/mask_corner_a_dominant_03.png-c913f9e2fd4863fc5fbbfdae23700e86.ctex
Completed load for: 'res://assets/overworld/terrain_masks/mask_corner_a_dominant_03.png' remapped 'res://assets/overworld/terrain_masks/mask_corner_a_dominant_03.png' at thread -1
Loading resource: res://assets/overworld/terrain_masks/mask_vertical_edge_small_02.png remapped: res://assets/overworld/terrain_masks/mask_vertical_edge_small_02.png
Loading resource: res://.godot/imported/mask_vertical_edge_small_02.png-9180eb89955eaa2ca72016667bc9a4f2.ctex remapped: res://.godot/imported/mask_vertical_edge_small_02.png-9180eb89955eaa2ca72016667bc9a4f2.ctex
Completed load for: 'res://assets/overworld/terrain_masks/mask_vertical_edge_small_02.png' remapped 'res://assets/overworld/terrain_masks/mask_vertical_edge_small_02.png' at thread -1
Loading resource: res://assets/overworld/terrain_masks/mask_vertical_edge_small_02.png remapped: res://assets/overworld/terrain_masks/mask_vertical_edge_small_02.png
Loading resource: res://.godot/imported/mask_vertical_edge_small_02.png-9180eb89955eaa2ca72016667bc9a4f2.ctex remapped: res://.godot/imported/mask_vertical_edge_small_02.png-9180eb89955eaa2ca72016667bc9a4f2.ctex
Completed load for: 'res://assets/overworld/terrain_masks/mask_vertical_edge_small_02.png' remapped 'res://assets/overworld/terrain_masks/mask_vertical_edge_small_02.png' at thread -1
Loading resource: res://assets/overworld/terrain_masks/mask_corner_a_dominant_03.png remapped: res://assets/overworld/terrain_masks/mask_corner_a_dominant_03.png
Loading resource: res://.godot/imported/mask_corner_a_dominant_03.png-c913f9e2fd4863fc5fbbfdae23700e86.ctex remapped: res://.godot/imported/mask_corner_a_dominant_03.png-c913f9e2fd4863fc5fbbfdae23700e86.ctex
Completed load for: 'res://assets/overworld/terrain_masks/mask_corner_a_dominant_03.png' remapped 'res://assets/overworld/terrain_masks/mask_corner_a_dominant_03.png' at thread -1
Loading resource: res://assets/overworld/terrain_masks/mask_corner_a_dominant_03.png remapped: res://assets/overworld/terrain_masks/mask_corner_a_dominant_03.png
Loading resource: res://.godot/imported/mask_corner_a_dominant_03.png-c913f9e2fd4863fc5fbbfdae23700e86.ctex remapped: res://.godot/imported/mask_corner_a_dominant_03.png-c913f9e2fd4863fc5fbbfdae23700e86.ctex
Completed load for: 'res://assets/overworld/terrain_masks/mask_corner_a_dominant_03.png' remapped 'res://assets/overworld/terrain_masks/mask_corner_a_dominant_03.png' at thread -1
Loading resource: res://assets/overworld/terrain_masks/mask_vertical_edge_small_02.png remapped: res://assets/overworld/terrain_masks/mask_vertical_edge_small_02.png
Loading resource: res://.godot/imported/mask_vertical_edge_small_02.png-9180eb89955eaa2ca72016667bc9a4f2.ctex remapped: res://.godot/imported/mask_vertical_edge_small_02.png-9180eb89955eaa2ca72016667bc9a4f2.ctex
Completed load for: 'res://assets/overworld/terrain_masks/mask_vertical_edge_small_02.png' remapped 'res://assets/overworld/terrain_masks/mask_vertical_edge_small_02.png' at thread -1
Loading resource: res://assets/overworld/terrain_masks/mask_vertical_edge_small_02.png remapped: res://assets/overworld/terrain_masks/mask_vertical_edge_small_02.png
Loading resource: res://.godot/imported/mask_vertical_edge_small_02.png-9180eb89955eaa2ca72016667bc9a4f2.ctex remapped: res://.godot/imported/mask_vertical_edge_small_02.png-9180eb89955eaa2ca72016667bc9a4f2.ctex
Completed load for: 'res://assets/overworld/terrain_masks/mask_vertical_edge_small_02.png' remapped 'res://assets/overworld/terrain_masks/mask_vertical_edge_small_02.png' at thread -1
Loading resource: res://assets/overworld/terrain_masks/mask_corner_a_dominant_03.png remapped: res://assets/overworld/terrain_masks/mask_corner_a_dominant_03.png
Loading resource: res://.godot/imported/mask_corner_a_dominant_03.png-c913f9e2fd4863fc5fbbfdae23700e86.ctex remapped: res://.godot/imported/mask_corner_a_dominant_03.png-c913f9e2fd4863fc5fbbfdae23700e86.ctex
Completed load for: 'res://assets/overworld/terrain_masks/mask_corner_a_dominant_03.png' remapped 'res://assets/overworld/terrain_masks/mask_corner_a_dominant_03.png' at thread -1
Loading resource: res://assets/overworld/terrain_masks/mask_corner_a_dominant_03.png remapped: res://assets/overworld/terrain_masks/mask_corner_a_dominant_03.png
Loading resource: res://.godot/imported/mask_corner_a_dominant_03.png-c913f9e2fd4863fc5fbbfdae23700e86.ctex remapped: res://.godot/imported/mask_corner_a_dominant_03.png-c913f9e2fd4863fc5fbbfdae23700e86.ctex
Completed load for: 'res://assets/overworld/terrain_masks/mask_corner_a_dominant_03.png' remapped 'res://assets/overworld/terrain_masks/mask_corner_a_dominant_03.png' at thread -1
Loading resource: res://assets/overworld/terrain_masks/mask_vertical_edge_small_02.png remapped: res://assets/overworld/terrain_masks/mask_vertical_edge_small_02.png
Loading resource: res://.godot/imported/mask_vertical_edge_small_02.png-9180eb89955eaa2ca72016667bc9a4f2.ctex remapped: res://.godot/imported/mask_vertical_edge_small_02.png-9180eb89955eaa2ca72016667bc9a4f2.ctex
Completed load for: 'res://assets/overworld/terrain_masks/mask_vertical_edge_small_02.png' remapped 'res://assets/overworld/terrain_masks/mask_vertical_edge_small_02.png' at thread -1
Loading resource: res://assets/overworld/terrain_masks/mask_vertical_edge_small_02.png remapped: res://assets/overworld/terrain_masks/mask_vertical_edge_small_02.png
Loading resource: res://.godot/imported/mask_vertical_edge_small_02.png-9180eb89955eaa2ca72016667bc9a4f2.ctex remapped: res://.godot/imported/mask_vertical_edge_small_02.png-9180eb89955eaa2ca72016667bc9a4f2.ctex
Completed load for: 'res://assets/overworld/terrain_masks/mask_vertical_edge_small_02.png' remapped 'res://assets/overworld/terrain_masks/mask_vertical_edge_small_02.png' at thread -1
Loading resource: res://assets/overworld/terrain_masks/mask_corner_a_dominant_03.png remapped: res://assets/overworld/terrain_masks/mask_corner_a_dominant_03.png
Loading resource: res://.godot/imported/mask_corner_a_dominant_03.png-c913f9e2fd4863fc5fbbfdae23700e86.ctex remapped: res://.godot/imported/mask_corner_a_dominant_03.png-c913f9e2fd4863fc5fbbfdae23700e86.ctex
Completed load for: 'res://assets/overworld/terrain_masks/mask_corner_a_dominant_03.png' remapped 'res://assets/overworld/terrain_masks/mask_corner_a_dominant_03.png' at thread -1
Loading resource: res://assets/overworld/terrain_masks/mask_corner_a_dominant_03.png remapped: res://assets/overworld/terrain_masks/mask_corner_a_dominant_03.png
Loading resource: res://.godot/imported/mask_corner_a_dominant_03.png-c913f9e2fd4863fc5fbbfdae23700e86.ctex remapped: res://.godot/imported/mask_corner_a_dominant_03.png-c913f9e2fd4863fc5fbbfdae23700e86.ctex
Completed load for: 'res://assets/overworld/terrain_masks/mask_corner_a_dominant_03.png' remapped 'res://assets/overworld/terrain_masks/mask_corner_a_dominant_03.png' at thread -1
Loading resource: res://assets/overworld/terrain_masks/mask_vertical_edge_small_02.png remapped: res://assets/overworld/terrain_masks/mask_vertical_edge_small_02.png
Loading resource: res://.godot/imported/mask_vertical_edge_small_02.png-9180eb89955eaa2ca72016667bc9a4f2.ctex remapped: res://.godot/imported/mask_vertical_edge_small_02.png-9180eb89955eaa2ca72016667bc9a4f2.ctex
Completed load for: 'res://assets/overworld/terrain_masks/mask_vertical_edge_small_02.png' remapped 'res://assets/overworld/terrain_masks/mask_vertical_edge_small_02.png' at thread -1
Loading resource: res://assets/overworld/terrain_masks/mask_vertical_edge_small_02.png remapped: res://assets/overworld/terrain_masks/mask_vertical_edge_small_02.png
Loading resource: res://.godot/imported/mask_vertical_edge_small_02.png-9180eb89955eaa2ca72016667bc9a4f2.ctex remapped: res://.godot/imported/mask_vertical_edge_small_02.png-9180eb89955eaa2ca72016667bc9a4f2.ctex
Completed load for: 'res://assets/overworld/terrain_masks/mask_vertical_edge_small_02.png' remapped 'res://assets/overworld/terrain_masks/mask_vertical_edge_small_02.png' at thread -1
Loading resource: res://assets/overworld/terrain_masks/mask_corner_a_dominant_03.png remapped: res://assets/overworld/terrain_masks/mask_corner_a_dominant_03.png
Loading resource: res://.godot/imported/mask_corner_a_dominant_03.png-c913f9e2fd4863fc5fbbfdae23700e86.ctex remapped: res://.godot/imported/mask_corner_a_dominant_03.png-c913f9e2fd4863fc5fbbfdae23700e86.ctex
Completed load for: 'res://assets/overworld/terrain_masks/mask_corner_a_dominant_03.png' remapped 'res://assets/overworld/terrain_masks/mask_corner_a_dominant_03.png' at thread -1
Loading resource: res://assets/overworld/terrain_masks/mask_corner_a_dominant_03.png remapped: res://assets/overworld/terrain_masks/mask_corner_a_dominant_03.png
Loading resource: res://.godot/imported/mask_corner_a_dominant_03.png-c913f9e2fd4863fc5fbbfdae23700e86.ctex remapped: res://.godot/imported/mask_corner_a_dominant_03.png-c913f9e2fd4863fc5fbbfdae23700e86.ctex
Completed load for: 'res://assets/overworld/terrain_masks/mask_corner_a_dominant_03.png' remapped 'res://assets/overworld/terrain_masks/mask_corner_a_dominant_03.png' at thread -1
Loading resource: res://assets/overworld/terrain_masks/mask_vertical_edge_small_02.png remapped: res://assets/overworld/terrain_masks/mask_vertical_edge_small_02.png
Loading resource: res://.godot/imported/mask_vertical_edge_small_02.png-9180eb89955eaa2ca72016667bc9a4f2.ctex remapped: res://.godot/imported/mask_vertical_edge_small_02.png-9180eb89955eaa2ca72016667bc9a4f2.ctex
Completed load for: 'res://assets/overworld/terrain_masks/mask_vertical_edge_small_02.png' remapped 'res://assets/overworld/terrain_masks/mask_vertical_edge_small_02.png' at thread -1
Loading resource: res://assets/overworld/terrain_masks/mask_vertical_edge_small_02.png remapped: res://assets/overworld/terrain_masks/mask_vertical_edge_small_02.png
Loading resource: res://.godot/imported/mask_vertical_edge_small_02.png-9180eb89955eaa2ca72016667bc9a4f2.ctex remapped: res://.godot/imported/mask_vertical_edge_small_02.png-9180eb89955eaa2ca72016667bc9a4f2.ctex
Completed load for: 'res://assets/overworld/terrain_masks/mask_vertical_edge_small_02.png' remapped 'res://assets/overworld/terrain_masks/mask_vertical_edge_small_02.png' at thread -1
Loading resource: res://assets/overworld/terrain_masks/mask_horizontal_edge_small_02.png remapped: res://assets/overworld/terrain_masks/mask_horizontal_edge_small_02.png
Loading resource: res://.godot/imported/mask_horizontal_edge_small_02.png-61f57c402c9b58e86f60eabe83a6eb85.ctex remapped: res://.godot/imported/mask_horizontal_edge_small_02.png-61f57c402c9b58e86f60eabe83a6eb85.ctex
Completed load for: 'res://assets/overworld/terrain_masks/mask_horizontal_edge_small_02.png' remapped 'res://assets/overworld/terrain_masks/mask_horizontal_edge_small_02.png' at thread -1
Loading resource: res://assets/overworld/terrain_masks/mask_horizontal_edge_small_02.png remapped: res://assets/overworld/terrain_masks/mask_horizontal_edge_small_02.png
Loading resource: res://.godot/imported/mask_horizontal_edge_small_02.png-61f57c402c9b58e86f60eabe83a6eb85.ctex remapped: res://.godot/imported/mask_horizontal_edge_small_02.png-61f57c402c9b58e86f60eabe83a6eb85.ctex
Completed load for: 'res://assets/overworld/terrain_masks/mask_horizontal_edge_small_02.png' remapped 'res://assets/overworld/terrain_masks/mask_horizontal_edge_small_02.png' at thread -1
Loading resource: res://assets/overworld/terrain_masks/mask_horizontal_edge_small_03.png remapped: res://assets/overworld/terrain_masks/mask_horizontal_edge_small_03.png
Loading resource: res://.godot/imported/mask_horizontal_edge_small_03.png-2d3a294dad3e365ea5b1d80f8273cb53.ctex remapped: res://.godot/imported/mask_horizontal_edge_small_03.png-2d3a294dad3e365ea5b1d80f8273cb53.ctex
Completed load for: 'res://assets/overworld/terrain_masks/mask_horizontal_edge_small_03.png' remapped 'res://assets/overworld/terrain_masks/mask_horizontal_edge_small_03.png' at thread -1
Loading resource: res://assets/overworld/terrain_masks/mask_horizontal_edge_small_03.png remapped: res://assets/overworld/terrain_masks/mask_horizontal_edge_small_03.png
Loading resource: res://.godot/imported/mask_horizontal_edge_small_03.png-2d3a294dad3e365ea5b1d80f8273cb53.ctex remapped: res://.godot/imported/mask_horizontal_edge_small_03.png-2d3a294dad3e365ea5b1d80f8273cb53.ctex
Completed load for: 'res://assets/overworld/terrain_masks/mask_horizontal_edge_small_03.png' remapped 'res://assets/overworld/terrain_masks/mask_horizontal_edge_small_03.png' at thread -1
Loading resource: res://assets/overworld/terrain_masks/mask_horizontal_edge_small_04.png remapped: res://assets/overworld/terrain_masks/mask_horizontal_edge_small_04.png
Loading resource: res://.godot/imported/mask_horizontal_edge_small_04.png-f6eb9f7dd81706a6c39aef25ebafe884.ctex remapped: res://.godot/imported/mask_horizontal_edge_small_04.png-f6eb9f7dd81706a6c39aef25ebafe884.ctex
Completed load for: 'res://assets/overworld/terrain_masks/mask_horizontal_edge_small_04.png' remapped 'res://assets/overworld/terrain_masks/mask_horizontal_edge_small_04.png' at thread -1
Loading resource: res://assets/overworld/terrain_masks/mask_horizontal_edge_small_04.png remapped: res://assets/overworld/terrain_masks/mask_horizontal_edge_small_04.png
Loading resource: res://.godot/imported/mask_horizontal_edge_small_04.png-f6eb9f7dd81706a6c39aef25ebafe884.ctex remapped: res://.godot/imported/mask_horizontal_edge_small_04.png-f6eb9f7dd81706a6c39aef25ebafe884.ctex
Completed load for: 'res://assets/overworld/terrain_masks/mask_horizontal_edge_small_04.png' remapped 'res://assets/overworld/terrain_masks/mask_horizontal_edge_small_04.png' at thread -1
Loading resource: res://assets/overworld/terrain_masks/mask_horizontal_edge_small_00.png remapped: res://assets/overworld/terrain_masks/mask_horizontal_edge_small_00.png
Loading resource: res://.godot/imported/mask_horizontal_edge_small_00.png-c41d7ae1dd8b3c349c09d5890e2d0d16.ctex remapped: res://.godot/imported/mask_horizontal_edge_small_00.png-c41d7ae1dd8b3c349c09d5890e2d0d16.ctex
Completed load for: 'res://assets/overworld/terrain_masks/mask_horizontal_edge_small_00.png' remapped 'res://assets/overworld/terrain_masks/mask_horizontal_edge_small_00.png' at thread -1
Loading resource: res://assets/overworld/terrain_masks/mask_horizontal_edge_small_00.png remapped: res://assets/overworld/terrain_masks/mask_horizontal_edge_small_00.png
Loading resource: res://.godot/imported/mask_horizontal_edge_small_00.png-c41d7ae1dd8b3c349c09d5890e2d0d16.ctex remapped: res://.godot/imported/mask_horizontal_edge_small_00.png-c41d7ae1dd8b3c349c09d5890e2d0d16.ctex
Completed load for: 'res://assets/overworld/terrain_masks/mask_horizontal_edge_small_00.png' remapped 'res://assets/overworld/terrain_masks/mask_horizontal_edge_small_00.png' at thread -1
Loading resource: res://assets/overworld/terrain_masks/mask_corner_a_dominant_02.png remapped: res://assets/overworld/terrain_masks/mask_corner_a_dominant_02.png
Loading resource: res://.godot/imported/mask_corner_a_dominant_02.png-bd3c38b63920202f67915a9c479c0559.ctex remapped: res://.godot/imported/mask_corner_a_dominant_02.png-bd3c38b63920202f67915a9c479c0559.ctex
Completed load for: 'res://assets/overworld/terrain_masks/mask_corner_a_dominant_02.png' remapped 'res://assets/overworld/terrain_masks/mask_corner_a_dominant_02.png' at thread -1
Loading resource: res://assets/overworld/terrain_masks/mask_corner_a_dominant_02.png remapped: res://assets/overworld/terrain_masks/mask_corner_a_dominant_02.png
Loading resource: res://.godot/imported/mask_corner_a_dominant_02.png-bd3c38b63920202f67915a9c479c0559.ctex remapped: res://.godot/imported/mask_corner_a_dominant_02.png-bd3c38b63920202f67915a9c479c0559.ctex
Completed load for: 'res://assets/overworld/terrain_masks/mask_corner_a_dominant_02.png' remapped 'res://assets/overworld/terrain_masks/mask_corner_a_dominant_02.png' at thread -1
Loading resource: res://assets/overworld/terrain_masks/mask_horizontal_edge_small_02.png remapped: res://assets/overworld/terrain_masks/mask_horizontal_edge_small_02.png
Loading resource: res://.godot/imported/mask_horizontal_edge_small_02.png-61f57c402c9b58e86f60eabe83a6eb85.ctex remapped: res://.godot/imported/mask_horizontal_edge_small_02.png-61f57c402c9b58e86f60eabe83a6eb85.ctex
Completed load for: 'res://assets/overworld/terrain_masks/mask_horizontal_edge_small_02.png' remapped 'res://assets/overworld/terrain_masks/mask_horizontal_edge_small_02.png' at thread -1
Loading resource: res://assets/overworld/terrain_masks/mask_horizontal_edge_small_02.png remapped: res://assets/overworld/terrain_masks/mask_horizontal_edge_small_02.png
Loading resource: res://.godot/imported/mask_horizontal_edge_small_02.png-61f57c402c9b58e86f60eabe83a6eb85.ctex remapped: res://.godot/imported/mask_horizontal_edge_small_02.png-61f57c402c9b58e86f60eabe83a6eb85.ctex
Completed load for: 'res://assets/overworld/terrain_masks/mask_horizontal_edge_small_02.png' remapped 'res://assets/overworld/terrain_masks/mask_horizontal_edge_small_02.png' at thread -1
Loading resource: res://assets/overworld/terrain_masks/mask_horizontal_edge_small_01.png remapped: res://assets/overworld/terrain_masks/mask_horizontal_edge_small_01.png
Loading resource: res://.godot/imported/mask_horizontal_edge_small_01.png-925c7a67195149bb83a41d96227ef297.ctex remapped: res://.godot/imported/mask_horizontal_edge_small_01.png-925c7a67195149bb83a41d96227ef297.ctex
Completed load for: 'res://assets/overworld/terrain_masks/mask_horizontal_edge_small_01.png' remapped 'res://assets/overworld/terrain_masks/mask_horizontal_edge_small_01.png' at thread -1
Loading resource: res://assets/overworld/terrain_masks/mask_horizontal_edge_small_01.png remapped: res://assets/overworld/terrain_masks/mask_horizontal_edge_small_01.png
Loading resource: res://.godot/imported/mask_horizontal_edge_small_01.png-925c7a67195149bb83a41d96227ef297.ctex remapped: res://.godot/imported/mask_horizontal_edge_small_01.png-925c7a67195149bb83a41d96227ef297.ctex
Completed load for: 'res://assets/overworld/terrain_masks/mask_horizontal_edge_small_01.png' remapped 'res://assets/overworld/terrain_masks/mask_horizontal_edge_small_01.png' at thread -1
Loading resource: res://assets/overworld/terrain_masks/mask_horizontal_edge_small_00.png remapped: res://assets/overworld/terrain_masks/mask_horizontal_edge_small_00.png
Loading resource: res://.godot/imported/mask_horizontal_edge_small_00.png-c41d7ae1dd8b3c349c09d5890e2d0d16.ctex remapped: res://.godot/imported/mask_horizontal_edge_small_00.png-c41d7ae1dd8b3c349c09d5890e2d0d16.ctex
Completed load for: 'res://assets/overworld/terrain_masks/mask_horizontal_edge_small_00.png' remapped 'res://assets/overworld/terrain_masks/mask_horizontal_edge_small_00.png' at thread -1
Loading resource: res://assets/overworld/terrain_masks/mask_horizontal_edge_small_00.png remapped: res://assets/overworld/terrain_masks/mask_horizontal_edge_small_00.png
Loading resource: res://.godot/imported/mask_horizontal_edge_small_00.png-c41d7ae1dd8b3c349c09d5890e2d0d16.ctex remapped: res://.godot/imported/mask_horizontal_edge_small_00.png-c41d7ae1dd8b3c349c09d5890e2d0d16.ctex
Completed load for: 'res://assets/overworld/terrain_masks/mask_horizontal_edge_small_00.png' remapped 'res://assets/overworld/terrain_masks/mask_horizontal_edge_small_00.png' at thread -1
Loading resource: res://assets/overworld/terrain_masks/mask_vertical_edge_small_03.png remapped: res://assets/overworld/terrain_masks/mask_vertical_edge_small_03.png
Loading resource: res://.godot/imported/mask_vertical_edge_small_03.png-292b023af94446e5b4bcd26a88e46bb2.ctex remapped: res://.godot/imported/mask_vertical_edge_small_03.png-292b023af94446e5b4bcd26a88e46bb2.ctex
Completed load for: 'res://assets/overworld/terrain_masks/mask_vertical_edge_small_03.png' remapped 'res://assets/overworld/terrain_masks/mask_vertical_edge_small_03.png' at thread -1
Loading resource: res://assets/overworld/terrain_masks/mask_vertical_edge_small_03.png remapped: res://assets/overworld/terrain_masks/mask_vertical_edge_small_03.png
Loading resource: res://.godot/imported/mask_vertical_edge_small_03.png-292b023af94446e5b4bcd26a88e46bb2.ctex remapped: res://.godot/imported/mask_vertical_edge_small_03.png-292b023af94446e5b4bcd26a88e46bb2.ctex
Completed load for: 'res://assets/overworld/terrain_masks/mask_vertical_edge_small_03.png' remapped 'res://assets/overworld/terrain_masks/mask_vertical_edge_small_03.png' at thread -1
Loading resource: res://assets/overworld/terrain_masks/mask_corner_a_dominant_00.png remapped: res://assets/overworld/terrain_masks/mask_corner_a_dominant_00.png
Loading resource: res://.godot/imported/mask_corner_a_dominant_00.png-426a5c6fbd50f9b4141f6e1c0de6309a.ctex remapped: res://.godot/imported/mask_corner_a_dominant_00.png-426a5c6fbd50f9b4141f6e1c0de6309a.ctex
Completed load for: 'res://assets/overworld/terrain_masks/mask_corner_a_dominant_00.png' remapped 'res://assets/overworld/terrain_masks/mask_corner_a_dominant_00.png' at thread -1
Loading resource: res://assets/overworld/terrain_masks/mask_corner_a_dominant_00.png remapped: res://assets/overworld/terrain_masks/mask_corner_a_dominant_00.png
Loading resource: res://.godot/imported/mask_corner_a_dominant_00.png-426a5c6fbd50f9b4141f6e1c0de6309a.ctex remapped: res://.godot/imported/mask_corner_a_dominant_00.png-426a5c6fbd50f9b4141f6e1c0de6309a.ctex
Completed load for: 'res://assets/overworld/terrain_masks/mask_corner_a_dominant_00.png' remapped 'res://assets/overworld/terrain_masks/mask_corner_a_dominant_00.png' at thread -1
Loading resource: res://assets/overworld/terrain_masks/mask_corner_a_dominant_02.png remapped: res://assets/overworld/terrain_masks/mask_corner_a_dominant_02.png
Loading resource: res://.godot/imported/mask_corner_a_dominant_02.png-bd3c38b63920202f67915a9c479c0559.ctex remapped: res://.godot/imported/mask_corner_a_dominant_02.png-bd3c38b63920202f67915a9c479c0559.ctex
Completed load for: 'res://assets/overworld/terrain_masks/mask_corner_a_dominant_02.png' remapped 'res://assets/overworld/terrain_masks/mask_corner_a_dominant_02.png' at thread -1
Loading resource: res://assets/overworld/terrain_masks/mask_corner_a_dominant_02.png remapped: res://assets/overworld/terrain_masks/mask_corner_a_dominant_02.png
Loading resource: res://.godot/imported/mask_corner_a_dominant_02.png-bd3c38b63920202f67915a9c479c0559.ctex remapped: res://.godot/imported/mask_corner_a_dominant_02.png-bd3c38b63920202f67915a9c479c0559.ctex
Completed load for: 'res://assets/overworld/terrain_masks/mask_corner_a_dominant_02.png' remapped 'res://assets/overworld/terrain_masks/mask_corner_a_dominant_02.png' at thread -1
Loading resource: res://assets/overworld/terrain_masks/mask_horizontal_edge_small_02.png remapped: res://assets/overworld/terrain_masks/mask_horizontal_edge_small_02.png
Loading resource: res://.godot/imported/mask_horizontal_edge_small_02.png-61f57c402c9b58e86f60eabe83a6eb85.ctex remapped: res://.godot/imported/mask_horizontal_edge_small_02.png-61f57c402c9b58e86f60eabe83a6eb85.ctex
Completed load for: 'res://assets/overworld/terrain_masks/mask_horizontal_edge_small_02.png' remapped 'res://assets/overworld/terrain_masks/mask_horizontal_edge_small_02.png' at thread -1
Loading resource: res://assets/overworld/terrain_masks/mask_horizontal_edge_small_02.png remapped: res://assets/overworld/terrain_masks/mask_horizontal_edge_small_02.png
Loading resource: res://.godot/imported/mask_horizontal_edge_small_02.png-61f57c402c9b58e86f60eabe83a6eb85.ctex remapped: res://.godot/imported/mask_horizontal_edge_small_02.png-61f57c402c9b58e86f60eabe83a6eb85.ctex
Completed load for: 'res://assets/overworld/terrain_masks/mask_horizontal_edge_small_02.png' remapped 'res://assets/overworld/terrain_masks/mask_horizontal_edge_small_02.png' at thread -1
Loading resource: res://assets/overworld/terrain_masks/mask_vertical_edge_small_03.png remapped: res://assets/overworld/terrain_masks/mask_vertical_edge_small_03.png
Loading resource: res://.godot/imported/mask_vertical_edge_small_03.png-292b023af94446e5b4bcd26a88e46bb2.ctex remapped: res://.godot/imported/mask_vertical_edge_small_03.png-292b023af94446e5b4bcd26a88e46bb2.ctex
Completed load for: 'res://assets/overworld/terrain_masks/mask_vertical_edge_small_03.png' remapped 'res://assets/overworld/terrain_masks/mask_vertical_edge_small_03.png' at thread -1
Loading resource: res://assets/overworld/terrain_masks/mask_vertical_edge_small_03.png remapped: res://assets/overworld/terrain_masks/mask_vertical_edge_small_03.png
Loading resource: res://.godot/imported/mask_vertical_edge_small_03.png-292b023af94446e5b4bcd26a88e46bb2.ctex remapped: res://.godot/imported/mask_vertical_edge_small_03.png-292b023af94446e5b4bcd26a88e46bb2.ctex
Completed load for: 'res://assets/overworld/terrain_masks/mask_vertical_edge_small_03.png' remapped 'res://assets/overworld/terrain_masks/mask_vertical_edge_small_03.png' at thread -1
Loading resource: res://assets/overworld/terrain_masks/mask_corner_a_dominant_00.png remapped: res://assets/overworld/terrain_masks/mask_corner_a_dominant_00.png
Loading resource: res://.godot/imported/mask_corner_a_dominant_00.png-426a5c6fbd50f9b4141f6e1c0de6309a.ctex remapped: res://.godot/imported/mask_corner_a_dominant_00.png-426a5c6fbd50f9b4141f6e1c0de6309a.ctex
Completed load for: 'res://assets/overworld/terrain_masks/mask_corner_a_dominant_00.png' remapped 'res://assets/overworld/terrain_masks/mask_corner_a_dominant_00.png' at thread -1
Loading resource: res://assets/overworld/terrain_masks/mask_corner_a_dominant_00.png remapped: res://assets/overworld/terrain_masks/mask_corner_a_dominant_00.png
Loading resource: res://.godot/imported/mask_corner_a_dominant_00.png-426a5c6fbd50f9b4141f6e1c0de6309a.ctex remapped: res://.godot/imported/mask_corner_a_dominant_00.png-426a5c6fbd50f9b4141f6e1c0de6309a.ctex
Completed load for: 'res://assets/overworld/terrain_masks/mask_corner_a_dominant_00.png' remapped 'res://assets/overworld/terrain_masks/mask_corner_a_dominant_00.png' at thread -1
Loading resource: res://assets/overworld/terrain_masks/mask_corner_a_dominant_02.png remapped: res://assets/overworld/terrain_masks/mask_corner_a_dominant_02.png
Loading resource: res://.godot/imported/mask_corner_a_dominant_02.png-bd3c38b63920202f67915a9c479c0559.ctex remapped: res://.godot/imported/mask_corner_a_dominant_02.png-bd3c38b63920202f67915a9c479c0559.ctex
Completed load for: 'res://assets/overworld/terrain_masks/mask_corner_a_dominant_02.png' remapped 'res://assets/overworld/terrain_masks/mask_corner_a_dominant_02.png' at thread -1
Loading resource: res://assets/overworld/terrain_masks/mask_corner_a_dominant_02.png remapped: res://assets/overworld/terrain_masks/mask_corner_a_dominant_02.png
Loading resource: res://.godot/imported/mask_corner_a_dominant_02.png-bd3c38b63920202f67915a9c479c0559.ctex remapped: res://.godot/imported/mask_corner_a_dominant_02.png-bd3c38b63920202f67915a9c479c0559.ctex
Completed load for: 'res://assets/overworld/terrain_masks/mask_corner_a_dominant_02.png' remapped 'res://assets/overworld/terrain_masks/mask_corner_a_dominant_02.png' at thread -1
Loading resource: res://assets/overworld/terrain_masks/mask_horizontal_edge_small_02.png remapped: res://assets/overworld/terrain_masks/mask_horizontal_edge_small_02.png
Loading resource: res://.godot/imported/mask_horizontal_edge_small_02.png-61f57c402c9b58e86f60eabe83a6eb85.ctex remapped: res://.godot/imported/mask_horizontal_edge_small_02.png-61f57c402c9b58e86f60eabe83a6eb85.ctex
Completed load for: 'res://assets/overworld/terrain_masks/mask_horizontal_edge_small_02.png' remapped 'res://assets/overworld/terrain_masks/mask_horizontal_edge_small_02.png' at thread -1
Loading resource: res://assets/overworld/terrain_masks/mask_horizontal_edge_small_02.png remapped: res://assets/overworld/terrain_masks/mask_horizontal_edge_small_02.png
Loading resource: res://.godot/imported/mask_horizontal_edge_small_02.png-61f57c402c9b58e86f60eabe83a6eb85.ctex remapped: res://.godot/imported/mask_horizontal_edge_small_02.png-61f57c402c9b58e86f60eabe83a6eb85.ctex
Completed load for: 'res://assets/overworld/terrain_masks/mask_horizontal_edge_small_02.png' remapped 'res://assets/overworld/terrain_masks/mask_horizontal_edge_small_02.png' at thread -1
Loading resource: res://assets/overworld/terrain_masks/mask_vertical_edge_small_03.png remapped: res://assets/overworld/terrain_masks/mask_vertical_edge_small_03.png
Loading resource: res://.godot/imported/mask_vertical_edge_small_03.png-292b023af94446e5b4bcd26a88e46bb2.ctex remapped: res://.godot/imported/mask_vertical_edge_small_03.png-292b023af94446e5b4bcd26a88e46bb2.ctex
Completed load for: 'res://assets/overworld/terrain_masks/mask_vertical_edge_small_03.png' remapped 'res://assets/overworld/terrain_masks/mask_vertical_edge_small_03.png' at thread -1
Loading resource: res://assets/overworld/terrain_masks/mask_vertical_edge_small_03.png remapped: res://assets/overworld/terrain_masks/mask_vertical_edge_small_03.png
Loading resource: res://.godot/imported/mask_vertical_edge_small_03.png-292b023af94446e5b4bcd26a88e46bb2.ctex remapped: res://.godot/imported/mask_vertical_edge_small_03.png-292b023af94446e5b4bcd26a88e46bb2.ctex
Completed load for: 'res://assets/overworld/terrain_masks/mask_vertical_edge_small_03.png' remapped 'res://assets/overworld/terrain_masks/mask_vertical_edge_small_03.png' at thread -1
Loading resource: res://assets/overworld/terrain_masks/mask_corner_a_dominant_00.png remapped: res://assets/overworld/terrain_masks/mask_corner_a_dominant_00.png
Loading resource: res://.godot/imported/mask_corner_a_dominant_00.png-426a5c6fbd50f9b4141f6e1c0de6309a.ctex remapped: res://.godot/imported/mask_corner_a_dominant_00.png-426a5c6fbd50f9b4141f6e1c0de6309a.ctex
Completed load for: 'res://assets/overworld/terrain_masks/mask_corner_a_dominant_00.png' remapped 'res://assets/overworld/terrain_masks/mask_corner_a_dominant_00.png' at thread -1
Loading resource: res://assets/overworld/terrain_masks/mask_corner_a_dominant_00.png remapped: res://assets/overworld/terrain_masks/mask_corner_a_dominant_00.png
Loading resource: res://.godot/imported/mask_corner_a_dominant_00.png-426a5c6fbd50f9b4141f6e1c0de6309a.ctex remapped: res://.godot/imported/mask_corner_a_dominant_00.png-426a5c6fbd50f9b4141f6e1c0de6309a.ctex
Completed load for: 'res://assets/overworld/terrain_masks/mask_corner_a_dominant_00.png' remapped 'res://assets/overworld/terrain_masks/mask_corner_a_dominant_00.png' at thread -1
Loading resource: res://assets/overworld/terrain_masks/mask_corner_a_dominant_02.png remapped: res://assets/overworld/terrain_masks/mask_corner_a_dominant_02.png
Loading resource: res://.godot/imported/mask_corner_a_dominant_02.png-bd3c38b63920202f67915a9c479c0559.ctex remapped: res://.godot/imported/mask_corner_a_dominant_02.png-bd3c38b63920202f67915a9c479c0559.ctex
Completed load for: 'res://assets/overworld/terrain_masks/mask_corner_a_dominant_02.png' remapped 'res://assets/overworld/terrain_masks/mask_corner_a_dominant_02.png' at thread -1
Loading resource: res://assets/overworld/terrain_masks/mask_corner_a_dominant_02.png remapped: res://assets/overworld/terrain_masks/mask_corner_a_dominant_02.png
Loading resource: res://.godot/imported/mask_corner_a_dominant_02.png-bd3c38b63920202f67915a9c479c0559.ctex remapped: res://.godot/imported/mask_corner_a_dominant_02.png-bd3c38b63920202f67915a9c479c0559.ctex
Completed load for: 'res://assets/overworld/terrain_masks/mask_corner_a_dominant_02.png' remapped 'res://assets/overworld/terrain_masks/mask_corner_a_dominant_02.png' at thread -1
Loading resource: res://assets/overworld/terrain_masks/mask_horizontal_edge_small_02.png remapped: res://assets/overworld/terrain_masks/mask_horizontal_edge_small_02.png
Loading resource: res://.godot/imported/mask_horizontal_edge_small_02.png-61f57c402c9b58e86f60eabe83a6eb85.ctex remapped: res://.godot/imported/mask_horizontal_edge_small_02.png-61f57c402c9b58e86f60eabe83a6eb85.ctex
Completed load for: 'res://assets/overworld/terrain_masks/mask_horizontal_edge_small_02.png' remapped 'res://assets/overworld/terrain_masks/mask_horizontal_edge_small_02.png' at thread -1
Loading resource: res://assets/overworld/terrain_masks/mask_horizontal_edge_small_02.png remapped: res://assets/overworld/terrain_masks/mask_horizontal_edge_small_02.png
Loading resource: res://.godot/imported/mask_horizontal_edge_small_02.png-61f57c402c9b58e86f60eabe83a6eb85.ctex remapped: res://.godot/imported/mask_horizontal_edge_small_02.png-61f57c402c9b58e86f60eabe83a6eb85.ctex
Completed load for: 'res://assets/overworld/terrain_masks/mask_horizontal_edge_small_02.png' remapped 'res://assets/overworld/terrain_masks/mask_horizontal_edge_small_02.png' at thread -1
Loading resource: res://assets/overworld/terrain_masks/mask_vertical_edge_small_03.png remapped: res://assets/overworld/terrain_masks/mask_vertical_edge_small_03.png
Loading resource: res://.godot/imported/mask_vertical_edge_small_03.png-292b023af94446e5b4bcd26a88e46bb2.ctex remapped: res://.godot/imported/mask_vertical_edge_small_03.png-292b023af94446e5b4bcd26a88e46bb2.ctex
Completed load for: 'res://assets/overworld/terrain_masks/mask_vertical_edge_small_03.png' remapped 'res://assets/overworld/terrain_masks/mask_vertical_edge_small_03.png' at thread -1
Loading resource: res://assets/overworld/terrain_masks/mask_vertical_edge_small_03.png remapped: res://assets/overworld/terrain_masks/mask_vertical_edge_small_03.png
Loading resource: res://.godot/imported/mask_vertical_edge_small_03.png-292b023af94446e5b4bcd26a88e46bb2.ctex remapped: res://.godot/imported/mask_vertical_edge_small_03.png-292b023af94446e5b4bcd26a88e46bb2.ctex
Completed load for: 'res://assets/overworld/terrain_masks/mask_vertical_edge_small_03.png' remapped 'res://assets/overworld/terrain_masks/mask_vertical_edge_small_03.png' at thread -1
Loading resource: res://assets/overworld/terrain_masks/mask_corner_a_dominant_00.png remapped: res://assets/overworld/terrain_masks/mask_corner_a_dominant_00.png
Loading resource: res://.godot/imported/mask_corner_a_dominant_00.png-426a5c6fbd50f9b4141f6e1c0de6309a.ctex remapped: res://.godot/imported/mask_corner_a_dominant_00.png-426a5c6fbd50f9b4141f6e1c0de6309a.ctex
Completed load for: 'res://assets/overworld/terrain_masks/mask_corner_a_dominant_00.png' remapped 'res://assets/overworld/terrain_masks/mask_corner_a_dominant_00.png' at thread -1
Loading resource: res://assets/overworld/terrain_masks/mask_corner_a_dominant_00.png remapped: res://assets/overworld/terrain_masks/mask_corner_a_dominant_00.png
Loading resource: res://.godot/imported/mask_corner_a_dominant_00.png-426a5c6fbd50f9b4141f6e1c0de6309a.ctex remapped: res://.godot/imported/mask_corner_a_dominant_00.png-426a5c6fbd50f9b4141f6e1c0de6309a.ctex
Completed load for: 'res://assets/overworld/terrain_masks/mask_corner_a_dominant_00.png' remapped 'res://assets/overworld/terrain_masks/mask_corner_a_dominant_00.png' at thread -1
Loading resource: res://assets/overworld/terrain_masks/mask_corner_a_dominant_02.png remapped: res://assets/overworld/terrain_masks/mask_corner_a_dominant_02.png
Loading resource: res://.godot/imported/mask_corner_a_dominant_02.png-bd3c38b63920202f67915a9c479c0559.ctex remapped: res://.godot/imported/mask_corner_a_dominant_02.png-bd3c38b63920202f67915a9c479c0559.ctex
Completed load for: 'res://assets/overworld/terrain_masks/mask_corner_a_dominant_02.png' remapped 'res://assets/overworld/terrain_masks/mask_corner_a_dominant_02.png' at thread -1
Loading resource: res://assets/overworld/terrain_masks/mask_corner_a_dominant_02.png remapped: res://assets/overworld/terrain_masks/mask_corner_a_dominant_02.png
Loading resource: res://.godot/imported/mask_corner_a_dominant_02.png-bd3c38b63920202f67915a9c479c0559.ctex remapped: res://.godot/imported/mask_corner_a_dominant_02.png-bd3c38b63920202f67915a9c479c0559.ctex
Completed load for: 'res://assets/overworld/terrain_masks/mask_corner_a_dominant_02.png' remapped 'res://assets/overworld/terrain_masks/mask_corner_a_dominant_02.png' at thread -1
Loading resource: res://assets/overworld/terrain_masks/mask_horizontal_edge_small_02.png remapped: res://assets/overworld/terrain_masks/mask_horizontal_edge_small_02.png
Loading resource: res://.godot/imported/mask_horizontal_edge_small_02.png-61f57c402c9b58e86f60eabe83a6eb85.ctex remapped: res://.godot/imported/mask_horizontal_edge_small_02.png-61f57c402c9b58e86f60eabe83a6eb85.ctex
Completed load for: 'res://assets/overworld/terrain_masks/mask_horizontal_edge_small_02.png' remapped 'res://assets/overworld/terrain_masks/mask_horizontal_edge_small_02.png' at thread -1
Loading resource: res://assets/overworld/terrain_masks/mask_horizontal_edge_small_02.png remapped: res://assets/overworld/terrain_masks/mask_horizontal_edge_small_02.png
Loading resource: res://.godot/imported/mask_horizontal_edge_small_02.png-61f57c402c9b58e86f60eabe83a6eb85.ctex remapped: res://.godot/imported/mask_horizontal_edge_small_02.png-61f57c402c9b58e86f60eabe83a6eb85.ctex
Completed load for: 'res://assets/overworld/terrain_masks/mask_horizontal_edge_small_02.png' remapped 'res://assets/overworld/terrain_masks/mask_horizontal_edge_small_02.png' at thread -1
Loading resource: res://assets/overworld/terrain_masks/mask_vertical_edge_small_03.png remapped: res://assets/overworld/terrain_masks/mask_vertical_edge_small_03.png
Loading resource: res://.godot/imported/mask_vertical_edge_small_03.png-292b023af94446e5b4bcd26a88e46bb2.ctex remapped: res://.godot/imported/mask_vertical_edge_small_03.png-292b023af94446e5b4bcd26a88e46bb2.ctex
Completed load for: 'res://assets/overworld/terrain_masks/mask_vertical_edge_small_03.png' remapped 'res://assets/overworld/terrain_masks/mask_vertical_edge_small_03.png' at thread -1
Loading resource: res://assets/overworld/terrain_masks/mask_vertical_edge_small_03.png remapped: res://assets/overworld/terrain_masks/mask_vertical_edge_small_03.png
Loading resource: res://.godot/imported/mask_vertical_edge_small_03.png-292b023af94446e5b4bcd26a88e46bb2.ctex remapped: res://.godot/imported/mask_vertical_edge_small_03.png-292b023af94446e5b4bcd26a88e46bb2.ctex
Completed load for: 'res://assets/overworld/terrain_masks/mask_vertical_edge_small_03.png' remapped 'res://assets/overworld/terrain_masks/mask_vertical_edge_small_03.png' at thread -1
Loading resource: res://assets/overworld/terrain_masks/mask_horizontal_edge_small_01.png remapped: res://assets/overworld/terrain_masks/mask_horizontal_edge_small_01.png
Loading resource: res://.godot/imported/mask_horizontal_edge_small_01.png-925c7a67195149bb83a41d96227ef297.ctex remapped: res://.godot/imported/mask_horizontal_edge_small_01.png-925c7a67195149bb83a41d96227ef297.ctex
Completed load for: 'res://assets/overworld/terrain_masks/mask_horizontal_edge_small_01.png' remapped 'res://assets/overworld/terrain_masks/mask_horizontal_edge_small_01.png' at thread -1
Loading resource: res://assets/overworld/terrain_masks/mask_horizontal_edge_small_01.png remapped: res://assets/overworld/terrain_masks/mask_horizontal_edge_small_01.png
Loading resource: res://.godot/imported/mask_horizontal_edge_small_01.png-925c7a67195149bb83a41d96227ef297.ctex remapped: res://.godot/imported/mask_horizontal_edge_small_01.png-925c7a67195149bb83a41d96227ef297.ctex
Completed load for: 'res://assets/overworld/terrain_masks/mask_horizontal_edge_small_01.png' remapped 'res://assets/overworld/terrain_masks/mask_horizontal_edge_small_01.png' at thread -1
Loading resource: res://assets/overworld/terrain_masks/mask_horizontal_edge_small_01.png remapped: res://assets/overworld/terrain_masks/mask_horizontal_edge_small_01.png
Loading resource: res://.godot/imported/mask_horizontal_edge_small_01.png-925c7a67195149bb83a41d96227ef297.ctex remapped: res://.godot/imported/mask_horizontal_edge_small_01.png-925c7a67195149bb83a41d96227ef297.ctex
Completed load for: 'res://assets/overworld/terrain_masks/mask_horizontal_edge_small_01.png' remapped 'res://assets/overworld/terrain_masks/mask_horizontal_edge_small_01.png' at thread -1
Loading resource: res://assets/overworld/terrain_masks/mask_horizontal_edge_small_01.png remapped: res://assets/overworld/terrain_masks/mask_horizontal_edge_small_01.png
Loading resource: res://.godot/imported/mask_horizontal_edge_small_01.png-925c7a67195149bb83a41d96227ef297.ctex remapped: res://.godot/imported/mask_horizontal_edge_small_01.png-925c7a67195149bb83a41d96227ef297.ctex
Completed load for: 'res://assets/overworld/terrain_masks/mask_horizontal_edge_small_01.png' remapped 'res://assets/overworld/terrain_masks/mask_horizontal_edge_small_01.png' at thread -1
Loading resource: res://assets/overworld/terrain_masks/mask_horizontal_edge_small_01.png remapped: res://assets/overworld/terrain_masks/mask_horizontal_edge_small_01.png
Loading resource: res://.godot/imported/mask_horizontal_edge_small_01.png-925c7a67195149bb83a41d96227ef297.ctex remapped: res://.godot/imported/mask_horizontal_edge_small_01.png-925c7a67195149bb83a41d96227ef297.ctex
Completed load for: 'res://assets/overworld/terrain_masks/mask_horizontal_edge_small_01.png' remapped 'res://assets/overworld/terrain_masks/mask_horizontal_edge_small_01.png' at thread -1
Loading resource: res://assets/overworld/terrain_masks/mask_horizontal_edge_small_01.png remapped: res://assets/overworld/terrain_masks/mask_horizontal_edge_small_01.png
Loading resource: res://.godot/imported/mask_horizontal_edge_small_01.png-925c7a67195149bb83a41d96227ef297.ctex remapped: res://.godot/imported/mask_horizontal_edge_small_01.png-925c7a67195149bb83a41d96227ef297.ctex
Completed load for: 'res://assets/overworld/terrain_masks/mask_horizontal_edge_small_01.png' remapped 'res://assets/overworld/terrain_masks/mask_horizontal_edge_small_01.png' at thread -1
Loading resource: res://assets/overworld/terrain_masks/mask_horizontal_edge_small_01.png remapped: res://assets/overworld/terrain_masks/mask_horizontal_edge_small_01.png
Loading resource: res://.godot/imported/mask_horizontal_edge_small_01.png-925c7a67195149bb83a41d96227ef297.ctex remapped: res://.godot/imported/mask_horizontal_edge_small_01.png-925c7a67195149bb83a41d96227ef297.ctex
Completed load for: 'res://assets/overworld/terrain_masks/mask_horizontal_edge_small_01.png' remapped 'res://assets/overworld/terrain_masks/mask_horizontal_edge_small_01.png' at thread -1
Loading resource: res://assets/overworld/terrain_masks/mask_horizontal_edge_small_01.png remapped: res://assets/overworld/terrain_masks/mask_horizontal_edge_small_01.png
Loading resource: res://.godot/imported/mask_horizontal_edge_small_01.png-925c7a67195149bb83a41d96227ef297.ctex remapped: res://.godot/imported/mask_horizontal_edge_small_01.png-925c7a67195149bb83a41d96227ef297.ctex
Completed load for: 'res://assets/overworld/terrain_masks/mask_horizontal_edge_small_01.png' remapped 'res://assets/overworld/terrain_masks/mask_horizontal_edge_small_01.png' at thread -1
Loading resource: res://assets/overworld/terrain_masks/mask_horizontal_edge_small_00.png remapped: res://assets/overworld/terrain_masks/mask_horizontal_edge_small_00.png
Loading resource: res://.godot/imported/mask_horizontal_edge_small_00.png-c41d7ae1dd8b3c349c09d5890e2d0d16.ctex remapped: res://.godot/imported/mask_horizontal_edge_small_00.png-c41d7ae1dd8b3c349c09d5890e2d0d16.ctex
Completed load for: 'res://assets/overworld/terrain_masks/mask_horizontal_edge_small_00.png' remapped 'res://assets/overworld/terrain_masks/mask_horizontal_edge_small_00.png' at thread -1
Loading resource: res://assets/overworld/terrain_masks/mask_horizontal_edge_small_00.png remapped: res://assets/overworld/terrain_masks/mask_horizontal_edge_small_00.png
Loading resource: res://.godot/imported/mask_horizontal_edge_small_00.png-c41d7ae1dd8b3c349c09d5890e2d0d16.ctex remapped: res://.godot/imported/mask_horizontal_edge_small_00.png-c41d7ae1dd8b3c349c09d5890e2d0d16.ctex
Completed load for: 'res://assets/overworld/terrain_masks/mask_horizontal_edge_small_00.png' remapped 'res://assets/overworld/terrain_masks/mask_horizontal_edge_small_00.png' at thread -1
Loading resource: res://assets/overworld/terrain_masks/mask_horizontal_edge_small_00.png remapped: res://assets/overworld/terrain_masks/mask_horizontal_edge_small_00.png
Loading resource: res://.godot/imported/mask_horizontal_edge_small_00.png-c41d7ae1dd8b3c349c09d5890e2d0d16.ctex remapped: res://.godot/imported/mask_horizontal_edge_small_00.png-c41d7ae1dd8b3c349c09d5890e2d0d16.ctex
Completed load for: 'res://assets/overworld/terrain_masks/mask_horizontal_edge_small_00.png' remapped 'res://assets/overworld/terrain_masks/mask_horizontal_edge_small_00.png' at thread -1
Loading resource: res://assets/overworld/terrain_masks/mask_horizontal_edge_small_00.png remapped: res://assets/overworld/terrain_masks/mask_horizontal_edge_small_00.png
Loading resource: res://.godot/imported/mask_horizontal_edge_small_00.png-c41d7ae1dd8b3c349c09d5890e2d0d16.ctex remapped: res://.godot/imported/mask_horizontal_edge_small_00.png-c41d7ae1dd8b3c349c09d5890e2d0d16.ctex
Completed load for: 'res://assets/overworld/terrain_masks/mask_horizontal_edge_small_00.png' remapped 'res://assets/overworld/terrain_masks/mask_horizontal_edge_small_00.png' at thread -1
Loading resource: res://assets/overworld/terrain_masks/mask_horizontal_edge_small_00.png remapped: res://assets/overworld/terrain_masks/mask_horizontal_edge_small_00.png
Loading resource: res://.godot/imported/mask_horizontal_edge_small_00.png-c41d7ae1dd8b3c349c09d5890e2d0d16.ctex remapped: res://.godot/imported/mask_horizontal_edge_small_00.png-c41d7ae1dd8b3c349c09d5890e2d0d16.ctex
Completed load for: 'res://assets/overworld/terrain_masks/mask_horizontal_edge_small_00.png' remapped 'res://assets/overworld/terrain_masks/mask_horizontal_edge_small_00.png' at thread -1
Loading resource: res://assets/overworld/terrain_masks/mask_horizontal_edge_small_00.png remapped: res://assets/overworld/terrain_masks/mask_horizontal_edge_small_00.png
Loading resource: res://.godot/imported/mask_horizontal_edge_small_00.png-c41d7ae1dd8b3c349c09d5890e2d0d16.ctex remapped: res://.godot/imported/mask_horizontal_edge_small_00.png-c41d7ae1dd8b3c349c09d5890e2d0d16.ctex
Completed load for: 'res://assets/overworld/terrain_masks/mask_horizontal_edge_small_00.png' remapped 'res://assets/overworld/terrain_masks/mask_horizontal_edge_small_00.png' at thread -1
Loading resource: res://assets/overworld/terrain_masks/mask_horizontal_edge_small_00.png remapped: res://assets/overworld/terrain_masks/mask_horizontal_edge_small_00.png
Loading resource: res://.godot/imported/mask_horizontal_edge_small_00.png-c41d7ae1dd8b3c349c09d5890e2d0d16.ctex remapped: res://.godot/imported/mask_horizontal_edge_small_00.png-c41d7ae1dd8b3c349c09d5890e2d0d16.ctex
Completed load for: 'res://assets/overworld/terrain_masks/mask_horizontal_edge_small_00.png' remapped 'res://assets/overworld/terrain_masks/mask_horizontal_edge_small_00.png' at thread -1
Loading resource: res://assets/overworld/terrain_masks/mask_horizontal_edge_small_00.png remapped: res://assets/overworld/terrain_masks/mask_horizontal_edge_small_00.png
Loading resource: res://.godot/imported/mask_horizontal_edge_small_00.png-c41d7ae1dd8b3c349c09d5890e2d0d16.ctex remapped: res://.godot/imported/mask_horizontal_edge_small_00.png-c41d7ae1dd8b3c349c09d5890e2d0d16.ctex
Completed load for: 'res://assets/overworld/terrain_masks/mask_horizontal_edge_small_00.png' remapped 'res://assets/overworld/terrain_masks/mask_horizontal_edge_small_00.png' at thread -1
Loading resource: res://assets/overworld/terrain_masks/mask_horizontal_edge_small_00.png remapped: res://assets/overworld/terrain_masks/mask_horizontal_edge_small_00.png
Loading resource: res://.godot/imported/mask_horizontal_edge_small_00.png-c41d7ae1dd8b3c349c09d5890e2d0d16.ctex remapped: res://.godot/imported/mask_horizontal_edge_small_00.png-c41d7ae1dd8b3c349c09d5890e2d0d16.ctex
Completed load for: 'res://assets/overworld/terrain_masks/mask_horizontal_edge_small_00.png' remapped 'res://assets/overworld/terrain_masks/mask_horizontal_edge_small_00.png' at thread -1
Loading resource: res://assets/overworld/terrain_masks/mask_horizontal_edge_small_00.png remapped: res://assets/overworld/terrain_masks/mask_horizontal_edge_small_00.png
Loading resource: res://.godot/imported/mask_horizontal_edge_small_00.png-c41d7ae1dd8b3c349c09d5890e2d0d16.ctex remapped: res://.godot/imported/mask_horizontal_edge_small_00.png-c41d7ae1dd8b3c349c09d5890e2d0d16.ctex
Completed load for: 'res://assets/overworld/terrain_masks/mask_horizontal_edge_small_00.png' remapped 'res://assets/overworld/terrain_masks/mask_horizontal_edge_small_00.png' at thread -1
Loading resource: res://assets/overworld/terrain_masks/mask_horizontal_edge_small_00.png remapped: res://assets/overworld/terrain_masks/mask_horizontal_edge_small_00.png
Loading resource: res://.godot/imported/mask_horizontal_edge_small_00.png-c41d7ae1dd8b3c349c09d5890e2d0d16.ctex remapped: res://.godot/imported/mask_horizontal_edge_small_00.png-c41d7ae1dd8b3c349c09d5890e2d0d16.ctex
Completed load for: 'res://assets/overworld/terrain_masks/mask_horizontal_edge_small_00.png' remapped 'res://assets/overworld/terrain_masks/mask_horizontal_edge_small_00.png' at thread -1
Loading resource: res://assets/overworld/terrain_masks/mask_horizontal_edge_small_00.png remapped: res://assets/overworld/terrain_masks/mask_horizontal_edge_small_00.png
Loading resource: res://.godot/imported/mask_horizontal_edge_small_00.png-c41d7ae1dd8b3c349c09d5890e2d0d16.ctex remapped: res://.godot/imported/mask_horizontal_edge_small_00.png-c41d7ae1dd8b3c349c09d5890e2d0d16.ctex
Completed load for: 'res://assets/overworld/terrain_masks/mask_horizontal_edge_small_00.png' remapped 'res://assets/overworld/terrain_masks/mask_horizontal_edge_small_00.png' at thread -1
Loading resource: res://assets/overworld/terrain_masks/mask_horizontal_edge_small_00.png remapped: res://assets/overworld/terrain_masks/mask_horizontal_edge_small_00.png
Loading resource: res://.godot/imported/mask_horizontal_edge_small_00.png-c41d7ae1dd8b3c349c09d5890e2d0d16.ctex remapped: res://.godot/imported/mask_horizontal_edge_small_00.png-c41d7ae1dd8b3c349c09d5890e2d0d16.ctex
Completed load for: 'res://assets/overworld/terrain_masks/mask_horizontal_edge_small_00.png' remapped 'res://assets/overworld/terrain_masks/mask_horizontal_edge_small_00.png' at thread -1
Loading resource: res://assets/overworld/terrain_masks/mask_horizontal_edge_small_00.png remapped: res://assets/overworld/terrain_masks/mask_horizontal_edge_small_00.png
Loading resource: res://.godot/imported/mask_horizontal_edge_small_00.png-c41d7ae1dd8b3c349c09d5890e2d0d16.ctex remapped: res://.godot/imported/mask_horizontal_edge_small_00.png-c41d7ae1dd8b3c349c09d5890e2d0d16.ctex
Completed load for: 'res://assets/overworld/terrain_masks/mask_horizontal_edge_small_00.png' remapped 'res://assets/overworld/terrain_masks/mask_horizontal_edge_small_00.png' at thread -1
Loading resource: res://assets/overworld/terrain_masks/mask_horizontal_edge_small_00.png remapped: res://assets/overworld/terrain_masks/mask_horizontal_edge_small_00.png
Loading resource: res://.godot/imported/mask_horizontal_edge_small_00.png-c41d7ae1dd8b3c349c09d5890e2d0d16.ctex remapped: res://.godot/imported/mask_horizontal_edge_small_00.png-c41d7ae1dd8b3c349c09d5890e2d0d16.ctex
Completed load for: 'res://assets/overworld/terrain_masks/mask_horizontal_edge_small_00.png' remapped 'res://assets/overworld/terrain_masks/mask_horizontal_edge_small_00.png' at thread -1
Loading resource: res://assets/overworld/terrain_masks/mask_horizontal_edge_small_00.png remapped: res://assets/overworld/terrain_masks/mask_horizontal_edge_small_00.png
Loading resource: res://.godot/imported/mask_horizontal_edge_small_00.png-c41d7ae1dd8b3c349c09d5890e2d0d16.ctex remapped: res://.godot/imported/mask_horizontal_edge_small_00.png-c41d7ae1dd8b3c349c09d5890e2d0d16.ctex
Completed load for: 'res://assets/overworld/terrain_masks/mask_horizontal_edge_small_00.png' remapped 'res://assets/overworld/terrain_masks/mask_horizontal_edge_small_00.png' at thread -1
Loading resource: res://assets/overworld/terrain_masks/mask_corner_a_dominant_01.png remapped: res://assets/overworld/terrain_masks/mask_corner_a_dominant_01.png
Loading resource: res://.godot/imported/mask_corner_a_dominant_01.png-53ee1f73631e43ff8444faeb79c34332.ctex remapped: res://.godot/imported/mask_corner_a_dominant_01.png-53ee1f73631e43ff8444faeb79c34332.ctex
Completed load for: 'res://assets/overworld/terrain_masks/mask_corner_a_dominant_01.png' remapped 'res://assets/overworld/terrain_masks/mask_corner_a_dominant_01.png' at thread -1
Loading resource: res://assets/overworld/terrain_masks/mask_corner_a_dominant_01.png remapped: res://assets/overworld/terrain_masks/mask_corner_a_dominant_01.png
Loading resource: res://.godot/imported/mask_corner_a_dominant_01.png-53ee1f73631e43ff8444faeb79c34332.ctex remapped: res://.godot/imported/mask_corner_a_dominant_01.png-53ee1f73631e43ff8444faeb79c34332.ctex
Completed load for: 'res://assets/overworld/terrain_masks/mask_corner_a_dominant_01.png' remapped 'res://assets/overworld/terrain_masks/mask_corner_a_dominant_01.png' at thread -1
Loading resource: res://assets/overworld/terrain_masks/mask_corner_a_dominant_01.png remapped: res://assets/overworld/terrain_masks/mask_corner_a_dominant_01.png
Loading resource: res://.godot/imported/mask_corner_a_dominant_01.png-53ee1f73631e43ff8444faeb79c34332.ctex remapped: res://.godot/imported/mask_corner_a_dominant_01.png-53ee1f73631e43ff8444faeb79c34332.ctex
Completed load for: 'res://assets/overworld/terrain_masks/mask_corner_a_dominant_01.png' remapped 'res://assets/overworld/terrain_masks/mask_corner_a_dominant_01.png' at thread -1
Loading resource: res://assets/overworld/terrain_masks/mask_corner_a_dominant_01.png remapped: res://assets/overworld/terrain_masks/mask_corner_a_dominant_01.png
Loading resource: res://.godot/imported/mask_corner_a_dominant_01.png-53ee1f73631e43ff8444faeb79c34332.ctex remapped: res://.godot/imported/mask_corner_a_dominant_01.png-53ee1f73631e43ff8444faeb79c34332.ctex
Completed load for: 'res://assets/overworld/terrain_masks/mask_corner_a_dominant_01.png' remapped 'res://assets/overworld/terrain_masks/mask_corner_a_dominant_01.png' at thread -1
Loading resource: res://assets/overworld/terrain_masks/mask_corner_a_dominant_01.png remapped: res://assets/overworld/terrain_masks/mask_corner_a_dominant_01.png
Loading resource: res://.godot/imported/mask_corner_a_dominant_01.png-53ee1f73631e43ff8444faeb79c34332.ctex remapped: res://.godot/imported/mask_corner_a_dominant_01.png-53ee1f73631e43ff8444faeb79c34332.ctex
Completed load for: 'res://assets/overworld/terrain_masks/mask_corner_a_dominant_01.png' remapped 'res://assets/overworld/terrain_masks/mask_corner_a_dominant_01.png' at thread -1
Loading resource: res://assets/overworld/terrain_masks/mask_corner_a_dominant_01.png remapped: res://assets/overworld/terrain_masks/mask_corner_a_dominant_01.png
Loading resource: res://.godot/imported/mask_corner_a_dominant_01.png-53ee1f73631e43ff8444faeb79c34332.ctex remapped: res://.godot/imported/mask_corner_a_dominant_01.png-53ee1f73631e43ff8444faeb79c34332.ctex
Completed load for: 'res://assets/overworld/terrain_masks/mask_corner_a_dominant_01.png' remapped 'res://assets/overworld/terrain_masks/mask_corner_a_dominant_01.png' at thread -1
Loading resource: res://assets/overworld/terrain_masks/mask_corner_a_dominant_01.png remapped: res://assets/overworld/terrain_masks/mask_corner_a_dominant_01.png
Loading resource: res://.godot/imported/mask_corner_a_dominant_01.png-53ee1f73631e43ff8444faeb79c34332.ctex remapped: res://.godot/imported/mask_corner_a_dominant_01.png-53ee1f73631e43ff8444faeb79c34332.ctex
Completed load for: 'res://assets/overworld/terrain_masks/mask_corner_a_dominant_01.png' remapped 'res://assets/overworld/terrain_masks/mask_corner_a_dominant_01.png' at thread -1
Loading resource: res://assets/overworld/terrain_masks/mask_corner_a_dominant_01.png remapped: res://assets/overworld/terrain_masks/mask_corner_a_dominant_01.png
Loading resource: res://.godot/imported/mask_corner_a_dominant_01.png-53ee1f73631e43ff8444faeb79c34332.ctex remapped: res://.godot/imported/mask_corner_a_dominant_01.png-53ee1f73631e43ff8444faeb79c34332.ctex
Completed load for: 'res://assets/overworld/terrain_masks/mask_corner_a_dominant_01.png' remapped 'res://assets/overworld/terrain_masks/mask_corner_a_dominant_01.png' at thread -1
Loading resource: res://assets/overworld/terrain_masks/mask_vertical_edge_small_02.png remapped: res://assets/overworld/terrain_masks/mask_vertical_edge_small_02.png
Loading resource: res://.godot/imported/mask_vertical_edge_small_02.png-9180eb89955eaa2ca72016667bc9a4f2.ctex remapped: res://.godot/imported/mask_vertical_edge_small_02.png-9180eb89955eaa2ca72016667bc9a4f2.ctex
Completed load for: 'res://assets/overworld/terrain_masks/mask_vertical_edge_small_02.png' remapped 'res://assets/overworld/terrain_masks/mask_vertical_edge_small_02.png' at thread -1
Loading resource: res://assets/overworld/terrain_masks/mask_vertical_edge_small_02.png remapped: res://assets/overworld/terrain_masks/mask_vertical_edge_small_02.png
Loading resource: res://.godot/imported/mask_vertical_edge_small_02.png-9180eb89955eaa2ca72016667bc9a4f2.ctex remapped: res://.godot/imported/mask_vertical_edge_small_02.png-9180eb89955eaa2ca72016667bc9a4f2.ctex
Completed load for: 'res://assets/overworld/terrain_masks/mask_vertical_edge_small_02.png' remapped 'res://assets/overworld/terrain_masks/mask_vertical_edge_small_02.png' at thread -1
Loading resource: res://assets/overworld/terrain_masks/mask_vertical_edge_small_04.png remapped: res://assets/overworld/terrain_masks/mask_vertical_edge_small_04.png
Loading resource: res://.godot/imported/mask_vertical_edge_small_04.png-1607ba2fd4f203d5d2b7386d4c801884.ctex remapped: res://.godot/imported/mask_vertical_edge_small_04.png-1607ba2fd4f203d5d2b7386d4c801884.ctex
Completed load for: 'res://assets/overworld/terrain_masks/mask_vertical_edge_small_04.png' remapped 'res://assets/overworld/terrain_masks/mask_vertical_edge_small_04.png' at thread -1
Loading resource: res://assets/overworld/terrain_masks/mask_vertical_edge_small_04.png remapped: res://assets/overworld/terrain_masks/mask_vertical_edge_small_04.png
Loading resource: res://.godot/imported/mask_vertical_edge_small_04.png-1607ba2fd4f203d5d2b7386d4c801884.ctex remapped: res://.godot/imported/mask_vertical_edge_small_04.png-1607ba2fd4f203d5d2b7386d4c801884.ctex
Completed load for: 'res://assets/overworld/terrain_masks/mask_vertical_edge_small_04.png' remapped 'res://assets/overworld/terrain_masks/mask_vertical_edge_small_04.png' at thread -1
Loading resource: res://assets/overworld/terrain_masks/mask_vertical_edge_small_02.png remapped: res://assets/overworld/terrain_masks/mask_vertical_edge_small_02.png
Loading resource: res://.godot/imported/mask_vertical_edge_small_02.png-9180eb89955eaa2ca72016667bc9a4f2.ctex remapped: res://.godot/imported/mask_vertical_edge_small_02.png-9180eb89955eaa2ca72016667bc9a4f2.ctex
Completed load for: 'res://assets/overworld/terrain_masks/mask_vertical_edge_small_02.png' remapped 'res://assets/overworld/terrain_masks/mask_vertical_edge_small_02.png' at thread -1
Loading resource: res://assets/overworld/terrain_masks/mask_vertical_edge_small_02.png remapped: res://assets/overworld/terrain_masks/mask_vertical_edge_small_02.png
Loading resource: res://.godot/imported/mask_vertical_edge_small_02.png-9180eb89955eaa2ca72016667bc9a4f2.ctex remapped: res://.godot/imported/mask_vertical_edge_small_02.png-9180eb89955eaa2ca72016667bc9a4f2.ctex
Completed load for: 'res://assets/overworld/terrain_masks/mask_vertical_edge_small_02.png' remapped 'res://assets/overworld/terrain_masks/mask_vertical_edge_small_02.png' at thread -1
Loading resource: res://assets/overworld/terrain_masks/mask_vertical_edge_small_04.png remapped: res://assets/overworld/terrain_masks/mask_vertical_edge_small_04.png
Loading resource: res://.godot/imported/mask_vertical_edge_small_04.png-1607ba2fd4f203d5d2b7386d4c801884.ctex remapped: res://.godot/imported/mask_vertical_edge_small_04.png-1607ba2fd4f203d5d2b7386d4c801884.ctex
Completed load for: 'res://assets/overworld/terrain_masks/mask_vertical_edge_small_04.png' remapped 'res://assets/overworld/terrain_masks/mask_vertical_edge_small_04.png' at thread -1
Loading resource: res://assets/overworld/terrain_masks/mask_vertical_edge_small_04.png remapped: res://assets/overworld/terrain_masks/mask_vertical_edge_small_04.png
Loading resource: res://.godot/imported/mask_vertical_edge_small_04.png-1607ba2fd4f203d5d2b7386d4c801884.ctex remapped: res://.godot/imported/mask_vertical_edge_small_04.png-1607ba2fd4f203d5d2b7386d4c801884.ctex
Completed load for: 'res://assets/overworld/terrain_masks/mask_vertical_edge_small_04.png' remapped 'res://assets/overworld/terrain_masks/mask_vertical_edge_small_04.png' at thread -1
Loading resource: res://assets/overworld/terrain_masks/mask_vertical_edge_small_02.png remapped: res://assets/overworld/terrain_masks/mask_vertical_edge_small_02.png
Loading resource: res://.godot/imported/mask_vertical_edge_small_02.png-9180eb89955eaa2ca72016667bc9a4f2.ctex remapped: res://.godot/imported/mask_vertical_edge_small_02.png-9180eb89955eaa2ca72016667bc9a4f2.ctex
Completed load for: 'res://assets/overworld/terrain_masks/mask_vertical_edge_small_02.png' remapped 'res://assets/overworld/terrain_masks/mask_vertical_edge_small_02.png' at thread -1
Loading resource: res://assets/overworld/terrain_masks/mask_vertical_edge_small_02.png remapped: res://assets/overworld/terrain_masks/mask_vertical_edge_small_02.png
Loading resource: res://.godot/imported/mask_vertical_edge_small_02.png-9180eb89955eaa2ca72016667bc9a4f2.ctex remapped: res://.godot/imported/mask_vertical_edge_small_02.png-9180eb89955eaa2ca72016667bc9a4f2.ctex
Completed load for: 'res://assets/overworld/terrain_masks/mask_vertical_edge_small_02.png' remapped 'res://assets/overworld/terrain_masks/mask_vertical_edge_small_02.png' at thread -1
Loading resource: res://assets/overworld/terrain_masks/mask_vertical_edge_small_04.png remapped: res://assets/overworld/terrain_masks/mask_vertical_edge_small_04.png
Loading resource: res://.godot/imported/mask_vertical_edge_small_04.png-1607ba2fd4f203d5d2b7386d4c801884.ctex remapped: res://.godot/imported/mask_vertical_edge_small_04.png-1607ba2fd4f203d5d2b7386d4c801884.ctex
Completed load for: 'res://assets/overworld/terrain_masks/mask_vertical_edge_small_04.png' remapped 'res://assets/overworld/terrain_masks/mask_vertical_edge_small_04.png' at thread -1
Loading resource: res://assets/overworld/terrain_masks/mask_vertical_edge_small_04.png remapped: res://assets/overworld/terrain_masks/mask_vertical_edge_small_04.png
Loading resource: res://.godot/imported/mask_vertical_edge_small_04.png-1607ba2fd4f203d5d2b7386d4c801884.ctex remapped: res://.godot/imported/mask_vertical_edge_small_04.png-1607ba2fd4f203d5d2b7386d4c801884.ctex
Completed load for: 'res://assets/overworld/terrain_masks/mask_vertical_edge_small_04.png' remapped 'res://assets/overworld/terrain_masks/mask_vertical_edge_small_04.png' at thread -1
Loading resource: res://assets/overworld/terrain_masks/mask_vertical_edge_small_02.png remapped: res://assets/overworld/terrain_masks/mask_vertical_edge_small_02.png
Loading resource: res://.godot/imported/mask_vertical_edge_small_02.png-9180eb89955eaa2ca72016667bc9a4f2.ctex remapped: res://.godot/imported/mask_vertical_edge_small_02.png-9180eb89955eaa2ca72016667bc9a4f2.ctex
Completed load for: 'res://assets/overworld/terrain_masks/mask_vertical_edge_small_02.png' remapped 'res://assets/overworld/terrain_masks/mask_vertical_edge_small_02.png' at thread -1
Loading resource: res://assets/overworld/terrain_masks/mask_vertical_edge_small_02.png remapped: res://assets/overworld/terrain_masks/mask_vertical_edge_small_02.png
Loading resource: res://.godot/imported/mask_vertical_edge_small_02.png-9180eb89955eaa2ca72016667bc9a4f2.ctex remapped: res://.godot/imported/mask_vertical_edge_small_02.png-9180eb89955eaa2ca72016667bc9a4f2.ctex
Completed load for: 'res://assets/overworld/terrain_masks/mask_vertical_edge_small_02.png' remapped 'res://assets/overworld/terrain_masks/mask_vertical_edge_small_02.png' at thread -1
Loading resource: res://assets/overworld/terrain_masks/mask_vertical_edge_small_04.png remapped: res://assets/overworld/terrain_masks/mask_vertical_edge_small_04.png
Loading resource: res://.godot/imported/mask_vertical_edge_small_04.png-1607ba2fd4f203d5d2b7386d4c801884.ctex remapped: res://.godot/imported/mask_vertical_edge_small_04.png-1607ba2fd4f203d5d2b7386d4c801884.ctex
Completed load for: 'res://assets/overworld/terrain_masks/mask_vertical_edge_small_04.png' remapped 'res://assets/overworld/terrain_masks/mask_vertical_edge_small_04.png' at thread -1
Loading resource: res://assets/overworld/terrain_masks/mask_vertical_edge_small_04.png remapped: res://assets/overworld/terrain_masks/mask_vertical_edge_small_04.png
Loading resource: res://.godot/imported/mask_vertical_edge_small_04.png-1607ba2fd4f203d5d2b7386d4c801884.ctex remapped: res://.godot/imported/mask_vertical_edge_small_04.png-1607ba2fd4f203d5d2b7386d4c801884.ctex
Completed load for: 'res://assets/overworld/terrain_masks/mask_vertical_edge_small_04.png' remapped 'res://assets/overworld/terrain_masks/mask_vertical_edge_small_04.png' at thread -1
Loading resource: res://assets/overworld/terrain_masks/mask_vertical_edge_small_02.png remapped: res://assets/overworld/terrain_masks/mask_vertical_edge_small_02.png
Loading resource: res://.godot/imported/mask_vertical_edge_small_02.png-9180eb89955eaa2ca72016667bc9a4f2.ctex remapped: res://.godot/imported/mask_vertical_edge_small_02.png-9180eb89955eaa2ca72016667bc9a4f2.ctex
Completed load for: 'res://assets/overworld/terrain_masks/mask_vertical_edge_small_02.png' remapped 'res://assets/overworld/terrain_masks/mask_vertical_edge_small_02.png' at thread -1
Loading resource: res://assets/overworld/terrain_masks/mask_vertical_edge_small_02.png remapped: res://assets/overworld/terrain_masks/mask_vertical_edge_small_02.png
Loading resource: res://.godot/imported/mask_vertical_edge_small_02.png-9180eb89955eaa2ca72016667bc9a4f2.ctex remapped: res://.godot/imported/mask_vertical_edge_small_02.png-9180eb89955eaa2ca72016667bc9a4f2.ctex
Completed load for: 'res://assets/overworld/terrain_masks/mask_vertical_edge_small_02.png' remapped 'res://assets/overworld/terrain_masks/mask_vertical_edge_small_02.png' at thread -1
Loading resource: res://assets/overworld/terrain_masks/mask_vertical_edge_small_01.png remapped: res://assets/overworld/terrain_masks/mask_vertical_edge_small_01.png
Loading resource: res://.godot/imported/mask_vertical_edge_small_01.png-ca781f158bc3ba2f46054307b17ca229.ctex remapped: res://.godot/imported/mask_vertical_edge_small_01.png-ca781f158bc3ba2f46054307b17ca229.ctex
Completed load for: 'res://assets/overworld/terrain_masks/mask_vertical_edge_small_01.png' remapped 'res://assets/overworld/terrain_masks/mask_vertical_edge_small_01.png' at thread -1
Loading resource: res://assets/overworld/terrain_masks/mask_vertical_edge_small_01.png remapped: res://assets/overworld/terrain_masks/mask_vertical_edge_small_01.png
Loading resource: res://.godot/imported/mask_vertical_edge_small_01.png-ca781f158bc3ba2f46054307b17ca229.ctex remapped: res://.godot/imported/mask_vertical_edge_small_01.png-ca781f158bc3ba2f46054307b17ca229.ctex
Completed load for: 'res://assets/overworld/terrain_masks/mask_vertical_edge_small_01.png' remapped 'res://assets/overworld/terrain_masks/mask_vertical_edge_small_01.png' at thread -1
Loading resource: res://assets/overworld/terrain_masks/mask_corner_a_dominant_00.png remapped: res://assets/overworld/terrain_masks/mask_corner_a_dominant_00.png
Loading resource: res://.godot/imported/mask_corner_a_dominant_00.png-426a5c6fbd50f9b4141f6e1c0de6309a.ctex remapped: res://.godot/imported/mask_corner_a_dominant_00.png-426a5c6fbd50f9b4141f6e1c0de6309a.ctex
Completed load for: 'res://assets/overworld/terrain_masks/mask_corner_a_dominant_00.png' remapped 'res://assets/overworld/terrain_masks/mask_corner_a_dominant_00.png' at thread -1
Loading resource: res://assets/overworld/terrain_masks/mask_corner_a_dominant_00.png remapped: res://assets/overworld/terrain_masks/mask_corner_a_dominant_00.png
Loading resource: res://.godot/imported/mask_corner_a_dominant_00.png-426a5c6fbd50f9b4141f6e1c0de6309a.ctex remapped: res://.godot/imported/mask_corner_a_dominant_00.png-426a5c6fbd50f9b4141f6e1c0de6309a.ctex
Completed load for: 'res://assets/overworld/terrain_masks/mask_corner_a_dominant_00.png' remapped 'res://assets/overworld/terrain_masks/mask_corner_a_dominant_00.png' at thread -1
Loading resource: res://assets/overworld/terrain_masks/mask_vertical_edge_small_01.png remapped: res://assets/overworld/terrain_masks/mask_vertical_edge_small_01.png
Loading resource: res://.godot/imported/mask_vertical_edge_small_01.png-ca781f158bc3ba2f46054307b17ca229.ctex remapped: res://.godot/imported/mask_vertical_edge_small_01.png-ca781f158bc3ba2f46054307b17ca229.ctex
Completed load for: 'res://assets/overworld/terrain_masks/mask_vertical_edge_small_01.png' remapped 'res://assets/overworld/terrain_masks/mask_vertical_edge_small_01.png' at thread -1
Loading resource: res://assets/overworld/terrain_masks/mask_vertical_edge_small_01.png remapped: res://assets/overworld/terrain_masks/mask_vertical_edge_small_01.png
Loading resource: res://.godot/imported/mask_vertical_edge_small_01.png-ca781f158bc3ba2f46054307b17ca229.ctex remapped: res://.godot/imported/mask_vertical_edge_small_01.png-ca781f158bc3ba2f46054307b17ca229.ctex
Completed load for: 'res://assets/overworld/terrain_masks/mask_vertical_edge_small_01.png' remapped 'res://assets/overworld/terrain_masks/mask_vertical_edge_small_01.png' at thread -1
Loading resource: res://assets/overworld/terrain_masks/mask_corner_a_dominant_00.png remapped: res://assets/overworld/terrain_masks/mask_corner_a_dominant_00.png
Loading resource: res://.godot/imported/mask_corner_a_dominant_00.png-426a5c6fbd50f9b4141f6e1c0de6309a.ctex remapped: res://.godot/imported/mask_corner_a_dominant_00.png-426a5c6fbd50f9b4141f6e1c0de6309a.ctex
Completed load for: 'res://assets/overworld/terrain_masks/mask_corner_a_dominant_00.png' remapped 'res://assets/overworld/terrain_masks/mask_corner_a_dominant_00.png' at thread -1
Loading resource: res://assets/overworld/terrain_masks/mask_corner_a_dominant_00.png remapped: res://assets/overworld/terrain_masks/mask_corner_a_dominant_00.png
Loading resource: res://.godot/imported/mask_corner_a_dominant_00.png-426a5c6fbd50f9b4141f6e1c0de6309a.ctex remapped: res://.godot/imported/mask_corner_a_dominant_00.png-426a5c6fbd50f9b4141f6e1c0de6309a.ctex
Completed load for: 'res://assets/overworld/terrain_masks/mask_corner_a_dominant_00.png' remapped 'res://assets/overworld/terrain_masks/mask_corner_a_dominant_00.png' at thread -1
Loading resource: res://assets/overworld/terrain_masks/mask_vertical_edge_small_01.png remapped: res://assets/overworld/terrain_masks/mask_vertical_edge_small_01.png
Loading resource: res://.godot/imported/mask_vertical_edge_small_01.png-ca781f158bc3ba2f46054307b17ca229.ctex remapped: res://.godot/imported/mask_vertical_edge_small_01.png-ca781f158bc3ba2f46054307b17ca229.ctex
Completed load for: 'res://assets/overworld/terrain_masks/mask_vertical_edge_small_01.png' remapped 'res://assets/overworld/terrain_masks/mask_vertical_edge_small_01.png' at thread -1
Loading resource: res://assets/overworld/terrain_masks/mask_vertical_edge_small_01.png remapped: res://assets/overworld/terrain_masks/mask_vertical_edge_small_01.png
Loading resource: res://.godot/imported/mask_vertical_edge_small_01.png-ca781f158bc3ba2f46054307b17ca229.ctex remapped: res://.godot/imported/mask_vertical_edge_small_01.png-ca781f158bc3ba2f46054307b17ca229.ctex
Completed load for: 'res://assets/overworld/terrain_masks/mask_vertical_edge_small_01.png' remapped 'res://assets/overworld/terrain_masks/mask_vertical_edge_small_01.png' at thread -1
Loading resource: res://assets/overworld/terrain_masks/mask_corner_a_dominant_00.png remapped: res://assets/overworld/terrain_masks/mask_corner_a_dominant_00.png
Loading resource: res://.godot/imported/mask_corner_a_dominant_00.png-426a5c6fbd50f9b4141f6e1c0de6309a.ctex remapped: res://.godot/imported/mask_corner_a_dominant_00.png-426a5c6fbd50f9b4141f6e1c0de6309a.ctex
Completed load for: 'res://assets/overworld/terrain_masks/mask_corner_a_dominant_00.png' remapped 'res://assets/overworld/terrain_masks/mask_corner_a_dominant_00.png' at thread -1
Loading resource: res://assets/overworld/terrain_masks/mask_corner_a_dominant_00.png remapped: res://assets/overworld/terrain_masks/mask_corner_a_dominant_00.png
Loading resource: res://.godot/imported/mask_corner_a_dominant_00.png-426a5c6fbd50f9b4141f6e1c0de6309a.ctex remapped: res://.godot/imported/mask_corner_a_dominant_00.png-426a5c6fbd50f9b4141f6e1c0de6309a.ctex
Completed load for: 'res://assets/overworld/terrain_masks/mask_corner_a_dominant_00.png' remapped 'res://assets/overworld/terrain_masks/mask_corner_a_dominant_00.png' at thread -1
Loading resource: res://assets/overworld/terrain_masks/mask_vertical_edge_small_01.png remapped: res://assets/overworld/terrain_masks/mask_vertical_edge_small_01.png
Loading resource: res://.godot/imported/mask_vertical_edge_small_01.png-ca781f158bc3ba2f46054307b17ca229.ctex remapped: res://.godot/imported/mask_vertical_edge_small_01.png-ca781f158bc3ba2f46054307b17ca229.ctex
Completed load for: 'res://assets/overworld/terrain_masks/mask_vertical_edge_small_01.png' remapped 'res://assets/overworld/terrain_masks/mask_vertical_edge_small_01.png' at thread -1
Loading resource: res://assets/overworld/terrain_masks/mask_vertical_edge_small_01.png remapped: res://assets/overworld/terrain_masks/mask_vertical_edge_small_01.png
Loading resource: res://.godot/imported/mask_vertical_edge_small_01.png-ca781f158bc3ba2f46054307b17ca229.ctex remapped: res://.godot/imported/mask_vertical_edge_small_01.png-ca781f158bc3ba2f46054307b17ca229.ctex
Completed load for: 'res://assets/overworld/terrain_masks/mask_vertical_edge_small_01.png' remapped 'res://assets/overworld/terrain_masks/mask_vertical_edge_small_01.png' at thread -1
Loading resource: res://assets/overworld/terrain_masks/mask_corner_a_dominant_00.png remapped: res://assets/overworld/terrain_masks/mask_corner_a_dominant_00.png
Loading resource: res://.godot/imported/mask_corner_a_dominant_00.png-426a5c6fbd50f9b4141f6e1c0de6309a.ctex remapped: res://.godot/imported/mask_corner_a_dominant_00.png-426a5c6fbd50f9b4141f6e1c0de6309a.ctex
Completed load for: 'res://assets/overworld/terrain_masks/mask_corner_a_dominant_00.png' remapped 'res://assets/overworld/terrain_masks/mask_corner_a_dominant_00.png' at thread -1
Loading resource: res://assets/overworld/terrain_masks/mask_corner_a_dominant_00.png remapped: res://assets/overworld/terrain_masks/mask_corner_a_dominant_00.png
Loading resource: res://.godot/imported/mask_corner_a_dominant_00.png-426a5c6fbd50f9b4141f6e1c0de6309a.ctex remapped: res://.godot/imported/mask_corner_a_dominant_00.png-426a5c6fbd50f9b4141f6e1c0de6309a.ctex
Completed load for: 'res://assets/overworld/terrain_masks/mask_corner_a_dominant_00.png' remapped 'res://assets/overworld/terrain_masks/mask_corner_a_dominant_00.png' at thread -1
Loading resource: res://assets/overworld/terrain_masks/mask_vertical_edge_small_01.png remapped: res://assets/overworld/terrain_masks/mask_vertical_edge_small_01.png
Loading resource: res://.godot/imported/mask_vertical_edge_small_01.png-ca781f158bc3ba2f46054307b17ca229.ctex remapped: res://.godot/imported/mask_vertical_edge_small_01.png-ca781f158bc3ba2f46054307b17ca229.ctex
Completed load for: 'res://assets/overworld/terrain_masks/mask_vertical_edge_small_01.png' remapped 'res://assets/overworld/terrain_masks/mask_vertical_edge_small_01.png' at thread -1
Loading resource: res://assets/overworld/terrain_masks/mask_vertical_edge_small_01.png remapped: res://assets/overworld/terrain_masks/mask_vertical_edge_small_01.png
Loading resource: res://.godot/imported/mask_vertical_edge_small_01.png-ca781f158bc3ba2f46054307b17ca229.ctex remapped: res://.godot/imported/mask_vertical_edge_small_01.png-ca781f158bc3ba2f46054307b17ca229.ctex
Completed load for: 'res://assets/overworld/terrain_masks/mask_vertical_edge_small_01.png' remapped 'res://assets/overworld/terrain_masks/mask_vertical_edge_small_01.png' at thread -1
Loading resource: res://assets/overworld/terrain_masks/mask_horizontal_edge_small_00.png remapped: res://assets/overworld/terrain_masks/mask_horizontal_edge_small_00.png
Loading resource: res://.godot/imported/mask_horizontal_edge_small_00.png-c41d7ae1dd8b3c349c09d5890e2d0d16.ctex remapped: res://.godot/imported/mask_horizontal_edge_small_00.png-c41d7ae1dd8b3c349c09d5890e2d0d16.ctex
Completed load for: 'res://assets/overworld/terrain_masks/mask_horizontal_edge_small_00.png' remapped 'res://assets/overworld/terrain_masks/mask_horizontal_edge_small_00.png' at thread -1
Loading resource: res://assets/overworld/terrain_masks/mask_horizontal_edge_small_00.png remapped: res://assets/overworld/terrain_masks/mask_horizontal_edge_small_00.png
Loading resource: res://.godot/imported/mask_horizontal_edge_small_00.png-c41d7ae1dd8b3c349c09d5890e2d0d16.ctex remapped: res://.godot/imported/mask_horizontal_edge_small_00.png-c41d7ae1dd8b3c349c09d5890e2d0d16.ctex
Completed load for: 'res://assets/overworld/terrain_masks/mask_horizontal_edge_small_00.png' remapped 'res://assets/overworld/terrain_masks/mask_horizontal_edge_small_00.png' at thread -1
Loading resource: res://assets/overworld/terrain_masks/mask_horizontal_edge_small_00.png remapped: res://assets/overworld/terrain_masks/mask_horizontal_edge_small_00.png
Loading resource: res://.godot/imported/mask_horizontal_edge_small_00.png-c41d7ae1dd8b3c349c09d5890e2d0d16.ctex remapped: res://.godot/imported/mask_horizontal_edge_small_00.png-c41d7ae1dd8b3c349c09d5890e2d0d16.ctex
Completed load for: 'res://assets/overworld/terrain_masks/mask_horizontal_edge_small_00.png' remapped 'res://assets/overworld/terrain_masks/mask_horizontal_edge_small_00.png' at thread -1
Loading resource: res://assets/overworld/terrain_masks/mask_horizontal_edge_small_00.png remapped: res://assets/overworld/terrain_masks/mask_horizontal_edge_small_00.png
Loading resource: res://.godot/imported/mask_horizontal_edge_small_00.png-c41d7ae1dd8b3c349c09d5890e2d0d16.ctex remapped: res://.godot/imported/mask_horizontal_edge_small_00.png-c41d7ae1dd8b3c349c09d5890e2d0d16.ctex
Completed load for: 'res://assets/overworld/terrain_masks/mask_horizontal_edge_small_00.png' remapped 'res://assets/overworld/terrain_masks/mask_horizontal_edge_small_00.png' at thread -1
Loading resource: res://assets/overworld/terrain_masks/mask_horizontal_edge_small_00.png remapped: res://assets/overworld/terrain_masks/mask_horizontal_edge_small_00.png
Loading resource: res://.godot/imported/mask_horizontal_edge_small_00.png-c41d7ae1dd8b3c349c09d5890e2d0d16.ctex remapped: res://.godot/imported/mask_horizontal_edge_small_00.png-c41d7ae1dd8b3c349c09d5890e2d0d16.ctex
Completed load for: 'res://assets/overworld/terrain_masks/mask_horizontal_edge_small_00.png' remapped 'res://assets/overworld/terrain_masks/mask_horizontal_edge_small_00.png' at thread -1
Loading resource: res://assets/overworld/terrain_masks/mask_horizontal_edge_small_00.png remapped: res://assets/overworld/terrain_masks/mask_horizontal_edge_small_00.png
Loading resource: res://.godot/imported/mask_horizontal_edge_small_00.png-c41d7ae1dd8b3c349c09d5890e2d0d16.ctex remapped: res://.godot/imported/mask_horizontal_edge_small_00.png-c41d7ae1dd8b3c349c09d5890e2d0d16.ctex
Completed load for: 'res://assets/overworld/terrain_masks/mask_horizontal_edge_small_00.png' remapped 'res://assets/overworld/terrain_masks/mask_horizontal_edge_small_00.png' at thread -1
Loading resource: res://assets/overworld/terrain_masks/mask_horizontal_edge_small_00.png remapped: res://assets/overworld/terrain_masks/mask_horizontal_edge_small_00.png
Loading resource: res://.godot/imported/mask_horizontal_edge_small_00.png-c41d7ae1dd8b3c349c09d5890e2d0d16.ctex remapped: res://.godot/imported/mask_horizontal_edge_small_00.png-c41d7ae1dd8b3c349c09d5890e2d0d16.ctex
Completed load for: 'res://assets/overworld/terrain_masks/mask_horizontal_edge_small_00.png' remapped 'res://assets/overworld/terrain_masks/mask_horizontal_edge_small_00.png' at thread -1
Loading resource: res://assets/overworld/terrain_masks/mask_horizontal_edge_small_00.png remapped: res://assets/overworld/terrain_masks/mask_horizontal_edge_small_00.png
Loading resource: res://.godot/imported/mask_horizontal_edge_small_00.png-c41d7ae1dd8b3c349c09d5890e2d0d16.ctex remapped: res://.godot/imported/mask_horizontal_edge_small_00.png-c41d7ae1dd8b3c349c09d5890e2d0d16.ctex
Completed load for: 'res://assets/overworld/terrain_masks/mask_horizontal_edge_small_00.png' remapped 'res://assets/overworld/terrain_masks/mask_horizontal_edge_small_00.png' at thread -1
Loading resource: res://assets/overworld/terrain_masks/mask_corner_a_dominant_02.png remapped: res://assets/overworld/terrain_masks/mask_corner_a_dominant_02.png
Loading resource: res://.godot/imported/mask_corner_a_dominant_02.png-bd3c38b63920202f67915a9c479c0559.ctex remapped: res://.godot/imported/mask_corner_a_dominant_02.png-bd3c38b63920202f67915a9c479c0559.ctex
Completed load for: 'res://assets/overworld/terrain_masks/mask_corner_a_dominant_02.png' remapped 'res://assets/overworld/terrain_masks/mask_corner_a_dominant_02.png' at thread -1
Loading resource: res://assets/overworld/terrain_masks/mask_corner_a_dominant_02.png remapped: res://assets/overworld/terrain_masks/mask_corner_a_dominant_02.png
Loading resource: res://.godot/imported/mask_corner_a_dominant_02.png-bd3c38b63920202f67915a9c479c0559.ctex remapped: res://.godot/imported/mask_corner_a_dominant_02.png-bd3c38b63920202f67915a9c479c0559.ctex
Completed load for: 'res://assets/overworld/terrain_masks/mask_corner_a_dominant_02.png' remapped 'res://assets/overworld/terrain_masks/mask_corner_a_dominant_02.png' at thread -1
Loading resource: res://assets/overworld/terrain_masks/mask_corner_a_dominant_02.png remapped: res://assets/overworld/terrain_masks/mask_corner_a_dominant_02.png
Loading resource: res://.godot/imported/mask_corner_a_dominant_02.png-bd3c38b63920202f67915a9c479c0559.ctex remapped: res://.godot/imported/mask_corner_a_dominant_02.png-bd3c38b63920202f67915a9c479c0559.ctex
Completed load for: 'res://assets/overworld/terrain_masks/mask_corner_a_dominant_02.png' remapped 'res://assets/overworld/terrain_masks/mask_corner_a_dominant_02.png' at thread -1
Loading resource: res://assets/overworld/terrain_masks/mask_corner_a_dominant_02.png remapped: res://assets/overworld/terrain_masks/mask_corner_a_dominant_02.png
Loading resource: res://.godot/imported/mask_corner_a_dominant_02.png-bd3c38b63920202f67915a9c479c0559.ctex remapped: res://.godot/imported/mask_corner_a_dominant_02.png-bd3c38b63920202f67915a9c479c0559.ctex
Completed load for: 'res://assets/overworld/terrain_masks/mask_corner_a_dominant_02.png' remapped 'res://assets/overworld/terrain_masks/mask_corner_a_dominant_02.png' at thread -1
Loading resource: res://assets/overworld/terrain_masks/mask_corner_a_dominant_02.png remapped: res://assets/overworld/terrain_masks/mask_corner_a_dominant_02.png
Loading resource: res://.godot/imported/mask_corner_a_dominant_02.png-bd3c38b63920202f67915a9c479c0559.ctex remapped: res://.godot/imported/mask_corner_a_dominant_02.png-bd3c38b63920202f67915a9c479c0559.ctex
Completed load for: 'res://assets/overworld/terrain_masks/mask_corner_a_dominant_02.png' remapped 'res://assets/overworld/terrain_masks/mask_corner_a_dominant_02.png' at thread -1
Loading resource: res://assets/overworld/terrain_masks/mask_corner_a_dominant_02.png remapped: res://assets/overworld/terrain_masks/mask_corner_a_dominant_02.png
Loading resource: res://.godot/imported/mask_corner_a_dominant_02.png-bd3c38b63920202f67915a9c479c0559.ctex remapped: res://.godot/imported/mask_corner_a_dominant_02.png-bd3c38b63920202f67915a9c479c0559.ctex
Completed load for: 'res://assets/overworld/terrain_masks/mask_corner_a_dominant_02.png' remapped 'res://assets/overworld/terrain_masks/mask_corner_a_dominant_02.png' at thread -1
Loading resource: res://assets/overworld/terrain_masks/mask_corner_a_dominant_02.png remapped: res://assets/overworld/terrain_masks/mask_corner_a_dominant_02.png
Loading resource: res://.godot/imported/mask_corner_a_dominant_02.png-bd3c38b63920202f67915a9c479c0559.ctex remapped: res://.godot/imported/mask_corner_a_dominant_02.png-bd3c38b63920202f67915a9c479c0559.ctex
Completed load for: 'res://assets/overworld/terrain_masks/mask_corner_a_dominant_02.png' remapped 'res://assets/overworld/terrain_masks/mask_corner_a_dominant_02.png' at thread -1
Loading resource: res://assets/overworld/terrain_masks/mask_corner_a_dominant_02.png remapped: res://assets/overworld/terrain_masks/mask_corner_a_dominant_02.png
Loading resource: res://.godot/imported/mask_corner_a_dominant_02.png-bd3c38b63920202f67915a9c479c0559.ctex remapped: res://.godot/imported/mask_corner_a_dominant_02.png-bd3c38b63920202f67915a9c479c0559.ctex
Completed load for: 'res://assets/overworld/terrain_masks/mask_corner_a_dominant_02.png' remapped 'res://assets/overworld/terrain_masks/mask_corner_a_dominant_02.png' at thread -1
Loading resource: res://assets/overworld/terrain_masks/mask_corner_a_dominant_03.png remapped: res://assets/overworld/terrain_masks/mask_corner_a_dominant_03.png
Loading resource: res://.godot/imported/mask_corner_a_dominant_03.png-c913f9e2fd4863fc5fbbfdae23700e86.ctex remapped: res://.godot/imported/mask_corner_a_dominant_03.png-c913f9e2fd4863fc5fbbfdae23700e86.ctex
Completed load for: 'res://assets/overworld/terrain_masks/mask_corner_a_dominant_03.png' remapped 'res://assets/overworld/terrain_masks/mask_corner_a_dominant_03.png' at thread -1
Loading resource: res://assets/overworld/terrain_masks/mask_corner_a_dominant_03.png remapped: res://assets/overworld/terrain_masks/mask_corner_a_dominant_03.png
Loading resource: res://.godot/imported/mask_corner_a_dominant_03.png-c913f9e2fd4863fc5fbbfdae23700e86.ctex remapped: res://.godot/imported/mask_corner_a_dominant_03.png-c913f9e2fd4863fc5fbbfdae23700e86.ctex
Completed load for: 'res://assets/overworld/terrain_masks/mask_corner_a_dominant_03.png' remapped 'res://assets/overworld/terrain_masks/mask_corner_a_dominant_03.png' at thread -1
Loading resource: res://assets/overworld/terrain_masks/mask_vertical_edge_small_00.png remapped: res://assets/overworld/terrain_masks/mask_vertical_edge_small_00.png
Loading resource: res://.godot/imported/mask_vertical_edge_small_00.png-0b73df9dc81033f0c6967b585d968555.ctex remapped: res://.godot/imported/mask_vertical_edge_small_00.png-0b73df9dc81033f0c6967b585d968555.ctex
Completed load for: 'res://assets/overworld/terrain_masks/mask_vertical_edge_small_00.png' remapped 'res://assets/overworld/terrain_masks/mask_vertical_edge_small_00.png' at thread -1
Loading resource: res://assets/overworld/terrain_masks/mask_vertical_edge_small_00.png remapped: res://assets/overworld/terrain_masks/mask_vertical_edge_small_00.png
Loading resource: res://.godot/imported/mask_vertical_edge_small_00.png-0b73df9dc81033f0c6967b585d968555.ctex remapped: res://.godot/imported/mask_vertical_edge_small_00.png-0b73df9dc81033f0c6967b585d968555.ctex
Completed load for: 'res://assets/overworld/terrain_masks/mask_vertical_edge_small_00.png' remapped 'res://assets/overworld/terrain_masks/mask_vertical_edge_small_00.png' at thread -1
Loading resource: res://assets/overworld/terrain_masks/mask_corner_a_dominant_03.png remapped: res://assets/overworld/terrain_masks/mask_corner_a_dominant_03.png
Loading resource: res://.godot/imported/mask_corner_a_dominant_03.png-c913f9e2fd4863fc5fbbfdae23700e86.ctex remapped: res://.godot/imported/mask_corner_a_dominant_03.png-c913f9e2fd4863fc5fbbfdae23700e86.ctex
Completed load for: 'res://assets/overworld/terrain_masks/mask_corner_a_dominant_03.png' remapped 'res://assets/overworld/terrain_masks/mask_corner_a_dominant_03.png' at thread -1
Loading resource: res://assets/overworld/terrain_masks/mask_corner_a_dominant_03.png remapped: res://assets/overworld/terrain_masks/mask_corner_a_dominant_03.png
Loading resource: res://.godot/imported/mask_corner_a_dominant_03.png-c913f9e2fd4863fc5fbbfdae23700e86.ctex remapped: res://.godot/imported/mask_corner_a_dominant_03.png-c913f9e2fd4863fc5fbbfdae23700e86.ctex
Completed load for: 'res://assets/overworld/terrain_masks/mask_corner_a_dominant_03.png' remapped 'res://assets/overworld/terrain_masks/mask_corner_a_dominant_03.png' at thread -1
Loading resource: res://assets/overworld/terrain_masks/mask_vertical_edge_small_00.png remapped: res://assets/overworld/terrain_masks/mask_vertical_edge_small_00.png
Loading resource: res://.godot/imported/mask_vertical_edge_small_00.png-0b73df9dc81033f0c6967b585d968555.ctex remapped: res://.godot/imported/mask_vertical_edge_small_00.png-0b73df9dc81033f0c6967b585d968555.ctex
Completed load for: 'res://assets/overworld/terrain_masks/mask_vertical_edge_small_00.png' remapped 'res://assets/overworld/terrain_masks/mask_vertical_edge_small_00.png' at thread -1
Loading resource: res://assets/overworld/terrain_masks/mask_vertical_edge_small_00.png remapped: res://assets/overworld/terrain_masks/mask_vertical_edge_small_00.png
Loading resource: res://.godot/imported/mask_vertical_edge_small_00.png-0b73df9dc81033f0c6967b585d968555.ctex remapped: res://.godot/imported/mask_vertical_edge_small_00.png-0b73df9dc81033f0c6967b585d968555.ctex
Completed load for: 'res://assets/overworld/terrain_masks/mask_vertical_edge_small_00.png' remapped 'res://assets/overworld/terrain_masks/mask_vertical_edge_small_00.png' at thread -1
Loading resource: res://assets/overworld/terrain_masks/mask_corner_a_dominant_03.png remapped: res://assets/overworld/terrain_masks/mask_corner_a_dominant_03.png
Loading resource: res://.godot/imported/mask_corner_a_dominant_03.png-c913f9e2fd4863fc5fbbfdae23700e86.ctex remapped: res://.godot/imported/mask_corner_a_dominant_03.png-c913f9e2fd4863fc5fbbfdae23700e86.ctex
Completed load for: 'res://assets/overworld/terrain_masks/mask_corner_a_dominant_03.png' remapped 'res://assets/overworld/terrain_masks/mask_corner_a_dominant_03.png' at thread -1
Loading resource: res://assets/overworld/terrain_masks/mask_corner_a_dominant_03.png remapped: res://assets/overworld/terrain_masks/mask_corner_a_dominant_03.png
Loading resource: res://.godot/imported/mask_corner_a_dominant_03.png-c913f9e2fd4863fc5fbbfdae23700e86.ctex remapped: res://.godot/imported/mask_corner_a_dominant_03.png-c913f9e2fd4863fc5fbbfdae23700e86.ctex
Completed load for: 'res://assets/overworld/terrain_masks/mask_corner_a_dominant_03.png' remapped 'res://assets/overworld/terrain_masks/mask_corner_a_dominant_03.png' at thread -1
Loading resource: res://assets/overworld/terrain_masks/mask_vertical_edge_small_00.png remapped: res://assets/overworld/terrain_masks/mask_vertical_edge_small_00.png
Loading resource: res://.godot/imported/mask_vertical_edge_small_00.png-0b73df9dc81033f0c6967b585d968555.ctex remapped: res://.godot/imported/mask_vertical_edge_small_00.png-0b73df9dc81033f0c6967b585d968555.ctex
Completed load for: 'res://assets/overworld/terrain_masks/mask_vertical_edge_small_00.png' remapped 'res://assets/overworld/terrain_masks/mask_vertical_edge_small_00.png' at thread -1
Loading resource: res://assets/overworld/terrain_masks/mask_vertical_edge_small_00.png remapped: res://assets/overworld/terrain_masks/mask_vertical_edge_small_00.png
Loading resource: res://.godot/imported/mask_vertical_edge_small_00.png-0b73df9dc81033f0c6967b585d968555.ctex remapped: res://.godot/imported/mask_vertical_edge_small_00.png-0b73df9dc81033f0c6967b585d968555.ctex
Completed load for: 'res://assets/overworld/terrain_masks/mask_vertical_edge_small_00.png' remapped 'res://assets/overworld/terrain_masks/mask_vertical_edge_small_00.png' at thread -1
Loading resource: res://assets/overworld/terrain_masks/mask_corner_a_dominant_03.png remapped: res://assets/overworld/terrain_masks/mask_corner_a_dominant_03.png
Loading resource: res://.godot/imported/mask_corner_a_dominant_03.png-c913f9e2fd4863fc5fbbfdae23700e86.ctex remapped: res://.godot/imported/mask_corner_a_dominant_03.png-c913f9e2fd4863fc5fbbfdae23700e86.ctex
Completed load for: 'res://assets/overworld/terrain_masks/mask_corner_a_dominant_03.png' remapped 'res://assets/overworld/terrain_masks/mask_corner_a_dominant_03.png' at thread -1
Loading resource: res://assets/overworld/terrain_masks/mask_corner_a_dominant_03.png remapped: res://assets/overworld/terrain_masks/mask_corner_a_dominant_03.png
Loading resource: res://.godot/imported/mask_corner_a_dominant_03.png-c913f9e2fd4863fc5fbbfdae23700e86.ctex remapped: res://.godot/imported/mask_corner_a_dominant_03.png-c913f9e2fd4863fc5fbbfdae23700e86.ctex
Completed load for: 'res://assets/overworld/terrain_masks/mask_corner_a_dominant_03.png' remapped 'res://assets/overworld/terrain_masks/mask_corner_a_dominant_03.png' at thread -1
Loading resource: res://assets/overworld/terrain_masks/mask_vertical_edge_small_00.png remapped: res://assets/overworld/terrain_masks/mask_vertical_edge_small_00.png
Loading resource: res://.godot/imported/mask_vertical_edge_small_00.png-0b73df9dc81033f0c6967b585d968555.ctex remapped: res://.godot/imported/mask_vertical_edge_small_00.png-0b73df9dc81033f0c6967b585d968555.ctex
Completed load for: 'res://assets/overworld/terrain_masks/mask_vertical_edge_small_00.png' remapped 'res://assets/overworld/terrain_masks/mask_vertical_edge_small_00.png' at thread -1
Loading resource: res://assets/overworld/terrain_masks/mask_vertical_edge_small_00.png remapped: res://assets/overworld/terrain_masks/mask_vertical_edge_small_00.png
Loading resource: res://.godot/imported/mask_vertical_edge_small_00.png-0b73df9dc81033f0c6967b585d968555.ctex remapped: res://.godot/imported/mask_vertical_edge_small_00.png-0b73df9dc81033f0c6967b585d968555.ctex
Completed load for: 'res://assets/overworld/terrain_masks/mask_vertical_edge_small_00.png' remapped 'res://assets/overworld/terrain_masks/mask_vertical_edge_small_00.png' at thread -1
Loading resource: res://assets/overworld/terrain_masks/mask_corner_a_dominant_03.png remapped: res://assets/overworld/terrain_masks/mask_corner_a_dominant_03.png
Loading resource: res://.godot/imported/mask_corner_a_dominant_03.png-c913f9e2fd4863fc5fbbfdae23700e86.ctex remapped: res://.godot/imported/mask_corner_a_dominant_03.png-c913f9e2fd4863fc5fbbfdae23700e86.ctex
Completed load for: 'res://assets/overworld/terrain_masks/mask_corner_a_dominant_03.png' remapped 'res://assets/overworld/terrain_masks/mask_corner_a_dominant_03.png' at thread -1
Loading resource: res://assets/overworld/terrain_masks/mask_corner_a_dominant_03.png remapped: res://assets/overworld/terrain_masks/mask_corner_a_dominant_03.png
Loading resource: res://.godot/imported/mask_corner_a_dominant_03.png-c913f9e2fd4863fc5fbbfdae23700e86.ctex remapped: res://.godot/imported/mask_corner_a_dominant_03.png-c913f9e2fd4863fc5fbbfdae23700e86.ctex
Completed load for: 'res://assets/overworld/terrain_masks/mask_corner_a_dominant_03.png' remapped 'res://assets/overworld/terrain_masks/mask_corner_a_dominant_03.png' at thread -1
Loading resource: res://assets/overworld/terrain_masks/mask_vertical_edge_small_00.png remapped: res://assets/overworld/terrain_masks/mask_vertical_edge_small_00.png
Loading resource: res://.godot/imported/mask_vertical_edge_small_00.png-0b73df9dc81033f0c6967b585d968555.ctex remapped: res://.godot/imported/mask_vertical_edge_small_00.png-0b73df9dc81033f0c6967b585d968555.ctex
Completed load for: 'res://assets/overworld/terrain_masks/mask_vertical_edge_small_00.png' remapped 'res://assets/overworld/terrain_masks/mask_vertical_edge_small_00.png' at thread -1
Loading resource: res://assets/overworld/terrain_masks/mask_vertical_edge_small_00.png remapped: res://assets/overworld/terrain_masks/mask_vertical_edge_small_00.png
Loading resource: res://.godot/imported/mask_vertical_edge_small_00.png-0b73df9dc81033f0c6967b585d968555.ctex remapped: res://.godot/imported/mask_vertical_edge_small_00.png-0b73df9dc81033f0c6967b585d968555.ctex
Completed load for: 'res://assets/overworld/terrain_masks/mask_vertical_edge_small_00.png' remapped 'res://assets/overworld/terrain_masks/mask_vertical_edge_small_00.png' at thread -1
Loading resource: res://assets/overworld/terrain_masks/mask_horizontal_edge_small_01.png remapped: res://assets/overworld/terrain_masks/mask_horizontal_edge_small_01.png
Loading resource: res://.godot/imported/mask_horizontal_edge_small_01.png-925c7a67195149bb83a41d96227ef297.ctex remapped: res://.godot/imported/mask_horizontal_edge_small_01.png-925c7a67195149bb83a41d96227ef297.ctex
Completed load for: 'res://assets/overworld/terrain_masks/mask_horizontal_edge_small_01.png' remapped 'res://assets/overworld/terrain_masks/mask_horizontal_edge_small_01.png' at thread -1
Loading resource: res://assets/overworld/terrain_masks/mask_horizontal_edge_small_01.png remapped: res://assets/overworld/terrain_masks/mask_horizontal_edge_small_01.png
Loading resource: res://.godot/imported/mask_horizontal_edge_small_01.png-925c7a67195149bb83a41d96227ef297.ctex remapped: res://.godot/imported/mask_horizontal_edge_small_01.png-925c7a67195149bb83a41d96227ef297.ctex
Completed load for: 'res://assets/overworld/terrain_masks/mask_horizontal_edge_small_01.png' remapped 'res://assets/overworld/terrain_masks/mask_horizontal_edge_small_01.png' at thread -1
Loading resource: res://assets/overworld/terrain_masks/mask_horizontal_edge_small_01.png remapped: res://assets/overworld/terrain_masks/mask_horizontal_edge_small_01.png
Loading resource: res://.godot/imported/mask_horizontal_edge_small_01.png-925c7a67195149bb83a41d96227ef297.ctex remapped: res://.godot/imported/mask_horizontal_edge_small_01.png-925c7a67195149bb83a41d96227ef297.ctex
Completed load for: 'res://assets/overworld/terrain_masks/mask_horizontal_edge_small_01.png' remapped 'res://assets/overworld/terrain_masks/mask_horizontal_edge_small_01.png' at thread -1
Loading resource: res://assets/overworld/terrain_masks/mask_horizontal_edge_small_01.png remapped: res://assets/overworld/terrain_masks/mask_horizontal_edge_small_01.png
Loading resource: res://.godot/imported/mask_horizontal_edge_small_01.png-925c7a67195149bb83a41d96227ef297.ctex remapped: res://.godot/imported/mask_horizontal_edge_small_01.png-925c7a67195149bb83a41d96227ef297.ctex
Completed load for: 'res://assets/overworld/terrain_masks/mask_horizontal_edge_small_01.png' remapped 'res://assets/overworld/terrain_masks/mask_horizontal_edge_small_01.png' at thread -1
Loading resource: res://assets/overworld/terrain_masks/mask_horizontal_edge_small_01.png remapped: res://assets/overworld/terrain_masks/mask_horizontal_edge_small_01.png
Loading resource: res://.godot/imported/mask_horizontal_edge_small_01.png-925c7a67195149bb83a41d96227ef297.ctex remapped: res://.godot/imported/mask_horizontal_edge_small_01.png-925c7a67195149bb83a41d96227ef297.ctex
Completed load for: 'res://assets/overworld/terrain_masks/mask_horizontal_edge_small_01.png' remapped 'res://assets/overworld/terrain_masks/mask_horizontal_edge_small_01.png' at thread -1
Loading resource: res://assets/overworld/terrain_masks/mask_horizontal_edge_small_01.png remapped: res://assets/overworld/terrain_masks/mask_horizontal_edge_small_01.png
Loading resource: res://.godot/imported/mask_horizontal_edge_small_01.png-925c7a67195149bb83a41d96227ef297.ctex remapped: res://.godot/imported/mask_horizontal_edge_small_01.png-925c7a67195149bb83a41d96227ef297.ctex
Completed load for: 'res://assets/overworld/terrain_masks/mask_horizontal_edge_small_01.png' remapped 'res://assets/overworld/terrain_masks/mask_horizontal_edge_small_01.png' at thread -1
Loading resource: res://assets/overworld/terrain_masks/mask_horizontal_edge_small_01.png remapped: res://assets/overworld/terrain_masks/mask_horizontal_edge_small_01.png
Loading resource: res://.godot/imported/mask_horizontal_edge_small_01.png-925c7a67195149bb83a41d96227ef297.ctex remapped: res://.godot/imported/mask_horizontal_edge_small_01.png-925c7a67195149bb83a41d96227ef297.ctex
Completed load for: 'res://assets/overworld/terrain_masks/mask_horizontal_edge_small_01.png' remapped 'res://assets/overworld/terrain_masks/mask_horizontal_edge_small_01.png' at thread -1
Loading resource: res://assets/overworld/terrain_masks/mask_horizontal_edge_small_01.png remapped: res://assets/overworld/terrain_masks/mask_horizontal_edge_small_01.png
Loading resource: res://.godot/imported/mask_horizontal_edge_small_01.png-925c7a67195149bb83a41d96227ef297.ctex remapped: res://.godot/imported/mask_horizontal_edge_small_01.png-925c7a67195149bb83a41d96227ef297.ctex
Completed load for: 'res://assets/overworld/terrain_masks/mask_horizontal_edge_small_01.png' remapped 'res://assets/overworld/terrain_masks/mask_horizontal_edge_small_01.png' at thread -1
Loading resource: res://assets/overworld/terrain_masks/mask_horizontal_edge_small_01.png remapped: res://assets/overworld/terrain_masks/mask_horizontal_edge_small_01.png
Loading resource: res://.godot/imported/mask_horizontal_edge_small_01.png-925c7a67195149bb83a41d96227ef297.ctex remapped: res://.godot/imported/mask_horizontal_edge_small_01.png-925c7a67195149bb83a41d96227ef297.ctex
Completed load for: 'res://assets/overworld/terrain_masks/mask_horizontal_edge_small_01.png' remapped 'res://assets/overworld/terrain_masks/mask_horizontal_edge_small_01.png' at thread -1
Loading resource: res://assets/overworld/terrain_masks/mask_horizontal_edge_small_01.png remapped: res://assets/overworld/terrain_masks/mask_horizontal_edge_small_01.png
Loading resource: res://.godot/imported/mask_horizontal_edge_small_01.png-925c7a67195149bb83a41d96227ef297.ctex remapped: res://.godot/imported/mask_horizontal_edge_small_01.png-925c7a67195149bb83a41d96227ef297.ctex
Completed load for: 'res://assets/overworld/terrain_masks/mask_horizontal_edge_small_01.png' remapped 'res://assets/overworld/terrain_masks/mask_horizontal_edge_small_01.png' at thread -1
Loading resource: res://assets/overworld/terrain_masks/mask_vertical_edge_small_02.png remapped: res://assets/overworld/terrain_masks/mask_vertical_edge_small_02.png
Loading resource: res://.godot/imported/mask_vertical_edge_small_02.png-9180eb89955eaa2ca72016667bc9a4f2.ctex remapped: res://.godot/imported/mask_vertical_edge_small_02.png-9180eb89955eaa2ca72016667bc9a4f2.ctex
Completed load for: 'res://assets/overworld/terrain_masks/mask_vertical_edge_small_02.png' remapped 'res://assets/overworld/terrain_masks/mask_vertical_edge_small_02.png' at thread -1
Loading resource: res://assets/overworld/terrain_masks/mask_vertical_edge_small_02.png remapped: res://assets/overworld/terrain_masks/mask_vertical_edge_small_02.png
Loading resource: res://.godot/imported/mask_vertical_edge_small_02.png-9180eb89955eaa2ca72016667bc9a4f2.ctex remapped: res://.godot/imported/mask_vertical_edge_small_02.png-9180eb89955eaa2ca72016667bc9a4f2.ctex
Completed load for: 'res://assets/overworld/terrain_masks/mask_vertical_edge_small_02.png' remapped 'res://assets/overworld/terrain_masks/mask_vertical_edge_small_02.png' at thread -1
Loading resource: res://assets/overworld/terrain_masks/mask_vertical_edge_small_02.png remapped: res://assets/overworld/terrain_masks/mask_vertical_edge_small_02.png
Loading resource: res://.godot/imported/mask_vertical_edge_small_02.png-9180eb89955eaa2ca72016667bc9a4f2.ctex remapped: res://.godot/imported/mask_vertical_edge_small_02.png-9180eb89955eaa2ca72016667bc9a4f2.ctex
Completed load for: 'res://assets/overworld/terrain_masks/mask_vertical_edge_small_02.png' remapped 'res://assets/overworld/terrain_masks/mask_vertical_edge_small_02.png' at thread -1
Loading resource: res://assets/overworld/terrain_masks/mask_vertical_edge_small_02.png remapped: res://assets/overworld/terrain_masks/mask_vertical_edge_small_02.png
Loading resource: res://.godot/imported/mask_vertical_edge_small_02.png-9180eb89955eaa2ca72016667bc9a4f2.ctex remapped: res://.godot/imported/mask_vertical_edge_small_02.png-9180eb89955eaa2ca72016667bc9a4f2.ctex
Completed load for: 'res://assets/overworld/terrain_masks/mask_vertical_edge_small_02.png' remapped 'res://assets/overworld/terrain_masks/mask_vertical_edge_small_02.png' at thread -1
Loading resource: res://assets/overworld/terrain_masks/mask_vertical_edge_small_02.png remapped: res://assets/overworld/terrain_masks/mask_vertical_edge_small_02.png
Loading resource: res://.godot/imported/mask_vertical_edge_small_02.png-9180eb89955eaa2ca72016667bc9a4f2.ctex remapped: res://.godot/imported/mask_vertical_edge_small_02.png-9180eb89955eaa2ca72016667bc9a4f2.ctex
Completed load for: 'res://assets/overworld/terrain_masks/mask_vertical_edge_small_02.png' remapped 'res://assets/overworld/terrain_masks/mask_vertical_edge_small_02.png' at thread -1
Loading resource: res://assets/overworld/terrain_masks/mask_vertical_edge_small_02.png remapped: res://assets/overworld/terrain_masks/mask_vertical_edge_small_02.png
Loading resource: res://.godot/imported/mask_vertical_edge_small_02.png-9180eb89955eaa2ca72016667bc9a4f2.ctex remapped: res://.godot/imported/mask_vertical_edge_small_02.png-9180eb89955eaa2ca72016667bc9a4f2.ctex
Completed load for: 'res://assets/overworld/terrain_masks/mask_vertical_edge_small_02.png' remapped 'res://assets/overworld/terrain_masks/mask_vertical_edge_small_02.png' at thread -1
Loading resource: res://assets/overworld/terrain_masks/mask_vertical_edge_small_02.png remapped: res://assets/overworld/terrain_masks/mask_vertical_edge_small_02.png
Loading resource: res://.godot/imported/mask_vertical_edge_small_02.png-9180eb89955eaa2ca72016667bc9a4f2.ctex remapped: res://.godot/imported/mask_vertical_edge_small_02.png-9180eb89955eaa2ca72016667bc9a4f2.ctex
Completed load for: 'res://assets/overworld/terrain_masks/mask_vertical_edge_small_02.png' remapped 'res://assets/overworld/terrain_masks/mask_vertical_edge_small_02.png' at thread -1
Loading resource: res://assets/overworld/terrain_masks/mask_vertical_edge_small_02.png remapped: res://assets/overworld/terrain_masks/mask_vertical_edge_small_02.png
Loading resource: res://.godot/imported/mask_vertical_edge_small_02.png-9180eb89955eaa2ca72016667bc9a4f2.ctex remapped: res://.godot/imported/mask_vertical_edge_small_02.png-9180eb89955eaa2ca72016667bc9a4f2.ctex
Completed load for: 'res://assets/overworld/terrain_masks/mask_vertical_edge_small_02.png' remapped 'res://assets/overworld/terrain_masks/mask_vertical_edge_small_02.png' at thread -1
Loading resource: res://assets/overworld/terrain_masks/mask_corner_b_dominant_02.png remapped: res://assets/overworld/terrain_masks/mask_corner_b_dominant_02.png
Loading resource: res://.godot/imported/mask_corner_b_dominant_02.png-5af894ea302ae02fa73810d46bd64bb7.ctex remapped: res://.godot/imported/mask_corner_b_dominant_02.png-5af894ea302ae02fa73810d46bd64bb7.ctex
Completed load for: 'res://assets/overworld/terrain_masks/mask_corner_b_dominant_02.png' remapped 'res://assets/overworld/terrain_masks/mask_corner_b_dominant_02.png' at thread -1
Loading resource: res://assets/overworld/terrain_masks/mask_corner_b_dominant_02.png remapped: res://assets/overworld/terrain_masks/mask_corner_b_dominant_02.png
Loading resource: res://.godot/imported/mask_corner_b_dominant_02.png-5af894ea302ae02fa73810d46bd64bb7.ctex remapped: res://.godot/imported/mask_corner_b_dominant_02.png-5af894ea302ae02fa73810d46bd64bb7.ctex
Completed load for: 'res://assets/overworld/terrain_masks/mask_corner_b_dominant_02.png' remapped 'res://assets/overworld/terrain_masks/mask_corner_b_dominant_02.png' at thread -1
Loading resource: res://assets/overworld/terrain_masks/mask_corner_b_dominant_02.png remapped: res://assets/overworld/terrain_masks/mask_corner_b_dominant_02.png
Loading resource: res://.godot/imported/mask_corner_b_dominant_02.png-5af894ea302ae02fa73810d46bd64bb7.ctex remapped: res://.godot/imported/mask_corner_b_dominant_02.png-5af894ea302ae02fa73810d46bd64bb7.ctex
Completed load for: 'res://assets/overworld/terrain_masks/mask_corner_b_dominant_02.png' remapped 'res://assets/overworld/terrain_masks/mask_corner_b_dominant_02.png' at thread -1
Loading resource: res://assets/overworld/terrain_masks/mask_corner_b_dominant_02.png remapped: res://assets/overworld/terrain_masks/mask_corner_b_dominant_02.png
Loading resource: res://.godot/imported/mask_corner_b_dominant_02.png-5af894ea302ae02fa73810d46bd64bb7.ctex remapped: res://.godot/imported/mask_corner_b_dominant_02.png-5af894ea302ae02fa73810d46bd64bb7.ctex
Completed load for: 'res://assets/overworld/terrain_masks/mask_corner_b_dominant_02.png' remapped 'res://assets/overworld/terrain_masks/mask_corner_b_dominant_02.png' at thread -1
Loading resource: res://assets/overworld/terrain_masks/mask_corner_b_dominant_02.png remapped: res://assets/overworld/terrain_masks/mask_corner_b_dominant_02.png
Loading resource: res://.godot/imported/mask_corner_b_dominant_02.png-5af894ea302ae02fa73810d46bd64bb7.ctex remapped: res://.godot/imported/mask_corner_b_dominant_02.png-5af894ea302ae02fa73810d46bd64bb7.ctex
Completed load for: 'res://assets/overworld/terrain_masks/mask_corner_b_dominant_02.png' remapped 'res://assets/overworld/terrain_masks/mask_corner_b_dominant_02.png' at thread -1
Loading resource: res://assets/overworld/terrain_masks/mask_corner_b_dominant_02.png remapped: res://assets/overworld/terrain_masks/mask_corner_b_dominant_02.png
Loading resource: res://.godot/imported/mask_corner_b_dominant_02.png-5af894ea302ae02fa73810d46bd64bb7.ctex remapped: res://.godot/imported/mask_corner_b_dominant_02.png-5af894ea302ae02fa73810d46bd64bb7.ctex
Completed load for: 'res://assets/overworld/terrain_masks/mask_corner_b_dominant_02.png' remapped 'res://assets/overworld/terrain_masks/mask_corner_b_dominant_02.png' at thread -1
Loading resource: res://assets/overworld/terrain_masks/mask_corner_b_dominant_02.png remapped: res://assets/overworld/terrain_masks/mask_corner_b_dominant_02.png
Loading resource: res://.godot/imported/mask_corner_b_dominant_02.png-5af894ea302ae02fa73810d46bd64bb7.ctex remapped: res://.godot/imported/mask_corner_b_dominant_02.png-5af894ea302ae02fa73810d46bd64bb7.ctex
Completed load for: 'res://assets/overworld/terrain_masks/mask_corner_b_dominant_02.png' remapped 'res://assets/overworld/terrain_masks/mask_corner_b_dominant_02.png' at thread -1
Loading resource: res://assets/overworld/terrain_masks/mask_corner_b_dominant_02.png remapped: res://assets/overworld/terrain_masks/mask_corner_b_dominant_02.png
Loading resource: res://.godot/imported/mask_corner_b_dominant_02.png-5af894ea302ae02fa73810d46bd64bb7.ctex remapped: res://.godot/imported/mask_corner_b_dominant_02.png-5af894ea302ae02fa73810d46bd64bb7.ctex
Completed load for: 'res://assets/overworld/terrain_masks/mask_corner_b_dominant_02.png' remapped 'res://assets/overworld/terrain_masks/mask_corner_b_dominant_02.png' at thread -1
Loading resource: res://assets/overworld/terrain_masks/mask_corner_b_dominant_02.png remapped: res://assets/overworld/terrain_masks/mask_corner_b_dominant_02.png
Loading resource: res://.godot/imported/mask_corner_b_dominant_02.png-5af894ea302ae02fa73810d46bd64bb7.ctex remapped: res://.godot/imported/mask_corner_b_dominant_02.png-5af894ea302ae02fa73810d46bd64bb7.ctex
Completed load for: 'res://assets/overworld/terrain_masks/mask_corner_b_dominant_02.png' remapped 'res://assets/overworld/terrain_masks/mask_corner_b_dominant_02.png' at thread -1
Loading resource: res://assets/overworld/terrain_masks/mask_corner_b_dominant_02.png remapped: res://assets/overworld/terrain_masks/mask_corner_b_dominant_02.png
Loading resource: res://.godot/imported/mask_corner_b_dominant_02.png-5af894ea302ae02fa73810d46bd64bb7.ctex remapped: res://.godot/imported/mask_corner_b_dominant_02.png-5af894ea302ae02fa73810d46bd64bb7.ctex
Completed load for: 'res://assets/overworld/terrain_masks/mask_corner_b_dominant_02.png' remapped 'res://assets/overworld/terrain_masks/mask_corner_b_dominant_02.png' at thread -1
Loading resource: res://assets/overworld/terrain_masks/mask_corner_a_dominant_02.png remapped: res://assets/overworld/terrain_masks/mask_corner_a_dominant_02.png
Loading resource: res://.godot/imported/mask_corner_a_dominant_02.png-bd3c38b63920202f67915a9c479c0559.ctex remapped: res://.godot/imported/mask_corner_a_dominant_02.png-bd3c38b63920202f67915a9c479c0559.ctex
Completed load for: 'res://assets/overworld/terrain_masks/mask_corner_a_dominant_02.png' remapped 'res://assets/overworld/terrain_masks/mask_corner_a_dominant_02.png' at thread -1
Loading resource: res://assets/overworld/terrain_masks/mask_corner_a_dominant_02.png remapped: res://assets/overworld/terrain_masks/mask_corner_a_dominant_02.png
Loading resource: res://.godot/imported/mask_corner_a_dominant_02.png-bd3c38b63920202f67915a9c479c0559.ctex remapped: res://.godot/imported/mask_corner_a_dominant_02.png-bd3c38b63920202f67915a9c479c0559.ctex
Completed load for: 'res://assets/overworld/terrain_masks/mask_corner_a_dominant_02.png' remapped 'res://assets/overworld/terrain_masks/mask_corner_a_dominant_02.png' at thread -1
Loading resource: res://assets/overworld/terrain_masks/mask_corner_b_dominant_01.png remapped: res://assets/overworld/terrain_masks/mask_corner_b_dominant_01.png
Loading resource: res://.godot/imported/mask_corner_b_dominant_01.png-9ccac3e1013805de544bf58cc660bf70.ctex remapped: res://.godot/imported/mask_corner_b_dominant_01.png-9ccac3e1013805de544bf58cc660bf70.ctex
Completed load for: 'res://assets/overworld/terrain_masks/mask_corner_b_dominant_01.png' remapped 'res://assets/overworld/terrain_masks/mask_corner_b_dominant_01.png' at thread -1
Loading resource: res://assets/overworld/terrain_masks/mask_corner_b_dominant_01.png remapped: res://assets/overworld/terrain_masks/mask_corner_b_dominant_01.png
Loading resource: res://.godot/imported/mask_corner_b_dominant_01.png-9ccac3e1013805de544bf58cc660bf70.ctex remapped: res://.godot/imported/mask_corner_b_dominant_01.png-9ccac3e1013805de544bf58cc660bf70.ctex
Completed load for: 'res://assets/overworld/terrain_masks/mask_corner_b_dominant_01.png' remapped 'res://assets/overworld/terrain_masks/mask_corner_b_dominant_01.png' at thread -1
Loading resource: res://assets/overworld/terrain_masks/mask_corner_b_dominant_01.png remapped: res://assets/overworld/terrain_masks/mask_corner_b_dominant_01.png
Loading resource: res://.godot/imported/mask_corner_b_dominant_01.png-9ccac3e1013805de544bf58cc660bf70.ctex remapped: res://.godot/imported/mask_corner_b_dominant_01.png-9ccac3e1013805de544bf58cc660bf70.ctex
Completed load for: 'res://assets/overworld/terrain_masks/mask_corner_b_dominant_01.png' remapped 'res://assets/overworld/terrain_masks/mask_corner_b_dominant_01.png' at thread -1
Loading resource: res://assets/overworld/terrain_masks/mask_corner_b_dominant_01.png remapped: res://assets/overworld/terrain_masks/mask_corner_b_dominant_01.png
Loading resource: res://.godot/imported/mask_corner_b_dominant_01.png-9ccac3e1013805de544bf58cc660bf70.ctex remapped: res://.godot/imported/mask_corner_b_dominant_01.png-9ccac3e1013805de544bf58cc660bf70.ctex
Completed load for: 'res://assets/overworld/terrain_masks/mask_corner_b_dominant_01.png' remapped 'res://assets/overworld/terrain_masks/mask_corner_b_dominant_01.png' at thread -1
Loading resource: res://assets/overworld/terrain_masks/mask_corner_b_dominant_01.png remapped: res://assets/overworld/terrain_masks/mask_corner_b_dominant_01.png
Loading resource: res://.godot/imported/mask_corner_b_dominant_01.png-9ccac3e1013805de544bf58cc660bf70.ctex remapped: res://.godot/imported/mask_corner_b_dominant_01.png-9ccac3e1013805de544bf58cc660bf70.ctex
Completed load for: 'res://assets/overworld/terrain_masks/mask_corner_b_dominant_01.png' remapped 'res://assets/overworld/terrain_masks/mask_corner_b_dominant_01.png' at thread -1
Loading resource: res://assets/overworld/terrain_masks/mask_corner_b_dominant_01.png remapped: res://assets/overworld/terrain_masks/mask_corner_b_dominant_01.png
Loading resource: res://.godot/imported/mask_corner_b_dominant_01.png-9ccac3e1013805de544bf58cc660bf70.ctex remapped: res://.godot/imported/mask_corner_b_dominant_01.png-9ccac3e1013805de544bf58cc660bf70.ctex
Completed load for: 'res://assets/overworld/terrain_masks/mask_corner_b_dominant_01.png' remapped 'res://assets/overworld/terrain_masks/mask_corner_b_dominant_01.png' at thread -1
Loading resource: res://assets/overworld/terrain_masks/mask_corner_b_dominant_01.png remapped: res://assets/overworld/terrain_masks/mask_corner_b_dominant_01.png
Loading resource: res://.godot/imported/mask_corner_b_dominant_01.png-9ccac3e1013805de544bf58cc660bf70.ctex remapped: res://.godot/imported/mask_corner_b_dominant_01.png-9ccac3e1013805de544bf58cc660bf70.ctex
Completed load for: 'res://assets/overworld/terrain_masks/mask_corner_b_dominant_01.png' remapped 'res://assets/overworld/terrain_masks/mask_corner_b_dominant_01.png' at thread -1
Loading resource: res://assets/overworld/terrain_masks/mask_corner_b_dominant_01.png remapped: res://assets/overworld/terrain_masks/mask_corner_b_dominant_01.png
Loading resource: res://.godot/imported/mask_corner_b_dominant_01.png-9ccac3e1013805de544bf58cc660bf70.ctex remapped: res://.godot/imported/mask_corner_b_dominant_01.png-9ccac3e1013805de544bf58cc660bf70.ctex
Completed load for: 'res://assets/overworld/terrain_masks/mask_corner_b_dominant_01.png' remapped 'res://assets/overworld/terrain_masks/mask_corner_b_dominant_01.png' at thread -1
Loading resource: res://assets/overworld/terrain_masks/mask_corner_b_dominant_00.png remapped: res://assets/overworld/terrain_masks/mask_corner_b_dominant_00.png
Loading resource: res://.godot/imported/mask_corner_b_dominant_00.png-5f15cd5177ba221bdf3a26dbce79fc78.ctex remapped: res://.godot/imported/mask_corner_b_dominant_00.png-5f15cd5177ba221bdf3a26dbce79fc78.ctex
Completed load for: 'res://assets/overworld/terrain_masks/mask_corner_b_dominant_00.png' remapped 'res://assets/overworld/terrain_masks/mask_corner_b_dominant_00.png' at thread -1
Loading resource: res://assets/overworld/terrain_masks/mask_corner_b_dominant_00.png remapped: res://assets/overworld/terrain_masks/mask_corner_b_dominant_00.png
Loading resource: res://.godot/imported/mask_corner_b_dominant_00.png-5f15cd5177ba221bdf3a26dbce79fc78.ctex remapped: res://.godot/imported/mask_corner_b_dominant_00.png-5f15cd5177ba221bdf3a26dbce79fc78.ctex
Completed load for: 'res://assets/overworld/terrain_masks/mask_corner_b_dominant_00.png' remapped 'res://assets/overworld/terrain_masks/mask_corner_b_dominant_00.png' at thread -1
Loading resource: res://assets/overworld/terrain_masks/mask_vertical_edge_small_03.png remapped: res://assets/overworld/terrain_masks/mask_vertical_edge_small_03.png
Loading resource: res://.godot/imported/mask_vertical_edge_small_03.png-292b023af94446e5b4bcd26a88e46bb2.ctex remapped: res://.godot/imported/mask_vertical_edge_small_03.png-292b023af94446e5b4bcd26a88e46bb2.ctex
Completed load for: 'res://assets/overworld/terrain_masks/mask_vertical_edge_small_03.png' remapped 'res://assets/overworld/terrain_masks/mask_vertical_edge_small_03.png' at thread -1
Loading resource: res://assets/overworld/terrain_masks/mask_vertical_edge_small_03.png remapped: res://assets/overworld/terrain_masks/mask_vertical_edge_small_03.png
Loading resource: res://.godot/imported/mask_vertical_edge_small_03.png-292b023af94446e5b4bcd26a88e46bb2.ctex remapped: res://.godot/imported/mask_vertical_edge_small_03.png-292b023af94446e5b4bcd26a88e46bb2.ctex
Completed load for: 'res://assets/overworld/terrain_masks/mask_vertical_edge_small_03.png' remapped 'res://assets/overworld/terrain_masks/mask_vertical_edge_small_03.png' at thread -1
Loading resource: res://assets/overworld/terrain_masks/mask_corner_b_dominant_00.png remapped: res://assets/overworld/terrain_masks/mask_corner_b_dominant_00.png
Loading resource: res://.godot/imported/mask_corner_b_dominant_00.png-5f15cd5177ba221bdf3a26dbce79fc78.ctex remapped: res://.godot/imported/mask_corner_b_dominant_00.png-5f15cd5177ba221bdf3a26dbce79fc78.ctex
Completed load for: 'res://assets/overworld/terrain_masks/mask_corner_b_dominant_00.png' remapped 'res://assets/overworld/terrain_masks/mask_corner_b_dominant_00.png' at thread -1
Loading resource: res://assets/overworld/terrain_masks/mask_corner_b_dominant_00.png remapped: res://assets/overworld/terrain_masks/mask_corner_b_dominant_00.png
Loading resource: res://.godot/imported/mask_corner_b_dominant_00.png-5f15cd5177ba221bdf3a26dbce79fc78.ctex remapped: res://.godot/imported/mask_corner_b_dominant_00.png-5f15cd5177ba221bdf3a26dbce79fc78.ctex
Completed load for: 'res://assets/overworld/terrain_masks/mask_corner_b_dominant_00.png' remapped 'res://assets/overworld/terrain_masks/mask_corner_b_dominant_00.png' at thread -1
Loading resource: res://assets/overworld/terrain_masks/mask_vertical_edge_small_03.png remapped: res://assets/overworld/terrain_masks/mask_vertical_edge_small_03.png
Loading resource: res://.godot/imported/mask_vertical_edge_small_03.png-292b023af94446e5b4bcd26a88e46bb2.ctex remapped: res://.godot/imported/mask_vertical_edge_small_03.png-292b023af94446e5b4bcd26a88e46bb2.ctex
Completed load for: 'res://assets/overworld/terrain_masks/mask_vertical_edge_small_03.png' remapped 'res://assets/overworld/terrain_masks/mask_vertical_edge_small_03.png' at thread -1
Loading resource: res://assets/overworld/terrain_masks/mask_vertical_edge_small_03.png remapped: res://assets/overworld/terrain_masks/mask_vertical_edge_small_03.png
Loading resource: res://.godot/imported/mask_vertical_edge_small_03.png-292b023af94446e5b4bcd26a88e46bb2.ctex remapped: res://.godot/imported/mask_vertical_edge_small_03.png-292b023af94446e5b4bcd26a88e46bb2.ctex
Completed load for: 'res://assets/overworld/terrain_masks/mask_vertical_edge_small_03.png' remapped 'res://assets/overworld/terrain_masks/mask_vertical_edge_small_03.png' at thread -1
Loading resource: res://assets/overworld/terrain_masks/mask_corner_b_dominant_00.png remapped: res://assets/overworld/terrain_masks/mask_corner_b_dominant_00.png
Loading resource: res://.godot/imported/mask_corner_b_dominant_00.png-5f15cd5177ba221bdf3a26dbce79fc78.ctex remapped: res://.godot/imported/mask_corner_b_dominant_00.png-5f15cd5177ba221bdf3a26dbce79fc78.ctex
Completed load for: 'res://assets/overworld/terrain_masks/mask_corner_b_dominant_00.png' remapped 'res://assets/overworld/terrain_masks/mask_corner_b_dominant_00.png' at thread -1
Loading resource: res://assets/overworld/terrain_masks/mask_corner_b_dominant_00.png remapped: res://assets/overworld/terrain_masks/mask_corner_b_dominant_00.png
Loading resource: res://.godot/imported/mask_corner_b_dominant_00.png-5f15cd5177ba221bdf3a26dbce79fc78.ctex remapped: res://.godot/imported/mask_corner_b_dominant_00.png-5f15cd5177ba221bdf3a26dbce79fc78.ctex
Completed load for: 'res://assets/overworld/terrain_masks/mask_corner_b_dominant_00.png' remapped 'res://assets/overworld/terrain_masks/mask_corner_b_dominant_00.png' at thread -1
Loading resource: res://assets/overworld/terrain_masks/mask_vertical_edge_small_03.png remapped: res://assets/overworld/terrain_masks/mask_vertical_edge_small_03.png
Loading resource: res://.godot/imported/mask_vertical_edge_small_03.png-292b023af94446e5b4bcd26a88e46bb2.ctex remapped: res://.godot/imported/mask_vertical_edge_small_03.png-292b023af94446e5b4bcd26a88e46bb2.ctex
Completed load for: 'res://assets/overworld/terrain_masks/mask_vertical_edge_small_03.png' remapped 'res://assets/overworld/terrain_masks/mask_vertical_edge_small_03.png' at thread -1
Loading resource: res://assets/overworld/terrain_masks/mask_vertical_edge_small_03.png remapped: res://assets/overworld/terrain_masks/mask_vertical_edge_small_03.png
Loading resource: res://.godot/imported/mask_vertical_edge_small_03.png-292b023af94446e5b4bcd26a88e46bb2.ctex remapped: res://.godot/imported/mask_vertical_edge_small_03.png-292b023af94446e5b4bcd26a88e46bb2.ctex
Completed load for: 'res://assets/overworld/terrain_masks/mask_vertical_edge_small_03.png' remapped 'res://assets/overworld/terrain_masks/mask_vertical_edge_small_03.png' at thread -1
Loading resource: res://assets/overworld/terrain_masks/mask_corner_b_dominant_00.png remapped: res://assets/overworld/terrain_masks/mask_corner_b_dominant_00.png
Loading resource: res://.godot/imported/mask_corner_b_dominant_00.png-5f15cd5177ba221bdf3a26dbce79fc78.ctex remapped: res://.godot/imported/mask_corner_b_dominant_00.png-5f15cd5177ba221bdf3a26dbce79fc78.ctex
Completed load for: 'res://assets/overworld/terrain_masks/mask_corner_b_dominant_00.png' remapped 'res://assets/overworld/terrain_masks/mask_corner_b_dominant_00.png' at thread -1
Loading resource: res://assets/overworld/terrain_masks/mask_corner_b_dominant_00.png remapped: res://assets/overworld/terrain_masks/mask_corner_b_dominant_00.png
Loading resource: res://.godot/imported/mask_corner_b_dominant_00.png-5f15cd5177ba221bdf3a26dbce79fc78.ctex remapped: res://.godot/imported/mask_corner_b_dominant_00.png-5f15cd5177ba221bdf3a26dbce79fc78.ctex
Completed load for: 'res://assets/overworld/terrain_masks/mask_corner_b_dominant_00.png' remapped 'res://assets/overworld/terrain_masks/mask_corner_b_dominant_00.png' at thread -1
Loading resource: res://assets/overworld/terrain_masks/mask_vertical_edge_small_03.png remapped: res://assets/overworld/terrain_masks/mask_vertical_edge_small_03.png
Loading resource: res://.godot/imported/mask_vertical_edge_small_03.png-292b023af94446e5b4bcd26a88e46bb2.ctex remapped: res://.godot/imported/mask_vertical_edge_small_03.png-292b023af94446e5b4bcd26a88e46bb2.ctex
Completed load for: 'res://assets/overworld/terrain_masks/mask_vertical_edge_small_03.png' remapped 'res://assets/overworld/terrain_masks/mask_vertical_edge_small_03.png' at thread -1
Loading resource: res://assets/overworld/terrain_masks/mask_vertical_edge_small_03.png remapped: res://assets/overworld/terrain_masks/mask_vertical_edge_small_03.png
Loading resource: res://.godot/imported/mask_vertical_edge_small_03.png-292b023af94446e5b4bcd26a88e46bb2.ctex remapped: res://.godot/imported/mask_vertical_edge_small_03.png-292b023af94446e5b4bcd26a88e46bb2.ctex
Completed load for: 'res://assets/overworld/terrain_masks/mask_vertical_edge_small_03.png' remapped 'res://assets/overworld/terrain_masks/mask_vertical_edge_small_03.png' at thread -1
Loading resource: res://assets/overworld/terrain_masks/mask_horizontal_edge_small_01.png remapped: res://assets/overworld/terrain_masks/mask_horizontal_edge_small_01.png
Loading resource: res://.godot/imported/mask_horizontal_edge_small_01.png-925c7a67195149bb83a41d96227ef297.ctex remapped: res://.godot/imported/mask_horizontal_edge_small_01.png-925c7a67195149bb83a41d96227ef297.ctex
Completed load for: 'res://assets/overworld/terrain_masks/mask_horizontal_edge_small_01.png' remapped 'res://assets/overworld/terrain_masks/mask_horizontal_edge_small_01.png' at thread -1
Loading resource: res://assets/overworld/terrain_masks/mask_horizontal_edge_small_01.png remapped: res://assets/overworld/terrain_masks/mask_horizontal_edge_small_01.png
Loading resource: res://.godot/imported/mask_horizontal_edge_small_01.png-925c7a67195149bb83a41d96227ef297.ctex remapped: res://.godot/imported/mask_horizontal_edge_small_01.png-925c7a67195149bb83a41d96227ef297.ctex
Completed load for: 'res://assets/overworld/terrain_masks/mask_horizontal_edge_small_01.png' remapped 'res://assets/overworld/terrain_masks/mask_horizontal_edge_small_01.png' at thread -1
Loading resource: res://assets/overworld/terrain_masks/mask_horizontal_edge_small_01.png remapped: res://assets/overworld/terrain_masks/mask_horizontal_edge_small_01.png
Loading resource: res://.godot/imported/mask_horizontal_edge_small_01.png-925c7a67195149bb83a41d96227ef297.ctex remapped: res://.godot/imported/mask_horizontal_edge_small_01.png-925c7a67195149bb83a41d96227ef297.ctex
Completed load for: 'res://assets/overworld/terrain_masks/mask_horizontal_edge_small_01.png' remapped 'res://assets/overworld/terrain_masks/mask_horizontal_edge_small_01.png' at thread -1
Loading resource: res://assets/overworld/terrain_masks/mask_horizontal_edge_small_01.png remapped: res://assets/overworld/terrain_masks/mask_horizontal_edge_small_01.png
Loading resource: res://.godot/imported/mask_horizontal_edge_small_01.png-925c7a67195149bb83a41d96227ef297.ctex remapped: res://.godot/imported/mask_horizontal_edge_small_01.png-925c7a67195149bb83a41d96227ef297.ctex
Completed load for: 'res://assets/overworld/terrain_masks/mask_horizontal_edge_small_01.png' remapped 'res://assets/overworld/terrain_masks/mask_horizontal_edge_small_01.png' at thread -1
Loading resource: res://assets/overworld/terrain_masks/mask_horizontal_edge_small_01.png remapped: res://assets/overworld/terrain_masks/mask_horizontal_edge_small_01.png
Loading resource: res://.godot/imported/mask_horizontal_edge_small_01.png-925c7a67195149bb83a41d96227ef297.ctex remapped: res://.godot/imported/mask_horizontal_edge_small_01.png-925c7a67195149bb83a41d96227ef297.ctex
Completed load for: 'res://assets/overworld/terrain_masks/mask_horizontal_edge_small_01.png' remapped 'res://assets/overworld/terrain_masks/mask_horizontal_edge_small_01.png' at thread -1
Loading resource: res://assets/overworld/terrain_masks/mask_horizontal_edge_small_01.png remapped: res://assets/overworld/terrain_masks/mask_horizontal_edge_small_01.png
Loading resource: res://.godot/imported/mask_horizontal_edge_small_01.png-925c7a67195149bb83a41d96227ef297.ctex remapped: res://.godot/imported/mask_horizontal_edge_small_01.png-925c7a67195149bb83a41d96227ef297.ctex
Completed load for: 'res://assets/overworld/terrain_masks/mask_horizontal_edge_small_01.png' remapped 'res://assets/overworld/terrain_masks/mask_horizontal_edge_small_01.png' at thread -1
Loading resource: res://assets/overworld/terrain_masks/mask_horizontal_edge_small_01.png remapped: res://assets/overworld/terrain_masks/mask_horizontal_edge_small_01.png
Loading resource: res://.godot/imported/mask_horizontal_edge_small_01.png-925c7a67195149bb83a41d96227ef297.ctex remapped: res://.godot/imported/mask_horizontal_edge_small_01.png-925c7a67195149bb83a41d96227ef297.ctex
Completed load for: 'res://assets/overworld/terrain_masks/mask_horizontal_edge_small_01.png' remapped 'res://assets/overworld/terrain_masks/mask_horizontal_edge_small_01.png' at thread -1
Loading resource: res://assets/overworld/terrain_masks/mask_horizontal_edge_small_01.png remapped: res://assets/overworld/terrain_masks/mask_horizontal_edge_small_01.png
Loading resource: res://.godot/imported/mask_horizontal_edge_small_01.png-925c7a67195149bb83a41d96227ef297.ctex remapped: res://.godot/imported/mask_horizontal_edge_small_01.png-925c7a67195149bb83a41d96227ef297.ctex
Completed load for: 'res://assets/overworld/terrain_masks/mask_horizontal_edge_small_01.png' remapped 'res://assets/overworld/terrain_masks/mask_horizontal_edge_small_01.png' at thread -1
Loading resource: res://assets/overworld/terrain_masks/mask_corner_a_dominant_03.png remapped: res://assets/overworld/terrain_masks/mask_corner_a_dominant_03.png
Loading resource: res://.godot/imported/mask_corner_a_dominant_03.png-c913f9e2fd4863fc5fbbfdae23700e86.ctex remapped: res://.godot/imported/mask_corner_a_dominant_03.png-c913f9e2fd4863fc5fbbfdae23700e86.ctex
Completed load for: 'res://assets/overworld/terrain_masks/mask_corner_a_dominant_03.png' remapped 'res://assets/overworld/terrain_masks/mask_corner_a_dominant_03.png' at thread -1
Loading resource: res://assets/overworld/terrain_masks/mask_corner_a_dominant_03.png remapped: res://assets/overworld/terrain_masks/mask_corner_a_dominant_03.png
Loading resource: res://.godot/imported/mask_corner_a_dominant_03.png-c913f9e2fd4863fc5fbbfdae23700e86.ctex remapped: res://.godot/imported/mask_corner_a_dominant_03.png-c913f9e2fd4863fc5fbbfdae23700e86.ctex
Completed load for: 'res://assets/overworld/terrain_masks/mask_corner_a_dominant_03.png' remapped 'res://assets/overworld/terrain_masks/mask_corner_a_dominant_03.png' at thread -1
Loading resource: res://assets/overworld/terrain_masks/mask_corner_a_dominant_03.png remapped: res://assets/overworld/terrain_masks/mask_corner_a_dominant_03.png
Loading resource: res://.godot/imported/mask_corner_a_dominant_03.png-c913f9e2fd4863fc5fbbfdae23700e86.ctex remapped: res://.godot/imported/mask_corner_a_dominant_03.png-c913f9e2fd4863fc5fbbfdae23700e86.ctex
Completed load for: 'res://assets/overworld/terrain_masks/mask_corner_a_dominant_03.png' remapped 'res://assets/overworld/terrain_masks/mask_corner_a_dominant_03.png' at thread -1
Loading resource: res://assets/overworld/terrain_masks/mask_corner_a_dominant_03.png remapped: res://assets/overworld/terrain_masks/mask_corner_a_dominant_03.png
Loading resource: res://.godot/imported/mask_corner_a_dominant_03.png-c913f9e2fd4863fc5fbbfdae23700e86.ctex remapped: res://.godot/imported/mask_corner_a_dominant_03.png-c913f9e2fd4863fc5fbbfdae23700e86.ctex
Completed load for: 'res://assets/overworld/terrain_masks/mask_corner_a_dominant_03.png' remapped 'res://assets/overworld/terrain_masks/mask_corner_a_dominant_03.png' at thread -1
Loading resource: res://assets/overworld/terrain_masks/mask_corner_a_dominant_03.png remapped: res://assets/overworld/terrain_masks/mask_corner_a_dominant_03.png
Loading resource: res://.godot/imported/mask_corner_a_dominant_03.png-c913f9e2fd4863fc5fbbfdae23700e86.ctex remapped: res://.godot/imported/mask_corner_a_dominant_03.png-c913f9e2fd4863fc5fbbfdae23700e86.ctex
Completed load for: 'res://assets/overworld/terrain_masks/mask_corner_a_dominant_03.png' remapped 'res://assets/overworld/terrain_masks/mask_corner_a_dominant_03.png' at thread -1
Loading resource: res://assets/overworld/terrain_masks/mask_corner_a_dominant_03.png remapped: res://assets/overworld/terrain_masks/mask_corner_a_dominant_03.png
Loading resource: res://.godot/imported/mask_corner_a_dominant_03.png-c913f9e2fd4863fc5fbbfdae23700e86.ctex remapped: res://.godot/imported/mask_corner_a_dominant_03.png-c913f9e2fd4863fc5fbbfdae23700e86.ctex
Completed load for: 'res://assets/overworld/terrain_masks/mask_corner_a_dominant_03.png' remapped 'res://assets/overworld/terrain_masks/mask_corner_a_dominant_03.png' at thread -1
Loading resource: res://assets/overworld/terrain_masks/mask_corner_a_dominant_03.png remapped: res://assets/overworld/terrain_masks/mask_corner_a_dominant_03.png
Loading resource: res://.godot/imported/mask_corner_a_dominant_03.png-c913f9e2fd4863fc5fbbfdae23700e86.ctex remapped: res://.godot/imported/mask_corner_a_dominant_03.png-c913f9e2fd4863fc5fbbfdae23700e86.ctex
Completed load for: 'res://assets/overworld/terrain_masks/mask_corner_a_dominant_03.png' remapped 'res://assets/overworld/terrain_masks/mask_corner_a_dominant_03.png' at thread -1
Loading resource: res://assets/overworld/terrain_masks/mask_corner_a_dominant_03.png remapped: res://assets/overworld/terrain_masks/mask_corner_a_dominant_03.png
Loading resource: res://.godot/imported/mask_corner_a_dominant_03.png-c913f9e2fd4863fc5fbbfdae23700e86.ctex remapped: res://.godot/imported/mask_corner_a_dominant_03.png-c913f9e2fd4863fc5fbbfdae23700e86.ctex
Completed load for: 'res://assets/overworld/terrain_masks/mask_corner_a_dominant_03.png' remapped 'res://assets/overworld/terrain_masks/mask_corner_a_dominant_03.png' at thread -1
Loading resource: res://assets/overworld/terrain_masks/mask_corner_a_dominant_02.png remapped: res://assets/overworld/terrain_masks/mask_corner_a_dominant_02.png
Loading resource: res://.godot/imported/mask_corner_a_dominant_02.png-bd3c38b63920202f67915a9c479c0559.ctex remapped: res://.godot/imported/mask_corner_a_dominant_02.png-bd3c38b63920202f67915a9c479c0559.ctex
Completed load for: 'res://assets/overworld/terrain_masks/mask_corner_a_dominant_02.png' remapped 'res://assets/overworld/terrain_masks/mask_corner_a_dominant_02.png' at thread -1
Loading resource: res://assets/overworld/terrain_masks/mask_corner_a_dominant_02.png remapped: res://assets/overworld/terrain_masks/mask_corner_a_dominant_02.png
Loading resource: res://.godot/imported/mask_corner_a_dominant_02.png-bd3c38b63920202f67915a9c479c0559.ctex remapped: res://.godot/imported/mask_corner_a_dominant_02.png-bd3c38b63920202f67915a9c479c0559.ctex
Completed load for: 'res://assets/overworld/terrain_masks/mask_corner_a_dominant_02.png' remapped 'res://assets/overworld/terrain_masks/mask_corner_a_dominant_02.png' at thread -1
Loading resource: res://assets/overworld/terrain_masks/mask_corner_a_dominant_02.png remapped: res://assets/overworld/terrain_masks/mask_corner_a_dominant_02.png
Loading resource: res://.godot/imported/mask_corner_a_dominant_02.png-bd3c38b63920202f67915a9c479c0559.ctex remapped: res://.godot/imported/mask_corner_a_dominant_02.png-bd3c38b63920202f67915a9c479c0559.ctex
Completed load for: 'res://assets/overworld/terrain_masks/mask_corner_a_dominant_02.png' remapped 'res://assets/overworld/terrain_masks/mask_corner_a_dominant_02.png' at thread -1
Loading resource: res://assets/overworld/terrain_masks/mask_corner_a_dominant_02.png remapped: res://assets/overworld/terrain_masks/mask_corner_a_dominant_02.png
Loading resource: res://.godot/imported/mask_corner_a_dominant_02.png-bd3c38b63920202f67915a9c479c0559.ctex remapped: res://.godot/imported/mask_corner_a_dominant_02.png-bd3c38b63920202f67915a9c479c0559.ctex
Completed load for: 'res://assets/overworld/terrain_masks/mask_corner_a_dominant_02.png' remapped 'res://assets/overworld/terrain_masks/mask_corner_a_dominant_02.png' at thread -1
Loading resource: res://assets/overworld/terrain_masks/mask_corner_a_dominant_02.png remapped: res://assets/overworld/terrain_masks/mask_corner_a_dominant_02.png
Loading resource: res://.godot/imported/mask_corner_a_dominant_02.png-bd3c38b63920202f67915a9c479c0559.ctex remapped: res://.godot/imported/mask_corner_a_dominant_02.png-bd3c38b63920202f67915a9c479c0559.ctex
Completed load for: 'res://assets/overworld/terrain_masks/mask_corner_a_dominant_02.png' remapped 'res://assets/overworld/terrain_masks/mask_corner_a_dominant_02.png' at thread -1
Loading resource: res://assets/overworld/terrain_masks/mask_corner_a_dominant_02.png remapped: res://assets/overworld/terrain_masks/mask_corner_a_dominant_02.png
Loading resource: res://.godot/imported/mask_corner_a_dominant_02.png-bd3c38b63920202f67915a9c479c0559.ctex remapped: res://.godot/imported/mask_corner_a_dominant_02.png-bd3c38b63920202f67915a9c479c0559.ctex
Completed load for: 'res://assets/overworld/terrain_masks/mask_corner_a_dominant_02.png' remapped 'res://assets/overworld/terrain_masks/mask_corner_a_dominant_02.png' at thread -1
Loading resource: res://assets/overworld/terrain_masks/mask_corner_a_dominant_02.png remapped: res://assets/overworld/terrain_masks/mask_corner_a_dominant_02.png
Loading resource: res://.godot/imported/mask_corner_a_dominant_02.png-bd3c38b63920202f67915a9c479c0559.ctex remapped: res://.godot/imported/mask_corner_a_dominant_02.png-bd3c38b63920202f67915a9c479c0559.ctex
Completed load for: 'res://assets/overworld/terrain_masks/mask_corner_a_dominant_02.png' remapped 'res://assets/overworld/terrain_masks/mask_corner_a_dominant_02.png' at thread -1
Loading resource: res://assets/overworld/terrain_masks/mask_corner_a_dominant_02.png remapped: res://assets/overworld/terrain_masks/mask_corner_a_dominant_02.png
Loading resource: res://.godot/imported/mask_corner_a_dominant_02.png-bd3c38b63920202f67915a9c479c0559.ctex remapped: res://.godot/imported/mask_corner_a_dominant_02.png-bd3c38b63920202f67915a9c479c0559.ctex
Completed load for: 'res://assets/overworld/terrain_masks/mask_corner_a_dominant_02.png' remapped 'res://assets/overworld/terrain_masks/mask_corner_a_dominant_02.png' at thread -1
Loading resource: res://assets/overworld/terrain_masks/mask_corner_b_dominant_02.png remapped: res://assets/overworld/terrain_masks/mask_corner_b_dominant_02.png
Loading resource: res://.godot/imported/mask_corner_b_dominant_02.png-5af894ea302ae02fa73810d46bd64bb7.ctex remapped: res://.godot/imported/mask_corner_b_dominant_02.png-5af894ea302ae02fa73810d46bd64bb7.ctex
Completed load for: 'res://assets/overworld/terrain_masks/mask_corner_b_dominant_02.png' remapped 'res://assets/overworld/terrain_masks/mask_corner_b_dominant_02.png' at thread -1
Loading resource: res://assets/overworld/terrain_masks/mask_corner_b_dominant_02.png remapped: res://assets/overworld/terrain_masks/mask_corner_b_dominant_02.png
Loading resource: res://.godot/imported/mask_corner_b_dominant_02.png-5af894ea302ae02fa73810d46bd64bb7.ctex remapped: res://.godot/imported/mask_corner_b_dominant_02.png-5af894ea302ae02fa73810d46bd64bb7.ctex
Completed load for: 'res://assets/overworld/terrain_masks/mask_corner_b_dominant_02.png' remapped 'res://assets/overworld/terrain_masks/mask_corner_b_dominant_02.png' at thread -1
Loading resource: res://assets/overworld/terrain_masks/mask_horizontal_edge_small_04.png remapped: res://assets/overworld/terrain_masks/mask_horizontal_edge_small_04.png
Loading resource: res://.godot/imported/mask_horizontal_edge_small_04.png-f6eb9f7dd81706a6c39aef25ebafe884.ctex remapped: res://.godot/imported/mask_horizontal_edge_small_04.png-f6eb9f7dd81706a6c39aef25ebafe884.ctex
Completed load for: 'res://assets/overworld/terrain_masks/mask_horizontal_edge_small_04.png' remapped 'res://assets/overworld/terrain_masks/mask_horizontal_edge_small_04.png' at thread -1
Loading resource: res://assets/overworld/terrain_masks/mask_horizontal_edge_small_04.png remapped: res://assets/overworld/terrain_masks/mask_horizontal_edge_small_04.png
Loading resource: res://.godot/imported/mask_horizontal_edge_small_04.png-f6eb9f7dd81706a6c39aef25ebafe884.ctex remapped: res://.godot/imported/mask_horizontal_edge_small_04.png-f6eb9f7dd81706a6c39aef25ebafe884.ctex
Completed load for: 'res://assets/overworld/terrain_masks/mask_horizontal_edge_small_04.png' remapped 'res://assets/overworld/terrain_masks/mask_horizontal_edge_small_04.png' at thread -1
Loading resource: res://assets/overworld/terrain_masks/mask_vertical_edge_small_01.png remapped: res://assets/overworld/terrain_masks/mask_vertical_edge_small_01.png
Loading resource: res://.godot/imported/mask_vertical_edge_small_01.png-ca781f158bc3ba2f46054307b17ca229.ctex remapped: res://.godot/imported/mask_vertical_edge_small_01.png-ca781f158bc3ba2f46054307b17ca229.ctex
Completed load for: 'res://assets/overworld/terrain_masks/mask_vertical_edge_small_01.png' remapped 'res://assets/overworld/terrain_masks/mask_vertical_edge_small_01.png' at thread -1
Loading resource: res://assets/overworld/terrain_masks/mask_vertical_edge_small_01.png remapped: res://assets/overworld/terrain_masks/mask_vertical_edge_small_01.png
Loading resource: res://.godot/imported/mask_vertical_edge_small_01.png-ca781f158bc3ba2f46054307b17ca229.ctex remapped: res://.godot/imported/mask_vertical_edge_small_01.png-ca781f158bc3ba2f46054307b17ca229.ctex
Completed load for: 'res://assets/overworld/terrain_masks/mask_vertical_edge_small_01.png' remapped 'res://assets/overworld/terrain_masks/mask_vertical_edge_small_01.png' at thread -1
Loading resource: res://assets/overworld/terrain_masks/mask_vertical_edge_small_01.png remapped: res://assets/overworld/terrain_masks/mask_vertical_edge_small_01.png
Loading resource: res://.godot/imported/mask_vertical_edge_small_01.png-ca781f158bc3ba2f46054307b17ca229.ctex remapped: res://.godot/imported/mask_vertical_edge_small_01.png-ca781f158bc3ba2f46054307b17ca229.ctex
Completed load for: 'res://assets/overworld/terrain_masks/mask_vertical_edge_small_01.png' remapped 'res://assets/overworld/terrain_masks/mask_vertical_edge_small_01.png' at thread -1
Loading resource: res://assets/overworld/terrain_masks/mask_vertical_edge_small_01.png remapped: res://assets/overworld/terrain_masks/mask_vertical_edge_small_01.png
Loading resource: res://.godot/imported/mask_vertical_edge_small_01.png-ca781f158bc3ba2f46054307b17ca229.ctex remapped: res://.godot/imported/mask_vertical_edge_small_01.png-ca781f158bc3ba2f46054307b17ca229.ctex
Completed load for: 'res://assets/overworld/terrain_masks/mask_vertical_edge_small_01.png' remapped 'res://assets/overworld/terrain_masks/mask_vertical_edge_small_01.png' at thread -1
Loading resource: res://assets/overworld/terrain_masks/mask_vertical_edge_small_01.png remapped: res://assets/overworld/terrain_masks/mask_vertical_edge_small_01.png
Loading resource: res://.godot/imported/mask_vertical_edge_small_01.png-ca781f158bc3ba2f46054307b17ca229.ctex remapped: res://.godot/imported/mask_vertical_edge_small_01.png-ca781f158bc3ba2f46054307b17ca229.ctex
Completed load for: 'res://assets/overworld/terrain_masks/mask_vertical_edge_small_01.png' remapped 'res://assets/overworld/terrain_masks/mask_vertical_edge_small_01.png' at thread -1
Loading resource: res://assets/overworld/terrain_masks/mask_vertical_edge_small_01.png remapped: res://assets/overworld/terrain_masks/mask_vertical_edge_small_01.png
Loading resource: res://.godot/imported/mask_vertical_edge_small_01.png-ca781f158bc3ba2f46054307b17ca229.ctex remapped: res://.godot/imported/mask_vertical_edge_small_01.png-ca781f158bc3ba2f46054307b17ca229.ctex
Completed load for: 'res://assets/overworld/terrain_masks/mask_vertical_edge_small_01.png' remapped 'res://assets/overworld/terrain_masks/mask_vertical_edge_small_01.png' at thread -1
Loading resource: res://assets/overworld/terrain_masks/mask_vertical_edge_small_01.png remapped: res://assets/overworld/terrain_masks/mask_vertical_edge_small_01.png
Loading resource: res://.godot/imported/mask_vertical_edge_small_01.png-ca781f158bc3ba2f46054307b17ca229.ctex remapped: res://.godot/imported/mask_vertical_edge_small_01.png-ca781f158bc3ba2f46054307b17ca229.ctex
Completed load for: 'res://assets/overworld/terrain_masks/mask_vertical_edge_small_01.png' remapped 'res://assets/overworld/terrain_masks/mask_vertical_edge_small_01.png' at thread -1
Loading resource: res://assets/overworld/terrain_masks/mask_vertical_edge_small_01.png remapped: res://assets/overworld/terrain_masks/mask_vertical_edge_small_01.png
Loading resource: res://.godot/imported/mask_vertical_edge_small_01.png-ca781f158bc3ba2f46054307b17ca229.ctex remapped: res://.godot/imported/mask_vertical_edge_small_01.png-ca781f158bc3ba2f46054307b17ca229.ctex
Completed load for: 'res://assets/overworld/terrain_masks/mask_vertical_edge_small_01.png' remapped 'res://assets/overworld/terrain_masks/mask_vertical_edge_small_01.png' at thread -1
Loading resource: res://assets/overworld/terrain_masks/mask_corner_b_dominant_04.png remapped: res://assets/overworld/terrain_masks/mask_corner_b_dominant_04.png
Loading resource: res://.godot/imported/mask_corner_b_dominant_04.png-41e52e4fb46f6c6f29b43386ce0e6873.ctex remapped: res://.godot/imported/mask_corner_b_dominant_04.png-41e52e4fb46f6c6f29b43386ce0e6873.ctex
Completed load for: 'res://assets/overworld/terrain_masks/mask_corner_b_dominant_04.png' remapped 'res://assets/overworld/terrain_masks/mask_corner_b_dominant_04.png' at thread -1
Loading resource: res://assets/overworld/terrain_masks/mask_corner_b_dominant_04.png remapped: res://assets/overworld/terrain_masks/mask_corner_b_dominant_04.png
Loading resource: res://.godot/imported/mask_corner_b_dominant_04.png-41e52e4fb46f6c6f29b43386ce0e6873.ctex remapped: res://.godot/imported/mask_corner_b_dominant_04.png-41e52e4fb46f6c6f29b43386ce0e6873.ctex
Completed load for: 'res://assets/overworld/terrain_masks/mask_corner_b_dominant_04.png' remapped 'res://assets/overworld/terrain_masks/mask_corner_b_dominant_04.png' at thread -1
Loading resource: res://assets/overworld/terrain_masks/mask_horizontal_edge_small_04.png remapped: res://assets/overworld/terrain_masks/mask_horizontal_edge_small_04.png
Loading resource: res://.godot/imported/mask_horizontal_edge_small_04.png-f6eb9f7dd81706a6c39aef25ebafe884.ctex remapped: res://.godot/imported/mask_horizontal_edge_small_04.png-f6eb9f7dd81706a6c39aef25ebafe884.ctex
Completed load for: 'res://assets/overworld/terrain_masks/mask_horizontal_edge_small_04.png' remapped 'res://assets/overworld/terrain_masks/mask_horizontal_edge_small_04.png' at thread -1
Loading resource: res://assets/overworld/terrain_masks/mask_horizontal_edge_small_04.png remapped: res://assets/overworld/terrain_masks/mask_horizontal_edge_small_04.png
Loading resource: res://.godot/imported/mask_horizontal_edge_small_04.png-f6eb9f7dd81706a6c39aef25ebafe884.ctex remapped: res://.godot/imported/mask_horizontal_edge_small_04.png-f6eb9f7dd81706a6c39aef25ebafe884.ctex
Completed load for: 'res://assets/overworld/terrain_masks/mask_horizontal_edge_small_04.png' remapped 'res://assets/overworld/terrain_masks/mask_horizontal_edge_small_04.png' at thread -1
Loading resource: res://assets/overworld/terrain_masks/mask_vertical_edge_small_01.png remapped: res://assets/overworld/terrain_masks/mask_vertical_edge_small_01.png
Loading resource: res://.godot/imported/mask_vertical_edge_small_01.png-ca781f158bc3ba2f46054307b17ca229.ctex remapped: res://.godot/imported/mask_vertical_edge_small_01.png-ca781f158bc3ba2f46054307b17ca229.ctex
Completed load for: 'res://assets/overworld/terrain_masks/mask_vertical_edge_small_01.png' remapped 'res://assets/overworld/terrain_masks/mask_vertical_edge_small_01.png' at thread -1
Loading resource: res://assets/overworld/terrain_masks/mask_vertical_edge_small_01.png remapped: res://assets/overworld/terrain_masks/mask_vertical_edge_small_01.png
Loading resource: res://.godot/imported/mask_vertical_edge_small_01.png-ca781f158bc3ba2f46054307b17ca229.ctex remapped: res://.godot/imported/mask_vertical_edge_small_01.png-ca781f158bc3ba2f46054307b17ca229.ctex
Completed load for: 'res://assets/overworld/terrain_masks/mask_vertical_edge_small_01.png' remapped 'res://assets/overworld/terrain_masks/mask_vertical_edge_small_01.png' at thread -1
Loading resource: res://assets/overworld/terrain_masks/mask_vertical_edge_small_01.png remapped: res://assets/overworld/terrain_masks/mask_vertical_edge_small_01.png
Loading resource: res://.godot/imported/mask_vertical_edge_small_01.png-ca781f158bc3ba2f46054307b17ca229.ctex remapped: res://.godot/imported/mask_vertical_edge_small_01.png-ca781f158bc3ba2f46054307b17ca229.ctex
Completed load for: 'res://assets/overworld/terrain_masks/mask_vertical_edge_small_01.png' remapped 'res://assets/overworld/terrain_masks/mask_vertical_edge_small_01.png' at thread -1
Loading resource: res://assets/overworld/terrain_masks/mask_vertical_edge_small_01.png remapped: res://assets/overworld/terrain_masks/mask_vertical_edge_small_01.png
Loading resource: res://.godot/imported/mask_vertical_edge_small_01.png-ca781f158bc3ba2f46054307b17ca229.ctex remapped: res://.godot/imported/mask_vertical_edge_small_01.png-ca781f158bc3ba2f46054307b17ca229.ctex
Completed load for: 'res://assets/overworld/terrain_masks/mask_vertical_edge_small_01.png' remapped 'res://assets/overworld/terrain_masks/mask_vertical_edge_small_01.png' at thread -1
Loading resource: res://assets/overworld/terrain_masks/mask_horizontal_edge_small_02.png remapped: res://assets/overworld/terrain_masks/mask_horizontal_edge_small_02.png
Loading resource: res://.godot/imported/mask_horizontal_edge_small_02.png-61f57c402c9b58e86f60eabe83a6eb85.ctex remapped: res://.godot/imported/mask_horizontal_edge_small_02.png-61f57c402c9b58e86f60eabe83a6eb85.ctex
Completed load for: 'res://assets/overworld/terrain_masks/mask_horizontal_edge_small_02.png' remapped 'res://assets/overworld/terrain_masks/mask_horizontal_edge_small_02.png' at thread -1
Loading resource: res://assets/overworld/terrain_masks/mask_horizontal_edge_small_02.png remapped: res://assets/overworld/terrain_masks/mask_horizontal_edge_small_02.png
Loading resource: res://.godot/imported/mask_horizontal_edge_small_02.png-61f57c402c9b58e86f60eabe83a6eb85.ctex remapped: res://.godot/imported/mask_horizontal_edge_small_02.png-61f57c402c9b58e86f60eabe83a6eb85.ctex
Completed load for: 'res://assets/overworld/terrain_masks/mask_horizontal_edge_small_02.png' remapped 'res://assets/overworld/terrain_masks/mask_horizontal_edge_small_02.png' at thread -1
Loading resource: res://assets/overworld/terrain_masks/mask_horizontal_edge_small_02.png remapped: res://assets/overworld/terrain_masks/mask_horizontal_edge_small_02.png
Loading resource: res://.godot/imported/mask_horizontal_edge_small_02.png-61f57c402c9b58e86f60eabe83a6eb85.ctex remapped: res://.godot/imported/mask_horizontal_edge_small_02.png-61f57c402c9b58e86f60eabe83a6eb85.ctex
Completed load for: 'res://assets/overworld/terrain_masks/mask_horizontal_edge_small_02.png' remapped 'res://assets/overworld/terrain_masks/mask_horizontal_edge_small_02.png' at thread -1
Loading resource: res://assets/overworld/terrain_masks/mask_horizontal_edge_small_02.png remapped: res://assets/overworld/terrain_masks/mask_horizontal_edge_small_02.png
Loading resource: res://.godot/imported/mask_horizontal_edge_small_02.png-61f57c402c9b58e86f60eabe83a6eb85.ctex remapped: res://.godot/imported/mask_horizontal_edge_small_02.png-61f57c402c9b58e86f60eabe83a6eb85.ctex
Completed load for: 'res://assets/overworld/terrain_masks/mask_horizontal_edge_small_02.png' remapped 'res://assets/overworld/terrain_masks/mask_horizontal_edge_small_02.png' at thread -1
Loading resource: res://assets/overworld/terrain_masks/mask_horizontal_edge_small_02.png remapped: res://assets/overworld/terrain_masks/mask_horizontal_edge_small_02.png
Loading resource: res://.godot/imported/mask_horizontal_edge_small_02.png-61f57c402c9b58e86f60eabe83a6eb85.ctex remapped: res://.godot/imported/mask_horizontal_edge_small_02.png-61f57c402c9b58e86f60eabe83a6eb85.ctex
Completed load for: 'res://assets/overworld/terrain_masks/mask_horizontal_edge_small_02.png' remapped 'res://assets/overworld/terrain_masks/mask_horizontal_edge_small_02.png' at thread -1
Loading resource: res://assets/overworld/terrain_masks/mask_horizontal_edge_small_02.png remapped: res://assets/overworld/terrain_masks/mask_horizontal_edge_small_02.png
Loading resource: res://.godot/imported/mask_horizontal_edge_small_02.png-61f57c402c9b58e86f60eabe83a6eb85.ctex remapped: res://.godot/imported/mask_horizontal_edge_small_02.png-61f57c402c9b58e86f60eabe83a6eb85.ctex
Completed load for: 'res://assets/overworld/terrain_masks/mask_horizontal_edge_small_02.png' remapped 'res://assets/overworld/terrain_masks/mask_horizontal_edge_small_02.png' at thread -1
Loading resource: res://assets/overworld/terrain_masks/mask_horizontal_edge_small_02.png remapped: res://assets/overworld/terrain_masks/mask_horizontal_edge_small_02.png
Loading resource: res://.godot/imported/mask_horizontal_edge_small_02.png-61f57c402c9b58e86f60eabe83a6eb85.ctex remapped: res://.godot/imported/mask_horizontal_edge_small_02.png-61f57c402c9b58e86f60eabe83a6eb85.ctex
Completed load for: 'res://assets/overworld/terrain_masks/mask_horizontal_edge_small_02.png' remapped 'res://assets/overworld/terrain_masks/mask_horizontal_edge_small_02.png' at thread -1
Loading resource: res://assets/overworld/terrain_masks/mask_horizontal_edge_small_02.png remapped: res://assets/overworld/terrain_masks/mask_horizontal_edge_small_02.png
Loading resource: res://.godot/imported/mask_horizontal_edge_small_02.png-61f57c402c9b58e86f60eabe83a6eb85.ctex remapped: res://.godot/imported/mask_horizontal_edge_small_02.png-61f57c402c9b58e86f60eabe83a6eb85.ctex
Completed load for: 'res://assets/overworld/terrain_masks/mask_horizontal_edge_small_02.png' remapped 'res://assets/overworld/terrain_masks/mask_horizontal_edge_small_02.png' at thread -1
Loading resource: res://assets/overworld/terrain_masks/mask_horizontal_edge_small_04.png remapped: res://assets/overworld/terrain_masks/mask_horizontal_edge_small_04.png
Loading resource: res://.godot/imported/mask_horizontal_edge_small_04.png-f6eb9f7dd81706a6c39aef25ebafe884.ctex remapped: res://.godot/imported/mask_horizontal_edge_small_04.png-f6eb9f7dd81706a6c39aef25ebafe884.ctex
Completed load for: 'res://assets/overworld/terrain_masks/mask_horizontal_edge_small_04.png' remapped 'res://assets/overworld/terrain_masks/mask_horizontal_edge_small_04.png' at thread -1
Loading resource: res://assets/overworld/terrain_masks/mask_horizontal_edge_small_04.png remapped: res://assets/overworld/terrain_masks/mask_horizontal_edge_small_04.png
Loading resource: res://.godot/imported/mask_horizontal_edge_small_04.png-f6eb9f7dd81706a6c39aef25ebafe884.ctex remapped: res://.godot/imported/mask_horizontal_edge_small_04.png-f6eb9f7dd81706a6c39aef25ebafe884.ctex
Completed load for: 'res://assets/overworld/terrain_masks/mask_horizontal_edge_small_04.png' remapped 'res://assets/overworld/terrain_masks/mask_horizontal_edge_small_04.png' at thread -1
Loading resource: res://assets/overworld/terrain_masks/mask_horizontal_edge_small_04.png remapped: res://assets/overworld/terrain_masks/mask_horizontal_edge_small_04.png
Loading resource: res://.godot/imported/mask_horizontal_edge_small_04.png-f6eb9f7dd81706a6c39aef25ebafe884.ctex remapped: res://.godot/imported/mask_horizontal_edge_small_04.png-f6eb9f7dd81706a6c39aef25ebafe884.ctex
Completed load for: 'res://assets/overworld/terrain_masks/mask_horizontal_edge_small_04.png' remapped 'res://assets/overworld/terrain_masks/mask_horizontal_edge_small_04.png' at thread -1
Loading resource: res://assets/overworld/terrain_masks/mask_horizontal_edge_small_04.png remapped: res://assets/overworld/terrain_masks/mask_horizontal_edge_small_04.png
Loading resource: res://.godot/imported/mask_horizontal_edge_small_04.png-f6eb9f7dd81706a6c39aef25ebafe884.ctex remapped: res://.godot/imported/mask_horizontal_edge_small_04.png-f6eb9f7dd81706a6c39aef25ebafe884.ctex
Completed load for: 'res://assets/overworld/terrain_masks/mask_horizontal_edge_small_04.png' remapped 'res://assets/overworld/terrain_masks/mask_horizontal_edge_small_04.png' at thread -1
Loading resource: res://assets/overworld/terrain_masks/mask_horizontal_edge_small_04.png remapped: res://assets/overworld/terrain_masks/mask_horizontal_edge_small_04.png
Loading resource: res://.godot/imported/mask_horizontal_edge_small_04.png-f6eb9f7dd81706a6c39aef25ebafe884.ctex remapped: res://.godot/imported/mask_horizontal_edge_small_04.png-f6eb9f7dd81706a6c39aef25ebafe884.ctex
Completed load for: 'res://assets/overworld/terrain_masks/mask_horizontal_edge_small_04.png' remapped 'res://assets/overworld/terrain_masks/mask_horizontal_edge_small_04.png' at thread -1
Loading resource: res://assets/overworld/terrain_masks/mask_horizontal_edge_small_04.png remapped: res://assets/overworld/terrain_masks/mask_horizontal_edge_small_04.png
Loading resource: res://.godot/imported/mask_horizontal_edge_small_04.png-f6eb9f7dd81706a6c39aef25ebafe884.ctex remapped: res://.godot/imported/mask_horizontal_edge_small_04.png-f6eb9f7dd81706a6c39aef25ebafe884.ctex
Completed load for: 'res://assets/overworld/terrain_masks/mask_horizontal_edge_small_04.png' remapped 'res://assets/overworld/terrain_masks/mask_horizontal_edge_small_04.png' at thread -1
Loading resource: res://assets/overworld/terrain_masks/mask_horizontal_edge_small_04.png remapped: res://assets/overworld/terrain_masks/mask_horizontal_edge_small_04.png
Loading resource: res://.godot/imported/mask_horizontal_edge_small_04.png-f6eb9f7dd81706a6c39aef25ebafe884.ctex remapped: res://.godot/imported/mask_horizontal_edge_small_04.png-f6eb9f7dd81706a6c39aef25ebafe884.ctex
Completed load for: 'res://assets/overworld/terrain_masks/mask_horizontal_edge_small_04.png' remapped 'res://assets/overworld/terrain_masks/mask_horizontal_edge_small_04.png' at thread -1
Loading resource: res://assets/overworld/terrain_masks/mask_horizontal_edge_small_04.png remapped: res://assets/overworld/terrain_masks/mask_horizontal_edge_small_04.png
Loading resource: res://.godot/imported/mask_horizontal_edge_small_04.png-f6eb9f7dd81706a6c39aef25ebafe884.ctex remapped: res://.godot/imported/mask_horizontal_edge_small_04.png-f6eb9f7dd81706a6c39aef25ebafe884.ctex
Completed load for: 'res://assets/overworld/terrain_masks/mask_horizontal_edge_small_04.png' remapped 'res://assets/overworld/terrain_masks/mask_horizontal_edge_small_04.png' at thread -1
Loading resource: res://assets/overworld/terrain_masks/mask_corner_a_dominant_00.png remapped: res://assets/overworld/terrain_masks/mask_corner_a_dominant_00.png
Loading resource: res://.godot/imported/mask_corner_a_dominant_00.png-426a5c6fbd50f9b4141f6e1c0de6309a.ctex remapped: res://.godot/imported/mask_corner_a_dominant_00.png-426a5c6fbd50f9b4141f6e1c0de6309a.ctex
Completed load for: 'res://assets/overworld/terrain_masks/mask_corner_a_dominant_00.png' remapped 'res://assets/overworld/terrain_masks/mask_corner_a_dominant_00.png' at thread -1
Loading resource: res://assets/overworld/terrain_masks/mask_corner_a_dominant_00.png remapped: res://assets/overworld/terrain_masks/mask_corner_a_dominant_00.png
Loading resource: res://.godot/imported/mask_corner_a_dominant_00.png-426a5c6fbd50f9b4141f6e1c0de6309a.ctex remapped: res://.godot/imported/mask_corner_a_dominant_00.png-426a5c6fbd50f9b4141f6e1c0de6309a.ctex
Completed load for: 'res://assets/overworld/terrain_masks/mask_corner_a_dominant_00.png' remapped 'res://assets/overworld/terrain_masks/mask_corner_a_dominant_00.png' at thread -1
Loading resource: res://assets/overworld/terrain_masks/mask_corner_a_dominant_00.png remapped: res://assets/overworld/terrain_masks/mask_corner_a_dominant_00.png
Loading resource: res://.godot/imported/mask_corner_a_dominant_00.png-426a5c6fbd50f9b4141f6e1c0de6309a.ctex remapped: res://.godot/imported/mask_corner_a_dominant_00.png-426a5c6fbd50f9b4141f6e1c0de6309a.ctex
Completed load for: 'res://assets/overworld/terrain_masks/mask_corner_a_dominant_00.png' remapped 'res://assets/overworld/terrain_masks/mask_corner_a_dominant_00.png' at thread -1
Loading resource: res://assets/overworld/terrain_masks/mask_corner_a_dominant_00.png remapped: res://assets/overworld/terrain_masks/mask_corner_a_dominant_00.png
Loading resource: res://.godot/imported/mask_corner_a_dominant_00.png-426a5c6fbd50f9b4141f6e1c0de6309a.ctex remapped: res://.godot/imported/mask_corner_a_dominant_00.png-426a5c6fbd50f9b4141f6e1c0de6309a.ctex
Completed load for: 'res://assets/overworld/terrain_masks/mask_corner_a_dominant_00.png' remapped 'res://assets/overworld/terrain_masks/mask_corner_a_dominant_00.png' at thread -1
Loading resource: res://assets/overworld/terrain_masks/mask_corner_a_dominant_00.png remapped: res://assets/overworld/terrain_masks/mask_corner_a_dominant_00.png
Loading resource: res://.godot/imported/mask_corner_a_dominant_00.png-426a5c6fbd50f9b4141f6e1c0de6309a.ctex remapped: res://.godot/imported/mask_corner_a_dominant_00.png-426a5c6fbd50f9b4141f6e1c0de6309a.ctex
Completed load for: 'res://assets/overworld/terrain_masks/mask_corner_a_dominant_00.png' remapped 'res://assets/overworld/terrain_masks/mask_corner_a_dominant_00.png' at thread -1
Loading resource: res://assets/overworld/terrain_masks/mask_corner_a_dominant_00.png remapped: res://assets/overworld/terrain_masks/mask_corner_a_dominant_00.png
Loading resource: res://.godot/imported/mask_corner_a_dominant_00.png-426a5c6fbd50f9b4141f6e1c0de6309a.ctex remapped: res://.godot/imported/mask_corner_a_dominant_00.png-426a5c6fbd50f9b4141f6e1c0de6309a.ctex
Completed load for: 'res://assets/overworld/terrain_masks/mask_corner_a_dominant_00.png' remapped 'res://assets/overworld/terrain_masks/mask_corner_a_dominant_00.png' at thread -1
Loading resource: res://assets/overworld/terrain_masks/mask_corner_a_dominant_00.png remapped: res://assets/overworld/terrain_masks/mask_corner_a_dominant_00.png
Loading resource: res://.godot/imported/mask_corner_a_dominant_00.png-426a5c6fbd50f9b4141f6e1c0de6309a.ctex remapped: res://.godot/imported/mask_corner_a_dominant_00.png-426a5c6fbd50f9b4141f6e1c0de6309a.ctex
Completed load for: 'res://assets/overworld/terrain_masks/mask_corner_a_dominant_00.png' remapped 'res://assets/overworld/terrain_masks/mask_corner_a_dominant_00.png' at thread -1
Loading resource: res://assets/overworld/terrain_masks/mask_corner_a_dominant_00.png remapped: res://assets/overworld/terrain_masks/mask_corner_a_dominant_00.png
Loading resource: res://.godot/imported/mask_corner_a_dominant_00.png-426a5c6fbd50f9b4141f6e1c0de6309a.ctex remapped: res://.godot/imported/mask_corner_a_dominant_00.png-426a5c6fbd50f9b4141f6e1c0de6309a.ctex
Completed load for: 'res://assets/overworld/terrain_masks/mask_corner_a_dominant_00.png' remapped 'res://assets/overworld/terrain_masks/mask_corner_a_dominant_00.png' at thread -1
Loading resource: res://assets/overworld/terrain_masks/mask_corner_a_dominant_00.png remapped: res://assets/overworld/terrain_masks/mask_corner_a_dominant_00.png
Loading resource: res://.godot/imported/mask_corner_a_dominant_00.png-426a5c6fbd50f9b4141f6e1c0de6309a.ctex remapped: res://.godot/imported/mask_corner_a_dominant_00.png-426a5c6fbd50f9b4141f6e1c0de6309a.ctex
Completed load for: 'res://assets/overworld/terrain_masks/mask_corner_a_dominant_00.png' remapped 'res://assets/overworld/terrain_masks/mask_corner_a_dominant_00.png' at thread -1
Loading resource: res://assets/overworld/terrain_masks/mask_corner_a_dominant_00.png remapped: res://assets/overworld/terrain_masks/mask_corner_a_dominant_00.png
Loading resource: res://.godot/imported/mask_corner_a_dominant_00.png-426a5c6fbd50f9b4141f6e1c0de6309a.ctex remapped: res://.godot/imported/mask_corner_a_dominant_00.png-426a5c6fbd50f9b4141f6e1c0de6309a.ctex
Completed load for: 'res://assets/overworld/terrain_masks/mask_corner_a_dominant_00.png' remapped 'res://assets/overworld/terrain_masks/mask_corner_a_dominant_00.png' at thread -1
Loading resource: res://assets/overworld/terrain_masks/mask_corner_a_dominant_00.png remapped: res://assets/overworld/terrain_masks/mask_corner_a_dominant_00.png
Loading resource: res://.godot/imported/mask_corner_a_dominant_00.png-426a5c6fbd50f9b4141f6e1c0de6309a.ctex remapped: res://.godot/imported/mask_corner_a_dominant_00.png-426a5c6fbd50f9b4141f6e1c0de6309a.ctex
Completed load for: 'res://assets/overworld/terrain_masks/mask_corner_a_dominant_00.png' remapped 'res://assets/overworld/terrain_masks/mask_corner_a_dominant_00.png' at thread -1
Loading resource: res://assets/overworld/terrain_masks/mask_corner_a_dominant_00.png remapped: res://assets/overworld/terrain_masks/mask_corner_a_dominant_00.png
Loading resource: res://.godot/imported/mask_corner_a_dominant_00.png-426a5c6fbd50f9b4141f6e1c0de6309a.ctex remapped: res://.godot/imported/mask_corner_a_dominant_00.png-426a5c6fbd50f9b4141f6e1c0de6309a.ctex
Completed load for: 'res://assets/overworld/terrain_masks/mask_corner_a_dominant_00.png' remapped 'res://assets/overworld/terrain_masks/mask_corner_a_dominant_00.png' at thread -1
Loading resource: res://assets/overworld/terrain_masks/mask_corner_a_dominant_00.png remapped: res://assets/overworld/terrain_masks/mask_corner_a_dominant_00.png
Loading resource: res://.godot/imported/mask_corner_a_dominant_00.png-426a5c6fbd50f9b4141f6e1c0de6309a.ctex remapped: res://.godot/imported/mask_corner_a_dominant_00.png-426a5c6fbd50f9b4141f6e1c0de6309a.ctex
Completed load for: 'res://assets/overworld/terrain_masks/mask_corner_a_dominant_00.png' remapped 'res://assets/overworld/terrain_masks/mask_corner_a_dominant_00.png' at thread -1
Loading resource: res://assets/overworld/terrain_masks/mask_corner_a_dominant_00.png remapped: res://assets/overworld/terrain_masks/mask_corner_a_dominant_00.png
Loading resource: res://.godot/imported/mask_corner_a_dominant_00.png-426a5c6fbd50f9b4141f6e1c0de6309a.ctex remapped: res://.godot/imported/mask_corner_a_dominant_00.png-426a5c6fbd50f9b4141f6e1c0de6309a.ctex
Completed load for: 'res://assets/overworld/terrain_masks/mask_corner_a_dominant_00.png' remapped 'res://assets/overworld/terrain_masks/mask_corner_a_dominant_00.png' at thread -1
Loading resource: res://assets/overworld/terrain_masks/mask_corner_a_dominant_00.png remapped: res://assets/overworld/terrain_masks/mask_corner_a_dominant_00.png
Loading resource: res://.godot/imported/mask_corner_a_dominant_00.png-426a5c6fbd50f9b4141f6e1c0de6309a.ctex remapped: res://.godot/imported/mask_corner_a_dominant_00.png-426a5c6fbd50f9b4141f6e1c0de6309a.ctex
Completed load for: 'res://assets/overworld/terrain_masks/mask_corner_a_dominant_00.png' remapped 'res://assets/overworld/terrain_masks/mask_corner_a_dominant_00.png' at thread -1
Loading resource: res://assets/overworld/terrain_masks/mask_corner_a_dominant_00.png remapped: res://assets/overworld/terrain_masks/mask_corner_a_dominant_00.png
Loading resource: res://.godot/imported/mask_corner_a_dominant_00.png-426a5c6fbd50f9b4141f6e1c0de6309a.ctex remapped: res://.godot/imported/mask_corner_a_dominant_00.png-426a5c6fbd50f9b4141f6e1c0de6309a.ctex
Completed load for: 'res://assets/overworld/terrain_masks/mask_corner_a_dominant_00.png' remapped 'res://assets/overworld/terrain_masks/mask_corner_a_dominant_00.png' at thread -1
Loading resource: res://assets/overworld/terrain_masks/mask_corner_a_dominant_00.png remapped: res://assets/overworld/terrain_masks/mask_corner_a_dominant_00.png
Loading resource: res://.godot/imported/mask_corner_a_dominant_00.png-426a5c6fbd50f9b4141f6e1c0de6309a.ctex remapped: res://.godot/imported/mask_corner_a_dominant_00.png-426a5c6fbd50f9b4141f6e1c0de6309a.ctex
Completed load for: 'res://assets/overworld/terrain_masks/mask_corner_a_dominant_00.png' remapped 'res://assets/overworld/terrain_masks/mask_corner_a_dominant_00.png' at thread -1
Loading resource: res://assets/overworld/terrain_masks/mask_corner_a_dominant_00.png remapped: res://assets/overworld/terrain_masks/mask_corner_a_dominant_00.png
Loading resource: res://.godot/imported/mask_corner_a_dominant_00.png-426a5c6fbd50f9b4141f6e1c0de6309a.ctex remapped: res://.godot/imported/mask_corner_a_dominant_00.png-426a5c6fbd50f9b4141f6e1c0de6309a.ctex
Completed load for: 'res://assets/overworld/terrain_masks/mask_corner_a_dominant_00.png' remapped 'res://assets/overworld/terrain_masks/mask_corner_a_dominant_00.png' at thread -1
Loading resource: res://assets/overworld/terrain_masks/mask_vertical_edge_small_04.png remapped: res://assets/overworld/terrain_masks/mask_vertical_edge_small_04.png
Loading resource: res://.godot/imported/mask_vertical_edge_small_04.png-1607ba2fd4f203d5d2b7386d4c801884.ctex remapped: res://.godot/imported/mask_vertical_edge_small_04.png-1607ba2fd4f203d5d2b7386d4c801884.ctex
Completed load for: 'res://assets/overworld/terrain_masks/mask_vertical_edge_small_04.png' remapped 'res://assets/overworld/terrain_masks/mask_vertical_edge_small_04.png' at thread -1
Loading resource: res://assets/overworld/terrain_masks/mask_vertical_edge_small_04.png remapped: res://assets/overworld/terrain_masks/mask_vertical_edge_small_04.png
Loading resource: res://.godot/imported/mask_vertical_edge_small_04.png-1607ba2fd4f203d5d2b7386d4c801884.ctex remapped: res://.godot/imported/mask_vertical_edge_small_04.png-1607ba2fd4f203d5d2b7386d4c801884.ctex
Completed load for: 'res://assets/overworld/terrain_masks/mask_vertical_edge_small_04.png' remapped 'res://assets/overworld/terrain_masks/mask_vertical_edge_small_04.png' at thread -1
Loading resource: res://assets/overworld/terrain_masks/mask_vertical_edge_small_04.png remapped: res://assets/overworld/terrain_masks/mask_vertical_edge_small_04.png
Loading resource: res://.godot/imported/mask_vertical_edge_small_04.png-1607ba2fd4f203d5d2b7386d4c801884.ctex remapped: res://.godot/imported/mask_vertical_edge_small_04.png-1607ba2fd4f203d5d2b7386d4c801884.ctex
Completed load for: 'res://assets/overworld/terrain_masks/mask_vertical_edge_small_04.png' remapped 'res://assets/overworld/terrain_masks/mask_vertical_edge_small_04.png' at thread -1
Loading resource: res://assets/overworld/terrain_masks/mask_vertical_edge_small_04.png remapped: res://assets/overworld/terrain_masks/mask_vertical_edge_small_04.png
Loading resource: res://.godot/imported/mask_vertical_edge_small_04.png-1607ba2fd4f203d5d2b7386d4c801884.ctex remapped: res://.godot/imported/mask_vertical_edge_small_04.png-1607ba2fd4f203d5d2b7386d4c801884.ctex
Completed load for: 'res://assets/overworld/terrain_masks/mask_vertical_edge_small_04.png' remapped 'res://assets/overworld/terrain_masks/mask_vertical_edge_small_04.png' at thread -1
Loading resource: res://assets/overworld/terrain_masks/mask_vertical_edge_small_04.png remapped: res://assets/overworld/terrain_masks/mask_vertical_edge_small_04.png
Loading resource: res://.godot/imported/mask_vertical_edge_small_04.png-1607ba2fd4f203d5d2b7386d4c801884.ctex remapped: res://.godot/imported/mask_vertical_edge_small_04.png-1607ba2fd4f203d5d2b7386d4c801884.ctex
Completed load for: 'res://assets/overworld/terrain_masks/mask_vertical_edge_small_04.png' remapped 'res://assets/overworld/terrain_masks/mask_vertical_edge_small_04.png' at thread -1
Loading resource: res://assets/overworld/terrain_masks/mask_vertical_edge_small_04.png remapped: res://assets/overworld/terrain_masks/mask_vertical_edge_small_04.png
Loading resource: res://.godot/imported/mask_vertical_edge_small_04.png-1607ba2fd4f203d5d2b7386d4c801884.ctex remapped: res://.godot/imported/mask_vertical_edge_small_04.png-1607ba2fd4f203d5d2b7386d4c801884.ctex
Completed load for: 'res://assets/overworld/terrain_masks/mask_vertical_edge_small_04.png' remapped 'res://assets/overworld/terrain_masks/mask_vertical_edge_small_04.png' at thread -1
Loading resource: res://assets/overworld/terrain_masks/mask_vertical_edge_small_04.png remapped: res://assets/overworld/terrain_masks/mask_vertical_edge_small_04.png
Loading resource: res://.godot/imported/mask_vertical_edge_small_04.png-1607ba2fd4f203d5d2b7386d4c801884.ctex remapped: res://.godot/imported/mask_vertical_edge_small_04.png-1607ba2fd4f203d5d2b7386d4c801884.ctex
Completed load for: 'res://assets/overworld/terrain_masks/mask_vertical_edge_small_04.png' remapped 'res://assets/overworld/terrain_masks/mask_vertical_edge_small_04.png' at thread -1
Loading resource: res://assets/overworld/terrain_masks/mask_vertical_edge_small_04.png remapped: res://assets/overworld/terrain_masks/mask_vertical_edge_small_04.png
Loading resource: res://.godot/imported/mask_vertical_edge_small_04.png-1607ba2fd4f203d5d2b7386d4c801884.ctex remapped: res://.godot/imported/mask_vertical_edge_small_04.png-1607ba2fd4f203d5d2b7386d4c801884.ctex
Completed load for: 'res://assets/overworld/terrain_masks/mask_vertical_edge_small_04.png' remapped 'res://assets/overworld/terrain_masks/mask_vertical_edge_small_04.png' at thread -1
Loading resource: res://assets/overworld/terrain_masks/mask_vertical_edge_small_04.png remapped: res://assets/overworld/terrain_masks/mask_vertical_edge_small_04.png
Loading resource: res://.godot/imported/mask_vertical_edge_small_04.png-1607ba2fd4f203d5d2b7386d4c801884.ctex remapped: res://.godot/imported/mask_vertical_edge_small_04.png-1607ba2fd4f203d5d2b7386d4c801884.ctex
Completed load for: 'res://assets/overworld/terrain_masks/mask_vertical_edge_small_04.png' remapped 'res://assets/overworld/terrain_masks/mask_vertical_edge_small_04.png' at thread -1
Loading resource: res://assets/overworld/terrain_masks/mask_vertical_edge_small_04.png remapped: res://assets/overworld/terrain_masks/mask_vertical_edge_small_04.png
Loading resource: res://.godot/imported/mask_vertical_edge_small_04.png-1607ba2fd4f203d5d2b7386d4c801884.ctex remapped: res://.godot/imported/mask_vertical_edge_small_04.png-1607ba2fd4f203d5d2b7386d4c801884.ctex
Completed load for: 'res://assets/overworld/terrain_masks/mask_vertical_edge_small_04.png' remapped 'res://assets/overworld/terrain_masks/mask_vertical_edge_small_04.png' at thread -1
Loading resource: res://assets/overworld/terrain_masks/mask_corner_a_dominant_01.png remapped: res://assets/overworld/terrain_masks/mask_corner_a_dominant_01.png
Loading resource: res://.godot/imported/mask_corner_a_dominant_01.png-53ee1f73631e43ff8444faeb79c34332.ctex remapped: res://.godot/imported/mask_corner_a_dominant_01.png-53ee1f73631e43ff8444faeb79c34332.ctex
Completed load for: 'res://assets/overworld/terrain_masks/mask_corner_a_dominant_01.png' remapped 'res://assets/overworld/terrain_masks/mask_corner_a_dominant_01.png' at thread -1
Loading resource: res://assets/overworld/terrain_masks/mask_corner_a_dominant_01.png remapped: res://assets/overworld/terrain_masks/mask_corner_a_dominant_01.png
Loading resource: res://.godot/imported/mask_corner_a_dominant_01.png-53ee1f73631e43ff8444faeb79c34332.ctex remapped: res://.godot/imported/mask_corner_a_dominant_01.png-53ee1f73631e43ff8444faeb79c34332.ctex
Completed load for: 'res://assets/overworld/terrain_masks/mask_corner_a_dominant_01.png' remapped 'res://assets/overworld/terrain_masks/mask_corner_a_dominant_01.png' at thread -1
Loading resource: res://assets/overworld/terrain_masks/mask_corner_a_dominant_01.png remapped: res://assets/overworld/terrain_masks/mask_corner_a_dominant_01.png
Loading resource: res://.godot/imported/mask_corner_a_dominant_01.png-53ee1f73631e43ff8444faeb79c34332.ctex remapped: res://.godot/imported/mask_corner_a_dominant_01.png-53ee1f73631e43ff8444faeb79c34332.ctex
Completed load for: 'res://assets/overworld/terrain_masks/mask_corner_a_dominant_01.png' remapped 'res://assets/overworld/terrain_masks/mask_corner_a_dominant_01.png' at thread -1
Loading resource: res://assets/overworld/terrain_masks/mask_corner_a_dominant_01.png remapped: res://assets/overworld/terrain_masks/mask_corner_a_dominant_01.png
Loading resource: res://.godot/imported/mask_corner_a_dominant_01.png-53ee1f73631e43ff8444faeb79c34332.ctex remapped: res://.godot/imported/mask_corner_a_dominant_01.png-53ee1f73631e43ff8444faeb79c34332.ctex
Completed load for: 'res://assets/overworld/terrain_masks/mask_corner_a_dominant_01.png' remapped 'res://assets/overworld/terrain_masks/mask_corner_a_dominant_01.png' at thread -1
Loading resource: res://assets/overworld/terrain_masks/mask_corner_a_dominant_01.png remapped: res://assets/overworld/terrain_masks/mask_corner_a_dominant_01.png
Loading resource: res://.godot/imported/mask_corner_a_dominant_01.png-53ee1f73631e43ff8444faeb79c34332.ctex remapped: res://.godot/imported/mask_corner_a_dominant_01.png-53ee1f73631e43ff8444faeb79c34332.ctex
Completed load for: 'res://assets/overworld/terrain_masks/mask_corner_a_dominant_01.png' remapped 'res://assets/overworld/terrain_masks/mask_corner_a_dominant_01.png' at thread -1
Loading resource: res://assets/overworld/terrain_masks/mask_corner_a_dominant_01.png remapped: res://assets/overworld/terrain_masks/mask_corner_a_dominant_01.png
Loading resource: res://.godot/imported/mask_corner_a_dominant_01.png-53ee1f73631e43ff8444faeb79c34332.ctex remapped: res://.godot/imported/mask_corner_a_dominant_01.png-53ee1f73631e43ff8444faeb79c34332.ctex
Completed load for: 'res://assets/overworld/terrain_masks/mask_corner_a_dominant_01.png' remapped 'res://assets/overworld/terrain_masks/mask_corner_a_dominant_01.png' at thread -1
Loading resource: res://assets/overworld/terrain_masks/mask_corner_a_dominant_01.png remapped: res://assets/overworld/terrain_masks/mask_corner_a_dominant_01.png
Loading resource: res://.godot/imported/mask_corner_a_dominant_01.png-53ee1f73631e43ff8444faeb79c34332.ctex remapped: res://.godot/imported/mask_corner_a_dominant_01.png-53ee1f73631e43ff8444faeb79c34332.ctex
Completed load for: 'res://assets/overworld/terrain_masks/mask_corner_a_dominant_01.png' remapped 'res://assets/overworld/terrain_masks/mask_corner_a_dominant_01.png' at thread -1
Loading resource: res://assets/overworld/terrain_masks/mask_corner_a_dominant_01.png remapped: res://assets/overworld/terrain_masks/mask_corner_a_dominant_01.png
Loading resource: res://.godot/imported/mask_corner_a_dominant_01.png-53ee1f73631e43ff8444faeb79c34332.ctex remapped: res://.godot/imported/mask_corner_a_dominant_01.png-53ee1f73631e43ff8444faeb79c34332.ctex
Completed load for: 'res://assets/overworld/terrain_masks/mask_corner_a_dominant_01.png' remapped 'res://assets/overworld/terrain_masks/mask_corner_a_dominant_01.png' at thread -1
Loading resource: res://assets/overworld/terrain_masks/mask_corner_a_dominant_01.png remapped: res://assets/overworld/terrain_masks/mask_corner_a_dominant_01.png
Loading resource: res://.godot/imported/mask_corner_a_dominant_01.png-53ee1f73631e43ff8444faeb79c34332.ctex remapped: res://.godot/imported/mask_corner_a_dominant_01.png-53ee1f73631e43ff8444faeb79c34332.ctex
Completed load for: 'res://assets/overworld/terrain_masks/mask_corner_a_dominant_01.png' remapped 'res://assets/overworld/terrain_masks/mask_corner_a_dominant_01.png' at thread -1
Loading resource: res://assets/overworld/terrain_masks/mask_corner_a_dominant_01.png remapped: res://assets/overworld/terrain_masks/mask_corner_a_dominant_01.png
Loading resource: res://.godot/imported/mask_corner_a_dominant_01.png-53ee1f73631e43ff8444faeb79c34332.ctex remapped: res://.godot/imported/mask_corner_a_dominant_01.png-53ee1f73631e43ff8444faeb79c34332.ctex
Completed load for: 'res://assets/overworld/terrain_masks/mask_corner_a_dominant_01.png' remapped 'res://assets/overworld/terrain_masks/mask_corner_a_dominant_01.png' at thread -1
Loading resource: res://assets/overworld/terrain_masks/mask_corner_a_dominant_03.png remapped: res://assets/overworld/terrain_masks/mask_corner_a_dominant_03.png
Loading resource: res://.godot/imported/mask_corner_a_dominant_03.png-c913f9e2fd4863fc5fbbfdae23700e86.ctex remapped: res://.godot/imported/mask_corner_a_dominant_03.png-c913f9e2fd4863fc5fbbfdae23700e86.ctex
Completed load for: 'res://assets/overworld/terrain_masks/mask_corner_a_dominant_03.png' remapped 'res://assets/overworld/terrain_masks/mask_corner_a_dominant_03.png' at thread -1
Loading resource: res://assets/overworld/terrain_masks/mask_corner_a_dominant_03.png remapped: res://assets/overworld/terrain_masks/mask_corner_a_dominant_03.png
Loading resource: res://.godot/imported/mask_corner_a_dominant_03.png-c913f9e2fd4863fc5fbbfdae23700e86.ctex remapped: res://.godot/imported/mask_corner_a_dominant_03.png-c913f9e2fd4863fc5fbbfdae23700e86.ctex
Completed load for: 'res://assets/overworld/terrain_masks/mask_corner_a_dominant_03.png' remapped 'res://assets/overworld/terrain_masks/mask_corner_a_dominant_03.png' at thread -1
Loading resource: res://assets/overworld/terrain_masks/mask_corner_a_dominant_02.png remapped: res://assets/overworld/terrain_masks/mask_corner_a_dominant_02.png
Loading resource: res://.godot/imported/mask_corner_a_dominant_02.png-bd3c38b63920202f67915a9c479c0559.ctex remapped: res://.godot/imported/mask_corner_a_dominant_02.png-bd3c38b63920202f67915a9c479c0559.ctex
Completed load for: 'res://assets/overworld/terrain_masks/mask_corner_a_dominant_02.png' remapped 'res://assets/overworld/terrain_masks/mask_corner_a_dominant_02.png' at thread -1
Loading resource: res://assets/overworld/terrain_masks/mask_corner_a_dominant_02.png remapped: res://assets/overworld/terrain_masks/mask_corner_a_dominant_02.png
Loading resource: res://.godot/imported/mask_corner_a_dominant_02.png-bd3c38b63920202f67915a9c479c0559.ctex remapped: res://.godot/imported/mask_corner_a_dominant_02.png-bd3c38b63920202f67915a9c479c0559.ctex
Completed load for: 'res://assets/overworld/terrain_masks/mask_corner_a_dominant_02.png' remapped 'res://assets/overworld/terrain_masks/mask_corner_a_dominant_02.png' at thread -1
Loading resource: res://assets/overworld/terrain_masks/mask_corner_a_dominant_03.png remapped: res://assets/overworld/terrain_masks/mask_corner_a_dominant_03.png
Loading resource: res://.godot/imported/mask_corner_a_dominant_03.png-c913f9e2fd4863fc5fbbfdae23700e86.ctex remapped: res://.godot/imported/mask_corner_a_dominant_03.png-c913f9e2fd4863fc5fbbfdae23700e86.ctex
Completed load for: 'res://assets/overworld/terrain_masks/mask_corner_a_dominant_03.png' remapped 'res://assets/overworld/terrain_masks/mask_corner_a_dominant_03.png' at thread -1
Loading resource: res://assets/overworld/terrain_masks/mask_corner_a_dominant_03.png remapped: res://assets/overworld/terrain_masks/mask_corner_a_dominant_03.png
Loading resource: res://.godot/imported/mask_corner_a_dominant_03.png-c913f9e2fd4863fc5fbbfdae23700e86.ctex remapped: res://.godot/imported/mask_corner_a_dominant_03.png-c913f9e2fd4863fc5fbbfdae23700e86.ctex
Completed load for: 'res://assets/overworld/terrain_masks/mask_corner_a_dominant_03.png' remapped 'res://assets/overworld/terrain_masks/mask_corner_a_dominant_03.png' at thread -1
Loading resource: res://assets/overworld/terrain_masks/mask_corner_a_dominant_02.png remapped: res://assets/overworld/terrain_masks/mask_corner_a_dominant_02.png
Loading resource: res://.godot/imported/mask_corner_a_dominant_02.png-bd3c38b63920202f67915a9c479c0559.ctex remapped: res://.godot/imported/mask_corner_a_dominant_02.png-bd3c38b63920202f67915a9c479c0559.ctex
Completed load for: 'res://assets/overworld/terrain_masks/mask_corner_a_dominant_02.png' remapped 'res://assets/overworld/terrain_masks/mask_corner_a_dominant_02.png' at thread -1
Loading resource: res://assets/overworld/terrain_masks/mask_corner_a_dominant_02.png remapped: res://assets/overworld/terrain_masks/mask_corner_a_dominant_02.png
Loading resource: res://.godot/imported/mask_corner_a_dominant_02.png-bd3c38b63920202f67915a9c479c0559.ctex remapped: res://.godot/imported/mask_corner_a_dominant_02.png-bd3c38b63920202f67915a9c479c0559.ctex
Completed load for: 'res://assets/overworld/terrain_masks/mask_corner_a_dominant_02.png' remapped 'res://assets/overworld/terrain_masks/mask_corner_a_dominant_02.png' at thread -1
Loading resource: res://assets/overworld/terrain_masks/mask_corner_a_dominant_03.png remapped: res://assets/overworld/terrain_masks/mask_corner_a_dominant_03.png
Loading resource: res://.godot/imported/mask_corner_a_dominant_03.png-c913f9e2fd4863fc5fbbfdae23700e86.ctex remapped: res://.godot/imported/mask_corner_a_dominant_03.png-c913f9e2fd4863fc5fbbfdae23700e86.ctex
Completed load for: 'res://assets/overworld/terrain_masks/mask_corner_a_dominant_03.png' remapped 'res://assets/overworld/terrain_masks/mask_corner_a_dominant_03.png' at thread -1
Loading resource: res://assets/overworld/terrain_masks/mask_corner_a_dominant_03.png remapped: res://assets/overworld/terrain_masks/mask_corner_a_dominant_03.png
Loading resource: res://.godot/imported/mask_corner_a_dominant_03.png-c913f9e2fd4863fc5fbbfdae23700e86.ctex remapped: res://.godot/imported/mask_corner_a_dominant_03.png-c913f9e2fd4863fc5fbbfdae23700e86.ctex
Completed load for: 'res://assets/overworld/terrain_masks/mask_corner_a_dominant_03.png' remapped 'res://assets/overworld/terrain_masks/mask_corner_a_dominant_03.png' at thread -1
Loading resource: res://assets/overworld/terrain_masks/mask_corner_a_dominant_02.png remapped: res://assets/overworld/terrain_masks/mask_corner_a_dominant_02.png
Loading resource: res://.godot/imported/mask_corner_a_dominant_02.png-bd3c38b63920202f67915a9c479c0559.ctex remapped: res://.godot/imported/mask_corner_a_dominant_02.png-bd3c38b63920202f67915a9c479c0559.ctex
Completed load for: 'res://assets/overworld/terrain_masks/mask_corner_a_dominant_02.png' remapped 'res://assets/overworld/terrain_masks/mask_corner_a_dominant_02.png' at thread -1
Loading resource: res://assets/overworld/terrain_masks/mask_corner_a_dominant_02.png remapped: res://assets/overworld/terrain_masks/mask_corner_a_dominant_02.png
Loading resource: res://.godot/imported/mask_corner_a_dominant_02.png-bd3c38b63920202f67915a9c479c0559.ctex remapped: res://.godot/imported/mask_corner_a_dominant_02.png-bd3c38b63920202f67915a9c479c0559.ctex
Completed load for: 'res://assets/overworld/terrain_masks/mask_corner_a_dominant_02.png' remapped 'res://assets/overworld/terrain_masks/mask_corner_a_dominant_02.png' at thread -1
Loading resource: res://assets/overworld/terrain_masks/mask_corner_a_dominant_03.png remapped: res://assets/overworld/terrain_masks/mask_corner_a_dominant_03.png
Loading resource: res://.godot/imported/mask_corner_a_dominant_03.png-c913f9e2fd4863fc5fbbfdae23700e86.ctex remapped: res://.godot/imported/mask_corner_a_dominant_03.png-c913f9e2fd4863fc5fbbfdae23700e86.ctex
Completed load for: 'res://assets/overworld/terrain_masks/mask_corner_a_dominant_03.png' remapped 'res://assets/overworld/terrain_masks/mask_corner_a_dominant_03.png' at thread -1
Loading resource: res://assets/overworld/terrain_masks/mask_corner_a_dominant_03.png remapped: res://assets/overworld/terrain_masks/mask_corner_a_dominant_03.png
Loading resource: res://.godot/imported/mask_corner_a_dominant_03.png-c913f9e2fd4863fc5fbbfdae23700e86.ctex remapped: res://.godot/imported/mask_corner_a_dominant_03.png-c913f9e2fd4863fc5fbbfdae23700e86.ctex
Completed load for: 'res://assets/overworld/terrain_masks/mask_corner_a_dominant_03.png' remapped 'res://assets/overworld/terrain_masks/mask_corner_a_dominant_03.png' at thread -1
Loading resource: res://assets/overworld/terrain_masks/mask_corner_a_dominant_02.png remapped: res://assets/overworld/terrain_masks/mask_corner_a_dominant_02.png
Loading resource: res://.godot/imported/mask_corner_a_dominant_02.png-bd3c38b63920202f67915a9c479c0559.ctex remapped: res://.godot/imported/mask_corner_a_dominant_02.png-bd3c38b63920202f67915a9c479c0559.ctex
Completed load for: 'res://assets/overworld/terrain_masks/mask_corner_a_dominant_02.png' remapped 'res://assets/overworld/terrain_masks/mask_corner_a_dominant_02.png' at thread -1
Loading resource: res://assets/overworld/terrain_masks/mask_corner_a_dominant_02.png remapped: res://assets/overworld/terrain_masks/mask_corner_a_dominant_02.png
Loading resource: res://.godot/imported/mask_corner_a_dominant_02.png-bd3c38b63920202f67915a9c479c0559.ctex remapped: res://.godot/imported/mask_corner_a_dominant_02.png-bd3c38b63920202f67915a9c479c0559.ctex
Completed load for: 'res://assets/overworld/terrain_masks/mask_corner_a_dominant_02.png' remapped 'res://assets/overworld/terrain_masks/mask_corner_a_dominant_02.png' at thread -1
Loading resource: res://assets/overworld/terrain_masks/mask_corner_a_dominant_03.png remapped: res://assets/overworld/terrain_masks/mask_corner_a_dominant_03.png
Loading resource: res://.godot/imported/mask_corner_a_dominant_03.png-c913f9e2fd4863fc5fbbfdae23700e86.ctex remapped: res://.godot/imported/mask_corner_a_dominant_03.png-c913f9e2fd4863fc5fbbfdae23700e86.ctex
Completed load for: 'res://assets/overworld/terrain_masks/mask_corner_a_dominant_03.png' remapped 'res://assets/overworld/terrain_masks/mask_corner_a_dominant_03.png' at thread -1
Loading resource: res://assets/overworld/terrain_masks/mask_corner_a_dominant_03.png remapped: res://assets/overworld/terrain_masks/mask_corner_a_dominant_03.png
Loading resource: res://.godot/imported/mask_corner_a_dominant_03.png-c913f9e2fd4863fc5fbbfdae23700e86.ctex remapped: res://.godot/imported/mask_corner_a_dominant_03.png-c913f9e2fd4863fc5fbbfdae23700e86.ctex
Completed load for: 'res://assets/overworld/terrain_masks/mask_corner_a_dominant_03.png' remapped 'res://assets/overworld/terrain_masks/mask_corner_a_dominant_03.png' at thread -1
Loading resource: res://assets/overworld/terrain_masks/mask_vertical_edge_small_01.png remapped: res://assets/overworld/terrain_masks/mask_vertical_edge_small_01.png
Loading resource: res://.godot/imported/mask_vertical_edge_small_01.png-ca781f158bc3ba2f46054307b17ca229.ctex remapped: res://.godot/imported/mask_vertical_edge_small_01.png-ca781f158bc3ba2f46054307b17ca229.ctex
Completed load for: 'res://assets/overworld/terrain_masks/mask_vertical_edge_small_01.png' remapped 'res://assets/overworld/terrain_masks/mask_vertical_edge_small_01.png' at thread -1
Loading resource: res://assets/overworld/terrain_masks/mask_vertical_edge_small_01.png remapped: res://assets/overworld/terrain_masks/mask_vertical_edge_small_01.png
Loading resource: res://.godot/imported/mask_vertical_edge_small_01.png-ca781f158bc3ba2f46054307b17ca229.ctex remapped: res://.godot/imported/mask_vertical_edge_small_01.png-ca781f158bc3ba2f46054307b17ca229.ctex
Completed load for: 'res://assets/overworld/terrain_masks/mask_vertical_edge_small_01.png' remapped 'res://assets/overworld/terrain_masks/mask_vertical_edge_small_01.png' at thread -1
Loading resource: res://assets/overworld/terrain_masks/mask_vertical_edge_small_01.png remapped: res://assets/overworld/terrain_masks/mask_vertical_edge_small_01.png
Loading resource: res://.godot/imported/mask_vertical_edge_small_01.png-ca781f158bc3ba2f46054307b17ca229.ctex remapped: res://.godot/imported/mask_vertical_edge_small_01.png-ca781f158bc3ba2f46054307b17ca229.ctex
Completed load for: 'res://assets/overworld/terrain_masks/mask_vertical_edge_small_01.png' remapped 'res://assets/overworld/terrain_masks/mask_vertical_edge_small_01.png' at thread -1
Loading resource: res://assets/overworld/terrain_masks/mask_vertical_edge_small_01.png remapped: res://assets/overworld/terrain_masks/mask_vertical_edge_small_01.png
Loading resource: res://.godot/imported/mask_vertical_edge_small_01.png-ca781f158bc3ba2f46054307b17ca229.ctex remapped: res://.godot/imported/mask_vertical_edge_small_01.png-ca781f158bc3ba2f46054307b17ca229.ctex
Completed load for: 'res://assets/overworld/terrain_masks/mask_vertical_edge_small_01.png' remapped 'res://assets/overworld/terrain_masks/mask_vertical_edge_small_01.png' at thread -1
Loading resource: res://assets/overworld/terrain_masks/mask_vertical_edge_small_01.png remapped: res://assets/overworld/terrain_masks/mask_vertical_edge_small_01.png
Loading resource: res://.godot/imported/mask_vertical_edge_small_01.png-ca781f158bc3ba2f46054307b17ca229.ctex remapped: res://.godot/imported/mask_vertical_edge_small_01.png-ca781f158bc3ba2f46054307b17ca229.ctex
Completed load for: 'res://assets/overworld/terrain_masks/mask_vertical_edge_small_01.png' remapped 'res://assets/overworld/terrain_masks/mask_vertical_edge_small_01.png' at thread -1
Loading resource: res://assets/overworld/terrain_masks/mask_vertical_edge_small_01.png remapped: res://assets/overworld/terrain_masks/mask_vertical_edge_small_01.png
Loading resource: res://.godot/imported/mask_vertical_edge_small_01.png-ca781f158bc3ba2f46054307b17ca229.ctex remapped: res://.godot/imported/mask_vertical_edge_small_01.png-ca781f158bc3ba2f46054307b17ca229.ctex
Completed load for: 'res://assets/overworld/terrain_masks/mask_vertical_edge_small_01.png' remapped 'res://assets/overworld/terrain_masks/mask_vertical_edge_small_01.png' at thread -1
Loading resource: res://assets/overworld/terrain_masks/mask_vertical_edge_small_01.png remapped: res://assets/overworld/terrain_masks/mask_vertical_edge_small_01.png
Loading resource: res://.godot/imported/mask_vertical_edge_small_01.png-ca781f158bc3ba2f46054307b17ca229.ctex remapped: res://.godot/imported/mask_vertical_edge_small_01.png-ca781f158bc3ba2f46054307b17ca229.ctex
Completed load for: 'res://assets/overworld/terrain_masks/mask_vertical_edge_small_01.png' remapped 'res://assets/overworld/terrain_masks/mask_vertical_edge_small_01.png' at thread -1
Loading resource: res://assets/overworld/terrain_masks/mask_vertical_edge_small_01.png remapped: res://assets/overworld/terrain_masks/mask_vertical_edge_small_01.png
Loading resource: res://.godot/imported/mask_vertical_edge_small_01.png-ca781f158bc3ba2f46054307b17ca229.ctex remapped: res://.godot/imported/mask_vertical_edge_small_01.png-ca781f158bc3ba2f46054307b17ca229.ctex
Completed load for: 'res://assets/overworld/terrain_masks/mask_vertical_edge_small_01.png' remapped 'res://assets/overworld/terrain_masks/mask_vertical_edge_small_01.png' at thread -1
Loading resource: res://assets/overworld/terrain_masks/mask_vertical_edge_small_01.png remapped: res://assets/overworld/terrain_masks/mask_vertical_edge_small_01.png
Loading resource: res://.godot/imported/mask_vertical_edge_small_01.png-ca781f158bc3ba2f46054307b17ca229.ctex remapped: res://.godot/imported/mask_vertical_edge_small_01.png-ca781f158bc3ba2f46054307b17ca229.ctex
Completed load for: 'res://assets/overworld/terrain_masks/mask_vertical_edge_small_01.png' remapped 'res://assets/overworld/terrain_masks/mask_vertical_edge_small_01.png' at thread -1
Loading resource: res://assets/overworld/terrain_masks/mask_vertical_edge_small_01.png remapped: res://assets/overworld/terrain_masks/mask_vertical_edge_small_01.png
Loading resource: res://.godot/imported/mask_vertical_edge_small_01.png-ca781f158bc3ba2f46054307b17ca229.ctex remapped: res://.godot/imported/mask_vertical_edge_small_01.png-ca781f158bc3ba2f46054307b17ca229.ctex
Completed load for: 'res://assets/overworld/terrain_masks/mask_vertical_edge_small_01.png' remapped 'res://assets/overworld/terrain_masks/mask_vertical_edge_small_01.png' at thread -1
Loading resource: res://assets/overworld/terrain_masks/mask_corner_a_dominant_03.png remapped: res://assets/overworld/terrain_masks/mask_corner_a_dominant_03.png
Loading resource: res://.godot/imported/mask_corner_a_dominant_03.png-c913f9e2fd4863fc5fbbfdae23700e86.ctex remapped: res://.godot/imported/mask_corner_a_dominant_03.png-c913f9e2fd4863fc5fbbfdae23700e86.ctex
Completed load for: 'res://assets/overworld/terrain_masks/mask_corner_a_dominant_03.png' remapped 'res://assets/overworld/terrain_masks/mask_corner_a_dominant_03.png' at thread -1
Loading resource: res://assets/overworld/terrain_masks/mask_corner_a_dominant_03.png remapped: res://assets/overworld/terrain_masks/mask_corner_a_dominant_03.png
Loading resource: res://.godot/imported/mask_corner_a_dominant_03.png-c913f9e2fd4863fc5fbbfdae23700e86.ctex remapped: res://.godot/imported/mask_corner_a_dominant_03.png-c913f9e2fd4863fc5fbbfdae23700e86.ctex
Completed load for: 'res://assets/overworld/terrain_masks/mask_corner_a_dominant_03.png' remapped 'res://assets/overworld/terrain_masks/mask_corner_a_dominant_03.png' at thread -1
Loading resource: res://assets/overworld/terrain_masks/mask_corner_a_dominant_03.png remapped: res://assets/overworld/terrain_masks/mask_corner_a_dominant_03.png
Loading resource: res://.godot/imported/mask_corner_a_dominant_03.png-c913f9e2fd4863fc5fbbfdae23700e86.ctex remapped: res://.godot/imported/mask_corner_a_dominant_03.png-c913f9e2fd4863fc5fbbfdae23700e86.ctex
Completed load for: 'res://assets/overworld/terrain_masks/mask_corner_a_dominant_03.png' remapped 'res://assets/overworld/terrain_masks/mask_corner_a_dominant_03.png' at thread -1
Loading resource: res://assets/overworld/terrain_masks/mask_corner_a_dominant_03.png remapped: res://assets/overworld/terrain_masks/mask_corner_a_dominant_03.png
Loading resource: res://.godot/imported/mask_corner_a_dominant_03.png-c913f9e2fd4863fc5fbbfdae23700e86.ctex remapped: res://.godot/imported/mask_corner_a_dominant_03.png-c913f9e2fd4863fc5fbbfdae23700e86.ctex
Completed load for: 'res://assets/overworld/terrain_masks/mask_corner_a_dominant_03.png' remapped 'res://assets/overworld/terrain_masks/mask_corner_a_dominant_03.png' at thread -1
Loading resource: res://assets/overworld/terrain_masks/mask_corner_a_dominant_03.png remapped: res://assets/overworld/terrain_masks/mask_corner_a_dominant_03.png
Loading resource: res://.godot/imported/mask_corner_a_dominant_03.png-c913f9e2fd4863fc5fbbfdae23700e86.ctex remapped: res://.godot/imported/mask_corner_a_dominant_03.png-c913f9e2fd4863fc5fbbfdae23700e86.ctex
Completed load for: 'res://assets/overworld/terrain_masks/mask_corner_a_dominant_03.png' remapped 'res://assets/overworld/terrain_masks/mask_corner_a_dominant_03.png' at thread -1
Loading resource: res://assets/overworld/terrain_masks/mask_corner_a_dominant_03.png remapped: res://assets/overworld/terrain_masks/mask_corner_a_dominant_03.png
Loading resource: res://.godot/imported/mask_corner_a_dominant_03.png-c913f9e2fd4863fc5fbbfdae23700e86.ctex remapped: res://.godot/imported/mask_corner_a_dominant_03.png-c913f9e2fd4863fc5fbbfdae23700e86.ctex
Completed load for: 'res://assets/overworld/terrain_masks/mask_corner_a_dominant_03.png' remapped 'res://assets/overworld/terrain_masks/mask_corner_a_dominant_03.png' at thread -1
Loading resource: res://assets/overworld/terrain_masks/mask_corner_a_dominant_03.png remapped: res://assets/overworld/terrain_masks/mask_corner_a_dominant_03.png
Loading resource: res://.godot/imported/mask_corner_a_dominant_03.png-c913f9e2fd4863fc5fbbfdae23700e86.ctex remapped: res://.godot/imported/mask_corner_a_dominant_03.png-c913f9e2fd4863fc5fbbfdae23700e86.ctex
Completed load for: 'res://assets/overworld/terrain_masks/mask_corner_a_dominant_03.png' remapped 'res://assets/overworld/terrain_masks/mask_corner_a_dominant_03.png' at thread -1
Loading resource: res://assets/overworld/terrain_masks/mask_corner_a_dominant_03.png remapped: res://assets/overworld/terrain_masks/mask_corner_a_dominant_03.png
Loading resource: res://.godot/imported/mask_corner_a_dominant_03.png-c913f9e2fd4863fc5fbbfdae23700e86.ctex remapped: res://.godot/imported/mask_corner_a_dominant_03.png-c913f9e2fd4863fc5fbbfdae23700e86.ctex
Completed load for: 'res://assets/overworld/terrain_masks/mask_corner_a_dominant_03.png' remapped 'res://assets/overworld/terrain_masks/mask_corner_a_dominant_03.png' at thread -1
Loading resource: res://assets/overworld/terrain_masks/mask_corner_a_dominant_02.png remapped: res://assets/overworld/terrain_masks/mask_corner_a_dominant_02.png
Loading resource: res://.godot/imported/mask_corner_a_dominant_02.png-bd3c38b63920202f67915a9c479c0559.ctex remapped: res://.godot/imported/mask_corner_a_dominant_02.png-bd3c38b63920202f67915a9c479c0559.ctex
Completed load for: 'res://assets/overworld/terrain_masks/mask_corner_a_dominant_02.png' remapped 'res://assets/overworld/terrain_masks/mask_corner_a_dominant_02.png' at thread -1
Loading resource: res://assets/overworld/terrain_masks/mask_corner_a_dominant_02.png remapped: res://assets/overworld/terrain_masks/mask_corner_a_dominant_02.png
Loading resource: res://.godot/imported/mask_corner_a_dominant_02.png-bd3c38b63920202f67915a9c479c0559.ctex remapped: res://.godot/imported/mask_corner_a_dominant_02.png-bd3c38b63920202f67915a9c479c0559.ctex
Completed load for: 'res://assets/overworld/terrain_masks/mask_corner_a_dominant_02.png' remapped 'res://assets/overworld/terrain_masks/mask_corner_a_dominant_02.png' at thread -1
Loading resource: res://assets/overworld/terrain_masks/mask_corner_a_dominant_02.png remapped: res://assets/overworld/terrain_masks/mask_corner_a_dominant_02.png
Loading resource: res://.godot/imported/mask_corner_a_dominant_02.png-bd3c38b63920202f67915a9c479c0559.ctex remapped: res://.godot/imported/mask_corner_a_dominant_02.png-bd3c38b63920202f67915a9c479c0559.ctex
Completed load for: 'res://assets/overworld/terrain_masks/mask_corner_a_dominant_02.png' remapped 'res://assets/overworld/terrain_masks/mask_corner_a_dominant_02.png' at thread -1
Loading resource: res://assets/overworld/terrain_masks/mask_corner_a_dominant_02.png remapped: res://assets/overworld/terrain_masks/mask_corner_a_dominant_02.png
Loading resource: res://.godot/imported/mask_corner_a_dominant_02.png-bd3c38b63920202f67915a9c479c0559.ctex remapped: res://.godot/imported/mask_corner_a_dominant_02.png-bd3c38b63920202f67915a9c479c0559.ctex
Completed load for: 'res://assets/overworld/terrain_masks/mask_corner_a_dominant_02.png' remapped 'res://assets/overworld/terrain_masks/mask_corner_a_dominant_02.png' at thread -1
Loading resource: res://assets/overworld/terrain_masks/mask_corner_a_dominant_02.png remapped: res://assets/overworld/terrain_masks/mask_corner_a_dominant_02.png
Loading resource: res://.godot/imported/mask_corner_a_dominant_02.png-bd3c38b63920202f67915a9c479c0559.ctex remapped: res://.godot/imported/mask_corner_a_dominant_02.png-bd3c38b63920202f67915a9c479c0559.ctex
Completed load for: 'res://assets/overworld/terrain_masks/mask_corner_a_dominant_02.png' remapped 'res://assets/overworld/terrain_masks/mask_corner_a_dominant_02.png' at thread -1
Loading resource: res://assets/overworld/terrain_masks/mask_corner_a_dominant_02.png remapped: res://assets/overworld/terrain_masks/mask_corner_a_dominant_02.png
Loading resource: res://.godot/imported/mask_corner_a_dominant_02.png-bd3c38b63920202f67915a9c479c0559.ctex remapped: res://.godot/imported/mask_corner_a_dominant_02.png-bd3c38b63920202f67915a9c479c0559.ctex
Completed load for: 'res://assets/overworld/terrain_masks/mask_corner_a_dominant_02.png' remapped 'res://assets/overworld/terrain_masks/mask_corner_a_dominant_02.png' at thread -1
Loading resource: res://assets/overworld/terrain_masks/mask_corner_a_dominant_02.png remapped: res://assets/overworld/terrain_masks/mask_corner_a_dominant_02.png
Loading resource: res://.godot/imported/mask_corner_a_dominant_02.png-bd3c38b63920202f67915a9c479c0559.ctex remapped: res://.godot/imported/mask_corner_a_dominant_02.png-bd3c38b63920202f67915a9c479c0559.ctex
Completed load for: 'res://assets/overworld/terrain_masks/mask_corner_a_dominant_02.png' remapped 'res://assets/overworld/terrain_masks/mask_corner_a_dominant_02.png' at thread -1
Loading resource: res://assets/overworld/terrain_masks/mask_corner_a_dominant_02.png remapped: res://assets/overworld/terrain_masks/mask_corner_a_dominant_02.png
Loading resource: res://.godot/imported/mask_corner_a_dominant_02.png-bd3c38b63920202f67915a9c479c0559.ctex remapped: res://.godot/imported/mask_corner_a_dominant_02.png-bd3c38b63920202f67915a9c479c0559.ctex
Completed load for: 'res://assets/overworld/terrain_masks/mask_corner_a_dominant_02.png' remapped 'res://assets/overworld/terrain_masks/mask_corner_a_dominant_02.png' at thread -1
Loading resource: res://assets/overworld/terrain_masks/mask_corner_a_dominant_02.png remapped: res://assets/overworld/terrain_masks/mask_corner_a_dominant_02.png
Loading resource: res://.godot/imported/mask_corner_a_dominant_02.png-bd3c38b63920202f67915a9c479c0559.ctex remapped: res://.godot/imported/mask_corner_a_dominant_02.png-bd3c38b63920202f67915a9c479c0559.ctex
Completed load for: 'res://assets/overworld/terrain_masks/mask_corner_a_dominant_02.png' remapped 'res://assets/overworld/terrain_masks/mask_corner_a_dominant_02.png' at thread -1
Loading resource: res://assets/overworld/terrain_masks/mask_corner_a_dominant_02.png remapped: res://assets/overworld/terrain_masks/mask_corner_a_dominant_02.png
Loading resource: res://.godot/imported/mask_corner_a_dominant_02.png-bd3c38b63920202f67915a9c479c0559.ctex remapped: res://.godot/imported/mask_corner_a_dominant_02.png-bd3c38b63920202f67915a9c479c0559.ctex
Completed load for: 'res://assets/overworld/terrain_masks/mask_corner_a_dominant_02.png' remapped 'res://assets/overworld/terrain_masks/mask_corner_a_dominant_02.png' at thread -1
Loading resource: res://assets/trainers/Boy.png remapped: res://assets/trainers/Boy.png
Loading resource: res://.godot/imported/Boy.png-03a10ec3e56e095b440f5bced4bf8611.ctex remapped: res://.godot/imported/Boy.png-03a10ec3e56e095b440f5bced4bf8611.ctex
Completed load for: 'res://assets/trainers/Boy.png' remapped 'res://assets/trainers/Boy.png' at thread -1
Loading resource: res://assets/trainers/Girl.png remapped: res://assets/trainers/Girl.png
Loading resource: res://.godot/imported/Girl.png-a73fe9f0d9fc6d0be30da3b756bd1d57.ctex remapped: res://.godot/imported/Girl.png-a73fe9f0d9fc6d0be30da3b756bd1d57.ctex
Completed load for: 'res://assets/trainers/Girl.png' remapped 'res://assets/trainers/Girl.png' at thread -1
Loading resource: res://assets/overworld/terrain_masks/mask_vertical_edge_small_00.png remapped: res://assets/overworld/terrain_masks/mask_vertical_edge_small_00.png
Loading resource: res://.godot/imported/mask_vertical_edge_small_00.png-0b73df9dc81033f0c6967b585d968555.ctex remapped: res://.godot/imported/mask_vertical_edge_small_00.png-0b73df9dc81033f0c6967b585d968555.ctex
Completed load for: 'res://assets/overworld/terrain_masks/mask_vertical_edge_small_00.png' remapped 'res://assets/overworld/terrain_masks/mask_vertical_edge_small_00.png' at thread -1
Loading resource: res://assets/overworld/terrain_masks/mask_vertical_edge_small_00.png remapped: res://assets/overworld/terrain_masks/mask_vertical_edge_small_00.png
Loading resource: res://.godot/imported/mask_vertical_edge_small_00.png-0b73df9dc81033f0c6967b585d968555.ctex remapped: res://.godot/imported/mask_vertical_edge_small_00.png-0b73df9dc81033f0c6967b585d968555.ctex
Completed load for: 'res://assets/overworld/terrain_masks/mask_vertical_edge_small_00.png' remapped 'res://assets/overworld/terrain_masks/mask_vertical_edge_small_00.png' at thread -1
Loading resource: res://assets/overworld/terrain_masks/mask_vertical_edge_small_00.png remapped: res://assets/overworld/terrain_masks/mask_vertical_edge_small_00.png
Loading resource: res://.godot/imported/mask_vertical_edge_small_00.png-0b73df9dc81033f0c6967b585d968555.ctex remapped: res://.godot/imported/mask_vertical_edge_small_00.png-0b73df9dc81033f0c6967b585d968555.ctex
Completed load for: 'res://assets/overworld/terrain_masks/mask_vertical_edge_small_00.png' remapped 'res://assets/overworld/terrain_masks/mask_vertical_edge_small_00.png' at thread -1
Loading resource: res://assets/overworld/terrain_masks/mask_vertical_edge_small_00.png remapped: res://assets/overworld/terrain_masks/mask_vertical_edge_small_00.png
Loading resource: res://.godot/imported/mask_vertical_edge_small_00.png-0b73df9dc81033f0c6967b585d968555.ctex remapped: res://.godot/imported/mask_vertical_edge_small_00.png-0b73df9dc81033f0c6967b585d968555.ctex
Completed load for: 'res://assets/overworld/terrain_masks/mask_vertical_edge_small_00.png' remapped 'res://assets/overworld/terrain_masks/mask_vertical_edge_small_00.png' at thread -1
Loading resource: res://assets/overworld/terrain_masks/mask_vertical_edge_small_00.png remapped: res://assets/overworld/terrain_masks/mask_vertical_edge_small_00.png
Loading resource: res://.godot/imported/mask_vertical_edge_small_00.png-0b73df9dc81033f0c6967b585d968555.ctex remapped: res://.godot/imported/mask_vertical_edge_small_00.png-0b73df9dc81033f0c6967b585d968555.ctex
Completed load for: 'res://assets/overworld/terrain_masks/mask_vertical_edge_small_00.png' remapped 'res://assets/overworld/terrain_masks/mask_vertical_edge_small_00.png' at thread -1
Loading resource: res://assets/overworld/terrain_masks/mask_vertical_edge_small_00.png remapped: res://assets/overworld/terrain_masks/mask_vertical_edge_small_00.png
Loading resource: res://.godot/imported/mask_vertical_edge_small_00.png-0b73df9dc81033f0c6967b585d968555.ctex remapped: res://.godot/imported/mask_vertical_edge_small_00.png-0b73df9dc81033f0c6967b585d968555.ctex
Completed load for: 'res://assets/overworld/terrain_masks/mask_vertical_edge_small_00.png' remapped 'res://assets/overworld/terrain_masks/mask_vertical_edge_small_00.png' at thread -1
Loading resource: res://assets/overworld/terrain_masks/mask_vertical_edge_small_00.png remapped: res://assets/overworld/terrain_masks/mask_vertical_edge_small_00.png
Loading resource: res://.godot/imported/mask_vertical_edge_small_00.png-0b73df9dc81033f0c6967b585d968555.ctex remapped: res://.godot/imported/mask_vertical_edge_small_00.png-0b73df9dc81033f0c6967b585d968555.ctex
Completed load for: 'res://assets/overworld/terrain_masks/mask_vertical_edge_small_00.png' remapped 'res://assets/overworld/terrain_masks/mask_vertical_edge_small_00.png' at thread -1
Loading resource: res://assets/overworld/terrain_masks/mask_vertical_edge_small_00.png remapped: res://assets/overworld/terrain_masks/mask_vertical_edge_small_00.png
Loading resource: res://.godot/imported/mask_vertical_edge_small_00.png-0b73df9dc81033f0c6967b585d968555.ctex remapped: res://.godot/imported/mask_vertical_edge_small_00.png-0b73df9dc81033f0c6967b585d968555.ctex
Completed load for: 'res://assets/overworld/terrain_masks/mask_vertical_edge_small_00.png' remapped 'res://assets/overworld/terrain_masks/mask_vertical_edge_small_00.png' at thread -1
Loading resource: res://assets/overworld/terrain_masks/mask_vertical_edge_small_01.png remapped: res://assets/overworld/terrain_masks/mask_vertical_edge_small_01.png
Loading resource: res://.godot/imported/mask_vertical_edge_small_01.png-ca781f158bc3ba2f46054307b17ca229.ctex remapped: res://.godot/imported/mask_vertical_edge_small_01.png-ca781f158bc3ba2f46054307b17ca229.ctex
Completed load for: 'res://assets/overworld/terrain_masks/mask_vertical_edge_small_01.png' remapped 'res://assets/overworld/terrain_masks/mask_vertical_edge_small_01.png' at thread -1
Loading resource: res://assets/overworld/terrain_masks/mask_vertical_edge_small_01.png remapped: res://assets/overworld/terrain_masks/mask_vertical_edge_small_01.png
Loading resource: res://.godot/imported/mask_vertical_edge_small_01.png-ca781f158bc3ba2f46054307b17ca229.ctex remapped: res://.godot/imported/mask_vertical_edge_small_01.png-ca781f158bc3ba2f46054307b17ca229.ctex
Completed load for: 'res://assets/overworld/terrain_masks/mask_vertical_edge_small_01.png' remapped 'res://assets/overworld/terrain_masks/mask_vertical_edge_small_01.png' at thread -1
Loading resource: res://assets/overworld/terrain_masks/mask_vertical_edge_small_01.png remapped: res://assets/overworld/terrain_masks/mask_vertical_edge_small_01.png
Loading resource: res://.godot/imported/mask_vertical_edge_small_01.png-ca781f158bc3ba2f46054307b17ca229.ctex remapped: res://.godot/imported/mask_vertical_edge_small_01.png-ca781f158bc3ba2f46054307b17ca229.ctex
Completed load for: 'res://assets/overworld/terrain_masks/mask_vertical_edge_small_01.png' remapped 'res://assets/overworld/terrain_masks/mask_vertical_edge_small_01.png' at thread -1
Loading resource: res://assets/overworld/terrain_masks/mask_vertical_edge_small_01.png remapped: res://assets/overworld/terrain_masks/mask_vertical_edge_small_01.png
Loading resource: res://.godot/imported/mask_vertical_edge_small_01.png-ca781f158bc3ba2f46054307b17ca229.ctex remapped: res://.godot/imported/mask_vertical_edge_small_01.png-ca781f158bc3ba2f46054307b17ca229.ctex
Completed load for: 'res://assets/overworld/terrain_masks/mask_vertical_edge_small_01.png' remapped 'res://assets/overworld/terrain_masks/mask_vertical_edge_small_01.png' at thread -1
Loading resource: res://assets/overworld/terrain_masks/mask_vertical_edge_small_01.png remapped: res://assets/overworld/terrain_masks/mask_vertical_edge_small_01.png
Loading resource: res://.godot/imported/mask_vertical_edge_small_01.png-ca781f158bc3ba2f46054307b17ca229.ctex remapped: res://.godot/imported/mask_vertical_edge_small_01.png-ca781f158bc3ba2f46054307b17ca229.ctex
Completed load for: 'res://assets/overworld/terrain_masks/mask_vertical_edge_small_01.png' remapped 'res://assets/overworld/terrain_masks/mask_vertical_edge_small_01.png' at thread -1
Loading resource: res://assets/overworld/terrain_masks/mask_vertical_edge_small_01.png remapped: res://assets/overworld/terrain_masks/mask_vertical_edge_small_01.png
Loading resource: res://.godot/imported/mask_vertical_edge_small_01.png-ca781f158bc3ba2f46054307b17ca229.ctex remapped: res://.godot/imported/mask_vertical_edge_small_01.png-ca781f158bc3ba2f46054307b17ca229.ctex
Completed load for: 'res://assets/overworld/terrain_masks/mask_vertical_edge_small_01.png' remapped 'res://assets/overworld/terrain_masks/mask_vertical_edge_small_01.png' at thread -1
Loading resource: res://assets/overworld/terrain_masks/mask_vertical_edge_small_01.png remapped: res://assets/overworld/terrain_masks/mask_vertical_edge_small_01.png
Loading resource: res://.godot/imported/mask_vertical_edge_small_01.png-ca781f158bc3ba2f46054307b17ca229.ctex remapped: res://.godot/imported/mask_vertical_edge_small_01.png-ca781f158bc3ba2f46054307b17ca229.ctex
Completed load for: 'res://assets/overworld/terrain_masks/mask_vertical_edge_small_01.png' remapped 'res://assets/overworld/terrain_masks/mask_vertical_edge_small_01.png' at thread -1
Loading resource: res://assets/overworld/terrain_masks/mask_vertical_edge_small_01.png remapped: res://assets/overworld/terrain_masks/mask_vertical_edge_small_01.png
Loading resource: res://.godot/imported/mask_vertical_edge_small_01.png-ca781f158bc3ba2f46054307b17ca229.ctex remapped: res://.godot/imported/mask_vertical_edge_small_01.png-ca781f158bc3ba2f46054307b17ca229.ctex
Completed load for: 'res://assets/overworld/terrain_masks/mask_vertical_edge_small_01.png' remapped 'res://assets/overworld/terrain_masks/mask_vertical_edge_small_01.png' at thread -1
Loading resource: res://assets/overworld/lab_equipment_area.png remapped: res://assets/overworld/lab_equipment_area.png
Loading resource: res://.godot/imported/lab_equipment_area.png-e126b14d2b2bdef044d8af2bd9b21e3a.ctex remapped: res://.godot/imported/lab_equipment_area.png-e126b14d2b2bdef044d8af2bd9b21e3a.ctex
Completed load for: 'res://assets/overworld/lab_equipment_area.png' remapped 'res://assets/overworld/lab_equipment_area.png' at thread -1
Loading resource: res://assets/overworld/habitat_scorchic_main.png remapped: res://assets/overworld/habitat_scorchic_main.png
Loading resource: res://.godot/imported/habitat_scorchic_main.png-f91de2006275d3fe194d3e529b1e2976.ctex remapped: res://.godot/imported/habitat_scorchic_main.png-f91de2006275d3fe194d3e529b1e2976.ctex
Completed load for: 'res://assets/overworld/habitat_scorchic_main.png' remapped 'res://assets/overworld/habitat_scorchic_main.png' at thread -1
Loading resource: res://assets/overworld/habitat_scorchic_fallen_log_small.png remapped: res://assets/overworld/habitat_scorchic_fallen_log_small.png
Loading resource: res://.godot/imported/habitat_scorchic_fallen_log_small.png-f218f14dbd91b0c4a50ed2803c62815c.ctex remapped: res://.godot/imported/habitat_scorchic_fallen_log_small.png-f218f14dbd91b0c4a50ed2803c62815c.ctex
Completed load for: 'res://assets/overworld/habitat_scorchic_fallen_log_small.png' remapped 'res://assets/overworld/habitat_scorchic_fallen_log_small.png' at thread -1
Loading resource: res://assets/overworld/building_tropical_research_lab.png remapped: res://assets/overworld/building_tropical_research_lab.png
Loading resource: res://.godot/imported/building_tropical_research_lab.png-5ac4f6dc6f0c360d1142671026b09f5b.ctex remapped: res://.godot/imported/building_tropical_research_lab.png-5ac4f6dc6f0c360d1142671026b09f5b.ctex
Completed load for: 'res://assets/overworld/building_tropical_research_lab.png' remapped 'res://assets/overworld/building_tropical_research_lab.png' at thread -1
Loading resource: res://assets/overworld/terrain_masks/mask_corner_a_dominant_04.png remapped: res://assets/overworld/terrain_masks/mask_corner_a_dominant_04.png
Loading resource: res://.godot/imported/mask_corner_a_dominant_04.png-175fe2636a4db009da04374f7221d973.ctex remapped: res://.godot/imported/mask_corner_a_dominant_04.png-175fe2636a4db009da04374f7221d973.ctex
Completed load for: 'res://assets/overworld/terrain_masks/mask_corner_a_dominant_04.png' remapped 'res://assets/overworld/terrain_masks/mask_corner_a_dominant_04.png' at thread -1
Loading resource: res://assets/overworld/terrain_masks/mask_corner_a_dominant_04.png remapped: res://assets/overworld/terrain_masks/mask_corner_a_dominant_04.png
Loading resource: res://.godot/imported/mask_corner_a_dominant_04.png-175fe2636a4db009da04374f7221d973.ctex remapped: res://.godot/imported/mask_corner_a_dominant_04.png-175fe2636a4db009da04374f7221d973.ctex
Completed load for: 'res://assets/overworld/terrain_masks/mask_corner_a_dominant_04.png' remapped 'res://assets/overworld/terrain_masks/mask_corner_a_dominant_04.png' at thread -1
Loading resource: res://assets/overworld/terrain_masks/mask_horizontal_edge_small_00.png remapped: res://assets/overworld/terrain_masks/mask_horizontal_edge_small_00.png
Loading resource: res://.godot/imported/mask_horizontal_edge_small_00.png-c41d7ae1dd8b3c349c09d5890e2d0d16.ctex remapped: res://.godot/imported/mask_horizontal_edge_small_00.png-c41d7ae1dd8b3c349c09d5890e2d0d16.ctex
Completed load for: 'res://assets/overworld/terrain_masks/mask_horizontal_edge_small_00.png' remapped 'res://assets/overworld/terrain_masks/mask_horizontal_edge_small_00.png' at thread -1
Loading resource: res://assets/overworld/terrain_masks/mask_horizontal_edge_small_00.png remapped: res://assets/overworld/terrain_masks/mask_horizontal_edge_small_00.png
Loading resource: res://.godot/imported/mask_horizontal_edge_small_00.png-c41d7ae1dd8b3c349c09d5890e2d0d16.ctex remapped: res://.godot/imported/mask_horizontal_edge_small_00.png-c41d7ae1dd8b3c349c09d5890e2d0d16.ctex
Completed load for: 'res://assets/overworld/terrain_masks/mask_horizontal_edge_small_00.png' remapped 'res://assets/overworld/terrain_masks/mask_horizontal_edge_small_00.png' at thread -1
Loading resource: res://assets/overworld/terrain_masks/mask_horizontal_edge_small_01.png remapped: res://assets/overworld/terrain_masks/mask_horizontal_edge_small_01.png
Loading resource: res://.godot/imported/mask_horizontal_edge_small_01.png-925c7a67195149bb83a41d96227ef297.ctex remapped: res://.godot/imported/mask_horizontal_edge_small_01.png-925c7a67195149bb83a41d96227ef297.ctex
Completed load for: 'res://assets/overworld/terrain_masks/mask_horizontal_edge_small_01.png' remapped 'res://assets/overworld/terrain_masks/mask_horizontal_edge_small_01.png' at thread -1
Loading resource: res://assets/overworld/terrain_masks/mask_horizontal_edge_small_01.png remapped: res://assets/overworld/terrain_masks/mask_horizontal_edge_small_01.png
Loading resource: res://.godot/imported/mask_horizontal_edge_small_01.png-925c7a67195149bb83a41d96227ef297.ctex remapped: res://.godot/imported/mask_horizontal_edge_small_01.png-925c7a67195149bb83a41d96227ef297.ctex
Completed load for: 'res://assets/overworld/terrain_masks/mask_horizontal_edge_small_01.png' remapped 'res://assets/overworld/terrain_masks/mask_horizontal_edge_small_01.png' at thread -1
Loading resource: res://assets/overworld/terrain_masks/mask_horizontal_edge_small_04.png remapped: res://assets/overworld/terrain_masks/mask_horizontal_edge_small_04.png
Loading resource: res://.godot/imported/mask_horizontal_edge_small_04.png-f6eb9f7dd81706a6c39aef25ebafe884.ctex remapped: res://.godot/imported/mask_horizontal_edge_small_04.png-f6eb9f7dd81706a6c39aef25ebafe884.ctex
Completed load for: 'res://assets/overworld/terrain_masks/mask_horizontal_edge_small_04.png' remapped 'res://assets/overworld/terrain_masks/mask_horizontal_edge_small_04.png' at thread -1
Loading resource: res://assets/overworld/terrain_masks/mask_horizontal_edge_small_04.png remapped: res://assets/overworld/terrain_masks/mask_horizontal_edge_small_04.png
Loading resource: res://.godot/imported/mask_horizontal_edge_small_04.png-f6eb9f7dd81706a6c39aef25ebafe884.ctex remapped: res://.godot/imported/mask_horizontal_edge_small_04.png-f6eb9f7dd81706a6c39aef25ebafe884.ctex
Completed load for: 'res://assets/overworld/terrain_masks/mask_horizontal_edge_small_04.png' remapped 'res://assets/overworld/terrain_masks/mask_horizontal_edge_small_04.png' at thread -1
Loading resource: res://assets/overworld/terrain_masks/mask_corner_a_dominant_04.png remapped: res://assets/overworld/terrain_masks/mask_corner_a_dominant_04.png
Loading resource: res://.godot/imported/mask_corner_a_dominant_04.png-175fe2636a4db009da04374f7221d973.ctex remapped: res://.godot/imported/mask_corner_a_dominant_04.png-175fe2636a4db009da04374f7221d973.ctex
Completed load for: 'res://assets/overworld/terrain_masks/mask_corner_a_dominant_04.png' remapped 'res://assets/overworld/terrain_masks/mask_corner_a_dominant_04.png' at thread -1
Loading resource: res://assets/overworld/terrain_masks/mask_corner_a_dominant_04.png remapped: res://assets/overworld/terrain_masks/mask_corner_a_dominant_04.png
Loading resource: res://.godot/imported/mask_corner_a_dominant_04.png-175fe2636a4db009da04374f7221d973.ctex remapped: res://.godot/imported/mask_corner_a_dominant_04.png-175fe2636a4db009da04374f7221d973.ctex
Completed load for: 'res://assets/overworld/terrain_masks/mask_corner_a_dominant_04.png' remapped 'res://assets/overworld/terrain_masks/mask_corner_a_dominant_04.png' at thread -1
Loading resource: res://assets/overworld/terrain_masks/mask_horizontal_edge_small_03.png remapped: res://assets/overworld/terrain_masks/mask_horizontal_edge_small_03.png
Loading resource: res://.godot/imported/mask_horizontal_edge_small_03.png-2d3a294dad3e365ea5b1d80f8273cb53.ctex remapped: res://.godot/imported/mask_horizontal_edge_small_03.png-2d3a294dad3e365ea5b1d80f8273cb53.ctex
Completed load for: 'res://assets/overworld/terrain_masks/mask_horizontal_edge_small_03.png' remapped 'res://assets/overworld/terrain_masks/mask_horizontal_edge_small_03.png' at thread -1
Loading resource: res://assets/overworld/terrain_masks/mask_horizontal_edge_small_03.png remapped: res://assets/overworld/terrain_masks/mask_horizontal_edge_small_03.png
Loading resource: res://.godot/imported/mask_horizontal_edge_small_03.png-2d3a294dad3e365ea5b1d80f8273cb53.ctex remapped: res://.godot/imported/mask_horizontal_edge_small_03.png-2d3a294dad3e365ea5b1d80f8273cb53.ctex
Completed load for: 'res://assets/overworld/terrain_masks/mask_horizontal_edge_small_03.png' remapped 'res://assets/overworld/terrain_masks/mask_horizontal_edge_small_03.png' at thread -1
Loading resource: res://assets/overworld/terrain_masks/mask_vertical_edge_small_04.png remapped: res://assets/overworld/terrain_masks/mask_vertical_edge_small_04.png
Loading resource: res://.godot/imported/mask_vertical_edge_small_04.png-1607ba2fd4f203d5d2b7386d4c801884.ctex remapped: res://.godot/imported/mask_vertical_edge_small_04.png-1607ba2fd4f203d5d2b7386d4c801884.ctex
Completed load for: 'res://assets/overworld/terrain_masks/mask_vertical_edge_small_04.png' remapped 'res://assets/overworld/terrain_masks/mask_vertical_edge_small_04.png' at thread -1
Loading resource: res://assets/overworld/terrain_masks/mask_vertical_edge_small_04.png remapped: res://assets/overworld/terrain_masks/mask_vertical_edge_small_04.png
Loading resource: res://.godot/imported/mask_vertical_edge_small_04.png-1607ba2fd4f203d5d2b7386d4c801884.ctex remapped: res://.godot/imported/mask_vertical_edge_small_04.png-1607ba2fd4f203d5d2b7386d4c801884.ctex
Completed load for: 'res://assets/overworld/terrain_masks/mask_vertical_edge_small_04.png' remapped 'res://assets/overworld/terrain_masks/mask_vertical_edge_small_04.png' at thread -1
Loading resource: res://assets/overworld/terrain_masks/mask_corner_a_dominant_02.png remapped: res://assets/overworld/terrain_masks/mask_corner_a_dominant_02.png
Loading resource: res://.godot/imported/mask_corner_a_dominant_02.png-bd3c38b63920202f67915a9c479c0559.ctex remapped: res://.godot/imported/mask_corner_a_dominant_02.png-bd3c38b63920202f67915a9c479c0559.ctex
Completed load for: 'res://assets/overworld/terrain_masks/mask_corner_a_dominant_02.png' remapped 'res://assets/overworld/terrain_masks/mask_corner_a_dominant_02.png' at thread -1
Loading resource: res://assets/overworld/terrain_masks/mask_corner_a_dominant_02.png remapped: res://assets/overworld/terrain_masks/mask_corner_a_dominant_02.png
Loading resource: res://.godot/imported/mask_corner_a_dominant_02.png-bd3c38b63920202f67915a9c479c0559.ctex remapped: res://.godot/imported/mask_corner_a_dominant_02.png-bd3c38b63920202f67915a9c479c0559.ctex
Completed load for: 'res://assets/overworld/terrain_masks/mask_corner_a_dominant_02.png' remapped 'res://assets/overworld/terrain_masks/mask_corner_a_dominant_02.png' at thread -1
Loading resource: res://assets/overworld/terrain_masks/mask_corner_a_dominant_04.png remapped: res://assets/overworld/terrain_masks/mask_corner_a_dominant_04.png
Loading resource: res://.godot/imported/mask_corner_a_dominant_04.png-175fe2636a4db009da04374f7221d973.ctex remapped: res://.godot/imported/mask_corner_a_dominant_04.png-175fe2636a4db009da04374f7221d973.ctex
Completed load for: 'res://assets/overworld/terrain_masks/mask_corner_a_dominant_04.png' remapped 'res://assets/overworld/terrain_masks/mask_corner_a_dominant_04.png' at thread -1
Loading resource: res://assets/overworld/terrain_masks/mask_corner_a_dominant_04.png remapped: res://assets/overworld/terrain_masks/mask_corner_a_dominant_04.png
Loading resource: res://.godot/imported/mask_corner_a_dominant_04.png-175fe2636a4db009da04374f7221d973.ctex remapped: res://.godot/imported/mask_corner_a_dominant_04.png-175fe2636a4db009da04374f7221d973.ctex
Completed load for: 'res://assets/overworld/terrain_masks/mask_corner_a_dominant_04.png' remapped 'res://assets/overworld/terrain_masks/mask_corner_a_dominant_04.png' at thread -1
Loading resource: res://assets/overworld/terrain_masks/mask_horizontal_edge_small_00.png remapped: res://assets/overworld/terrain_masks/mask_horizontal_edge_small_00.png
Loading resource: res://.godot/imported/mask_horizontal_edge_small_00.png-c41d7ae1dd8b3c349c09d5890e2d0d16.ctex remapped: res://.godot/imported/mask_horizontal_edge_small_00.png-c41d7ae1dd8b3c349c09d5890e2d0d16.ctex
Completed load for: 'res://assets/overworld/terrain_masks/mask_horizontal_edge_small_00.png' remapped 'res://assets/overworld/terrain_masks/mask_horizontal_edge_small_00.png' at thread -1
Loading resource: res://assets/overworld/terrain_masks/mask_horizontal_edge_small_00.png remapped: res://assets/overworld/terrain_masks/mask_horizontal_edge_small_00.png
Loading resource: res://.godot/imported/mask_horizontal_edge_small_00.png-c41d7ae1dd8b3c349c09d5890e2d0d16.ctex remapped: res://.godot/imported/mask_horizontal_edge_small_00.png-c41d7ae1dd8b3c349c09d5890e2d0d16.ctex
Completed load for: 'res://assets/overworld/terrain_masks/mask_horizontal_edge_small_00.png' remapped 'res://assets/overworld/terrain_masks/mask_horizontal_edge_small_00.png' at thread -1
Loading resource: res://assets/overworld/terrain_masks/mask_vertical_edge_small_04.png remapped: res://assets/overworld/terrain_masks/mask_vertical_edge_small_04.png
Loading resource: res://.godot/imported/mask_vertical_edge_small_04.png-1607ba2fd4f203d5d2b7386d4c801884.ctex remapped: res://.godot/imported/mask_vertical_edge_small_04.png-1607ba2fd4f203d5d2b7386d4c801884.ctex
Completed load for: 'res://assets/overworld/terrain_masks/mask_vertical_edge_small_04.png' remapped 'res://assets/overworld/terrain_masks/mask_vertical_edge_small_04.png' at thread -1
Loading resource: res://assets/overworld/terrain_masks/mask_vertical_edge_small_04.png remapped: res://assets/overworld/terrain_masks/mask_vertical_edge_small_04.png
Loading resource: res://.godot/imported/mask_vertical_edge_small_04.png-1607ba2fd4f203d5d2b7386d4c801884.ctex remapped: res://.godot/imported/mask_vertical_edge_small_04.png-1607ba2fd4f203d5d2b7386d4c801884.ctex
Completed load for: 'res://assets/overworld/terrain_masks/mask_vertical_edge_small_04.png' remapped 'res://assets/overworld/terrain_masks/mask_vertical_edge_small_04.png' at thread -1
Loading resource: res://assets/overworld/terrain_masks/mask_corner_a_dominant_02.png remapped: res://assets/overworld/terrain_masks/mask_corner_a_dominant_02.png
Loading resource: res://.godot/imported/mask_corner_a_dominant_02.png-bd3c38b63920202f67915a9c479c0559.ctex remapped: res://.godot/imported/mask_corner_a_dominant_02.png-bd3c38b63920202f67915a9c479c0559.ctex
Completed load for: 'res://assets/overworld/terrain_masks/mask_corner_a_dominant_02.png' remapped 'res://assets/overworld/terrain_masks/mask_corner_a_dominant_02.png' at thread -1
Loading resource: res://assets/overworld/terrain_masks/mask_corner_a_dominant_02.png remapped: res://assets/overworld/terrain_masks/mask_corner_a_dominant_02.png
Loading resource: res://.godot/imported/mask_corner_a_dominant_02.png-bd3c38b63920202f67915a9c479c0559.ctex remapped: res://.godot/imported/mask_corner_a_dominant_02.png-bd3c38b63920202f67915a9c479c0559.ctex
Completed load for: 'res://assets/overworld/terrain_masks/mask_corner_a_dominant_02.png' remapped 'res://assets/overworld/terrain_masks/mask_corner_a_dominant_02.png' at thread -1
Loading resource: res://assets/overworld/terrain_masks/mask_corner_a_dominant_04.png remapped: res://assets/overworld/terrain_masks/mask_corner_a_dominant_04.png
Loading resource: res://.godot/imported/mask_corner_a_dominant_04.png-175fe2636a4db009da04374f7221d973.ctex remapped: res://.godot/imported/mask_corner_a_dominant_04.png-175fe2636a4db009da04374f7221d973.ctex
Completed load for: 'res://assets/overworld/terrain_masks/mask_corner_a_dominant_04.png' remapped 'res://assets/overworld/terrain_masks/mask_corner_a_dominant_04.png' at thread -1
Loading resource: res://assets/overworld/terrain_masks/mask_corner_a_dominant_04.png remapped: res://assets/overworld/terrain_masks/mask_corner_a_dominant_04.png
Loading resource: res://.godot/imported/mask_corner_a_dominant_04.png-175fe2636a4db009da04374f7221d973.ctex remapped: res://.godot/imported/mask_corner_a_dominant_04.png-175fe2636a4db009da04374f7221d973.ctex
Completed load for: 'res://assets/overworld/terrain_masks/mask_corner_a_dominant_04.png' remapped 'res://assets/overworld/terrain_masks/mask_corner_a_dominant_04.png' at thread -1
Loading resource: res://assets/overworld/terrain_masks/mask_horizontal_edge_small_00.png remapped: res://assets/overworld/terrain_masks/mask_horizontal_edge_small_00.png
Loading resource: res://.godot/imported/mask_horizontal_edge_small_00.png-c41d7ae1dd8b3c349c09d5890e2d0d16.ctex remapped: res://.godot/imported/mask_horizontal_edge_small_00.png-c41d7ae1dd8b3c349c09d5890e2d0d16.ctex
Completed load for: 'res://assets/overworld/terrain_masks/mask_horizontal_edge_small_00.png' remapped 'res://assets/overworld/terrain_masks/mask_horizontal_edge_small_00.png' at thread -1
Loading resource: res://assets/overworld/terrain_masks/mask_horizontal_edge_small_00.png remapped: res://assets/overworld/terrain_masks/mask_horizontal_edge_small_00.png
Loading resource: res://.godot/imported/mask_horizontal_edge_small_00.png-c41d7ae1dd8b3c349c09d5890e2d0d16.ctex remapped: res://.godot/imported/mask_horizontal_edge_small_00.png-c41d7ae1dd8b3c349c09d5890e2d0d16.ctex
Completed load for: 'res://assets/overworld/terrain_masks/mask_horizontal_edge_small_00.png' remapped 'res://assets/overworld/terrain_masks/mask_horizontal_edge_small_00.png' at thread -1
Loading resource: res://assets/overworld/terrain_masks/mask_vertical_edge_small_04.png remapped: res://assets/overworld/terrain_masks/mask_vertical_edge_small_04.png
Loading resource: res://.godot/imported/mask_vertical_edge_small_04.png-1607ba2fd4f203d5d2b7386d4c801884.ctex remapped: res://.godot/imported/mask_vertical_edge_small_04.png-1607ba2fd4f203d5d2b7386d4c801884.ctex
Completed load for: 'res://assets/overworld/terrain_masks/mask_vertical_edge_small_04.png' remapped 'res://assets/overworld/terrain_masks/mask_vertical_edge_small_04.png' at thread -1
Loading resource: res://assets/overworld/terrain_masks/mask_vertical_edge_small_04.png remapped: res://assets/overworld/terrain_masks/mask_vertical_edge_small_04.png
Loading resource: res://.godot/imported/mask_vertical_edge_small_04.png-1607ba2fd4f203d5d2b7386d4c801884.ctex remapped: res://.godot/imported/mask_vertical_edge_small_04.png-1607ba2fd4f203d5d2b7386d4c801884.ctex
Completed load for: 'res://assets/overworld/terrain_masks/mask_vertical_edge_small_04.png' remapped 'res://assets/overworld/terrain_masks/mask_vertical_edge_small_04.png' at thread -1
Loading resource: res://assets/overworld/terrain_masks/mask_corner_a_dominant_02.png remapped: res://assets/overworld/terrain_masks/mask_corner_a_dominant_02.png
Loading resource: res://.godot/imported/mask_corner_a_dominant_02.png-bd3c38b63920202f67915a9c479c0559.ctex remapped: res://.godot/imported/mask_corner_a_dominant_02.png-bd3c38b63920202f67915a9c479c0559.ctex
Completed load for: 'res://assets/overworld/terrain_masks/mask_corner_a_dominant_02.png' remapped 'res://assets/overworld/terrain_masks/mask_corner_a_dominant_02.png' at thread -1
Loading resource: res://assets/overworld/terrain_masks/mask_corner_a_dominant_02.png remapped: res://assets/overworld/terrain_masks/mask_corner_a_dominant_02.png
Loading resource: res://.godot/imported/mask_corner_a_dominant_02.png-bd3c38b63920202f67915a9c479c0559.ctex remapped: res://.godot/imported/mask_corner_a_dominant_02.png-bd3c38b63920202f67915a9c479c0559.ctex
Completed load for: 'res://assets/overworld/terrain_masks/mask_corner_a_dominant_02.png' remapped 'res://assets/overworld/terrain_masks/mask_corner_a_dominant_02.png' at thread -1
Loading resource: res://assets/overworld/terrain_masks/mask_corner_a_dominant_04.png remapped: res://assets/overworld/terrain_masks/mask_corner_a_dominant_04.png
Loading resource: res://.godot/imported/mask_corner_a_dominant_04.png-175fe2636a4db009da04374f7221d973.ctex remapped: res://.godot/imported/mask_corner_a_dominant_04.png-175fe2636a4db009da04374f7221d973.ctex
Completed load for: 'res://assets/overworld/terrain_masks/mask_corner_a_dominant_04.png' remapped 'res://assets/overworld/terrain_masks/mask_corner_a_dominant_04.png' at thread -1
Loading resource: res://assets/overworld/terrain_masks/mask_corner_a_dominant_04.png remapped: res://assets/overworld/terrain_masks/mask_corner_a_dominant_04.png
Loading resource: res://.godot/imported/mask_corner_a_dominant_04.png-175fe2636a4db009da04374f7221d973.ctex remapped: res://.godot/imported/mask_corner_a_dominant_04.png-175fe2636a4db009da04374f7221d973.ctex
Completed load for: 'res://assets/overworld/terrain_masks/mask_corner_a_dominant_04.png' remapped 'res://assets/overworld/terrain_masks/mask_corner_a_dominant_04.png' at thread -1
Loading resource: res://assets/overworld/terrain_masks/mask_horizontal_edge_small_00.png remapped: res://assets/overworld/terrain_masks/mask_horizontal_edge_small_00.png
Loading resource: res://.godot/imported/mask_horizontal_edge_small_00.png-c41d7ae1dd8b3c349c09d5890e2d0d16.ctex remapped: res://.godot/imported/mask_horizontal_edge_small_00.png-c41d7ae1dd8b3c349c09d5890e2d0d16.ctex
Completed load for: 'res://assets/overworld/terrain_masks/mask_horizontal_edge_small_00.png' remapped 'res://assets/overworld/terrain_masks/mask_horizontal_edge_small_00.png' at thread -1
Loading resource: res://assets/overworld/terrain_masks/mask_horizontal_edge_small_00.png remapped: res://assets/overworld/terrain_masks/mask_horizontal_edge_small_00.png
Loading resource: res://.godot/imported/mask_horizontal_edge_small_00.png-c41d7ae1dd8b3c349c09d5890e2d0d16.ctex remapped: res://.godot/imported/mask_horizontal_edge_small_00.png-c41d7ae1dd8b3c349c09d5890e2d0d16.ctex
Completed load for: 'res://assets/overworld/terrain_masks/mask_horizontal_edge_small_00.png' remapped 'res://assets/overworld/terrain_masks/mask_horizontal_edge_small_00.png' at thread -1
Loading resource: res://assets/overworld/terrain_masks/mask_vertical_edge_small_04.png remapped: res://assets/overworld/terrain_masks/mask_vertical_edge_small_04.png
Loading resource: res://.godot/imported/mask_vertical_edge_small_04.png-1607ba2fd4f203d5d2b7386d4c801884.ctex remapped: res://.godot/imported/mask_vertical_edge_small_04.png-1607ba2fd4f203d5d2b7386d4c801884.ctex
Completed load for: 'res://assets/overworld/terrain_masks/mask_vertical_edge_small_04.png' remapped 'res://assets/overworld/terrain_masks/mask_vertical_edge_small_04.png' at thread -1
Loading resource: res://assets/overworld/terrain_masks/mask_vertical_edge_small_04.png remapped: res://assets/overworld/terrain_masks/mask_vertical_edge_small_04.png
Loading resource: res://.godot/imported/mask_vertical_edge_small_04.png-1607ba2fd4f203d5d2b7386d4c801884.ctex remapped: res://.godot/imported/mask_vertical_edge_small_04.png-1607ba2fd4f203d5d2b7386d4c801884.ctex
Completed load for: 'res://assets/overworld/terrain_masks/mask_vertical_edge_small_04.png' remapped 'res://assets/overworld/terrain_masks/mask_vertical_edge_small_04.png' at thread -1
Loading resource: res://assets/overworld/terrain_masks/mask_corner_a_dominant_02.png remapped: res://assets/overworld/terrain_masks/mask_corner_a_dominant_02.png
Loading resource: res://.godot/imported/mask_corner_a_dominant_02.png-bd3c38b63920202f67915a9c479c0559.ctex remapped: res://.godot/imported/mask_corner_a_dominant_02.png-bd3c38b63920202f67915a9c479c0559.ctex
Completed load for: 'res://assets/overworld/terrain_masks/mask_corner_a_dominant_02.png' remapped 'res://assets/overworld/terrain_masks/mask_corner_a_dominant_02.png' at thread -1
Loading resource: res://assets/overworld/terrain_masks/mask_corner_a_dominant_02.png remapped: res://assets/overworld/terrain_masks/mask_corner_a_dominant_02.png
Loading resource: res://.godot/imported/mask_corner_a_dominant_02.png-bd3c38b63920202f67915a9c479c0559.ctex remapped: res://.godot/imported/mask_corner_a_dominant_02.png-bd3c38b63920202f67915a9c479c0559.ctex
Completed load for: 'res://assets/overworld/terrain_masks/mask_corner_a_dominant_02.png' remapped 'res://assets/overworld/terrain_masks/mask_corner_a_dominant_02.png' at thread -1
Loading resource: res://assets/overworld/terrain_masks/mask_corner_a_dominant_04.png remapped: res://assets/overworld/terrain_masks/mask_corner_a_dominant_04.png
Loading resource: res://.godot/imported/mask_corner_a_dominant_04.png-175fe2636a4db009da04374f7221d973.ctex remapped: res://.godot/imported/mask_corner_a_dominant_04.png-175fe2636a4db009da04374f7221d973.ctex
Completed load for: 'res://assets/overworld/terrain_masks/mask_corner_a_dominant_04.png' remapped 'res://assets/overworld/terrain_masks/mask_corner_a_dominant_04.png' at thread -1
Loading resource: res://assets/overworld/terrain_masks/mask_corner_a_dominant_04.png remapped: res://assets/overworld/terrain_masks/mask_corner_a_dominant_04.png
Loading resource: res://.godot/imported/mask_corner_a_dominant_04.png-175fe2636a4db009da04374f7221d973.ctex remapped: res://.godot/imported/mask_corner_a_dominant_04.png-175fe2636a4db009da04374f7221d973.ctex
Completed load for: 'res://assets/overworld/terrain_masks/mask_corner_a_dominant_04.png' remapped 'res://assets/overworld/terrain_masks/mask_corner_a_dominant_04.png' at thread -1
Loading resource: res://assets/overworld/terrain_masks/mask_horizontal_edge_small_00.png remapped: res://assets/overworld/terrain_masks/mask_horizontal_edge_small_00.png
Loading resource: res://.godot/imported/mask_horizontal_edge_small_00.png-c41d7ae1dd8b3c349c09d5890e2d0d16.ctex remapped: res://.godot/imported/mask_horizontal_edge_small_00.png-c41d7ae1dd8b3c349c09d5890e2d0d16.ctex
Completed load for: 'res://assets/overworld/terrain_masks/mask_horizontal_edge_small_00.png' remapped 'res://assets/overworld/terrain_masks/mask_horizontal_edge_small_00.png' at thread -1
Loading resource: res://assets/overworld/terrain_masks/mask_horizontal_edge_small_00.png remapped: res://assets/overworld/terrain_masks/mask_horizontal_edge_small_00.png
Loading resource: res://.godot/imported/mask_horizontal_edge_small_00.png-c41d7ae1dd8b3c349c09d5890e2d0d16.ctex remapped: res://.godot/imported/mask_horizontal_edge_small_00.png-c41d7ae1dd8b3c349c09d5890e2d0d16.ctex
Completed load for: 'res://assets/overworld/terrain_masks/mask_horizontal_edge_small_00.png' remapped 'res://assets/overworld/terrain_masks/mask_horizontal_edge_small_00.png' at thread -1
Loading resource: res://assets/overworld/terrain_masks/mask_vertical_edge_small_04.png remapped: res://assets/overworld/terrain_masks/mask_vertical_edge_small_04.png
Loading resource: res://.godot/imported/mask_vertical_edge_small_04.png-1607ba2fd4f203d5d2b7386d4c801884.ctex remapped: res://.godot/imported/mask_vertical_edge_small_04.png-1607ba2fd4f203d5d2b7386d4c801884.ctex
Completed load for: 'res://assets/overworld/terrain_masks/mask_vertical_edge_small_04.png' remapped 'res://assets/overworld/terrain_masks/mask_vertical_edge_small_04.png' at thread -1
Loading resource: res://assets/overworld/terrain_masks/mask_vertical_edge_small_04.png remapped: res://assets/overworld/terrain_masks/mask_vertical_edge_small_04.png
Loading resource: res://.godot/imported/mask_vertical_edge_small_04.png-1607ba2fd4f203d5d2b7386d4c801884.ctex remapped: res://.godot/imported/mask_vertical_edge_small_04.png-1607ba2fd4f203d5d2b7386d4c801884.ctex
Completed load for: 'res://assets/overworld/terrain_masks/mask_vertical_edge_small_04.png' remapped 'res://assets/overworld/terrain_masks/mask_vertical_edge_small_04.png' at thread -1
Loading resource: res://assets/overworld/terrain_masks/mask_horizontal_edge_small_01.png remapped: res://assets/overworld/terrain_masks/mask_horizontal_edge_small_01.png
Loading resource: res://.godot/imported/mask_horizontal_edge_small_01.png-925c7a67195149bb83a41d96227ef297.ctex remapped: res://.godot/imported/mask_horizontal_edge_small_01.png-925c7a67195149bb83a41d96227ef297.ctex
Completed load for: 'res://assets/overworld/terrain_masks/mask_horizontal_edge_small_01.png' remapped 'res://assets/overworld/terrain_masks/mask_horizontal_edge_small_01.png' at thread -1
Loading resource: res://assets/overworld/terrain_masks/mask_horizontal_edge_small_01.png remapped: res://assets/overworld/terrain_masks/mask_horizontal_edge_small_01.png
Loading resource: res://.godot/imported/mask_horizontal_edge_small_01.png-925c7a67195149bb83a41d96227ef297.ctex remapped: res://.godot/imported/mask_horizontal_edge_small_01.png-925c7a67195149bb83a41d96227ef297.ctex
Completed load for: 'res://assets/overworld/terrain_masks/mask_horizontal_edge_small_01.png' remapped 'res://assets/overworld/terrain_masks/mask_horizontal_edge_small_01.png' at thread -1
Loading resource: res://assets/overworld/terrain_masks/mask_horizontal_edge_small_01.png remapped: res://assets/overworld/terrain_masks/mask_horizontal_edge_small_01.png
Loading resource: res://.godot/imported/mask_horizontal_edge_small_01.png-925c7a67195149bb83a41d96227ef297.ctex remapped: res://.godot/imported/mask_horizontal_edge_small_01.png-925c7a67195149bb83a41d96227ef297.ctex
Completed load for: 'res://assets/overworld/terrain_masks/mask_horizontal_edge_small_01.png' remapped 'res://assets/overworld/terrain_masks/mask_horizontal_edge_small_01.png' at thread -1
Loading resource: res://assets/overworld/terrain_masks/mask_horizontal_edge_small_01.png remapped: res://assets/overworld/terrain_masks/mask_horizontal_edge_small_01.png
Loading resource: res://.godot/imported/mask_horizontal_edge_small_01.png-925c7a67195149bb83a41d96227ef297.ctex remapped: res://.godot/imported/mask_horizontal_edge_small_01.png-925c7a67195149bb83a41d96227ef297.ctex
Completed load for: 'res://assets/overworld/terrain_masks/mask_horizontal_edge_small_01.png' remapped 'res://assets/overworld/terrain_masks/mask_horizontal_edge_small_01.png' at thread -1
Loading resource: res://assets/overworld/terrain_masks/mask_horizontal_edge_small_01.png remapped: res://assets/overworld/terrain_masks/mask_horizontal_edge_small_01.png
Loading resource: res://.godot/imported/mask_horizontal_edge_small_01.png-925c7a67195149bb83a41d96227ef297.ctex remapped: res://.godot/imported/mask_horizontal_edge_small_01.png-925c7a67195149bb83a41d96227ef297.ctex
Completed load for: 'res://assets/overworld/terrain_masks/mask_horizontal_edge_small_01.png' remapped 'res://assets/overworld/terrain_masks/mask_horizontal_edge_small_01.png' at thread -1
Loading resource: res://assets/overworld/terrain_masks/mask_horizontal_edge_small_01.png remapped: res://assets/overworld/terrain_masks/mask_horizontal_edge_small_01.png
Loading resource: res://.godot/imported/mask_horizontal_edge_small_01.png-925c7a67195149bb83a41d96227ef297.ctex remapped: res://.godot/imported/mask_horizontal_edge_small_01.png-925c7a67195149bb83a41d96227ef297.ctex
Completed load for: 'res://assets/overworld/terrain_masks/mask_horizontal_edge_small_01.png' remapped 'res://assets/overworld/terrain_masks/mask_horizontal_edge_small_01.png' at thread -1
Loading resource: res://assets/overworld/terrain_masks/mask_horizontal_edge_small_01.png remapped: res://assets/overworld/terrain_masks/mask_horizontal_edge_small_01.png
Loading resource: res://.godot/imported/mask_horizontal_edge_small_01.png-925c7a67195149bb83a41d96227ef297.ctex remapped: res://.godot/imported/mask_horizontal_edge_small_01.png-925c7a67195149bb83a41d96227ef297.ctex
Completed load for: 'res://assets/overworld/terrain_masks/mask_horizontal_edge_small_01.png' remapped 'res://assets/overworld/terrain_masks/mask_horizontal_edge_small_01.png' at thread -1
Loading resource: res://assets/overworld/terrain_masks/mask_horizontal_edge_small_01.png remapped: res://assets/overworld/terrain_masks/mask_horizontal_edge_small_01.png
Loading resource: res://.godot/imported/mask_horizontal_edge_small_01.png-925c7a67195149bb83a41d96227ef297.ctex remapped: res://.godot/imported/mask_horizontal_edge_small_01.png-925c7a67195149bb83a41d96227ef297.ctex
Completed load for: 'res://assets/overworld/terrain_masks/mask_horizontal_edge_small_01.png' remapped 'res://assets/overworld/terrain_masks/mask_horizontal_edge_small_01.png' at thread -1
Loading resource: res://assets/overworld/terrain_masks/mask_horizontal_edge_small_04.png remapped: res://assets/overworld/terrain_masks/mask_horizontal_edge_small_04.png
Loading resource: res://.godot/imported/mask_horizontal_edge_small_04.png-f6eb9f7dd81706a6c39aef25ebafe884.ctex remapped: res://.godot/imported/mask_horizontal_edge_small_04.png-f6eb9f7dd81706a6c39aef25ebafe884.ctex
Completed load for: 'res://assets/overworld/terrain_masks/mask_horizontal_edge_small_04.png' remapped 'res://assets/overworld/terrain_masks/mask_horizontal_edge_small_04.png' at thread -1
Loading resource: res://assets/overworld/terrain_masks/mask_horizontal_edge_small_04.png remapped: res://assets/overworld/terrain_masks/mask_horizontal_edge_small_04.png
Loading resource: res://.godot/imported/mask_horizontal_edge_small_04.png-f6eb9f7dd81706a6c39aef25ebafe884.ctex remapped: res://.godot/imported/mask_horizontal_edge_small_04.png-f6eb9f7dd81706a6c39aef25ebafe884.ctex
Completed load for: 'res://assets/overworld/terrain_masks/mask_horizontal_edge_small_04.png' remapped 'res://assets/overworld/terrain_masks/mask_horizontal_edge_small_04.png' at thread -1
Loading resource: res://assets/overworld/terrain_masks/mask_horizontal_edge_small_01.png remapped: res://assets/overworld/terrain_masks/mask_horizontal_edge_small_01.png
Loading resource: res://.godot/imported/mask_horizontal_edge_small_01.png-925c7a67195149bb83a41d96227ef297.ctex remapped: res://.godot/imported/mask_horizontal_edge_small_01.png-925c7a67195149bb83a41d96227ef297.ctex
Completed load for: 'res://assets/overworld/terrain_masks/mask_horizontal_edge_small_01.png' remapped 'res://assets/overworld/terrain_masks/mask_horizontal_edge_small_01.png' at thread -1
Loading resource: res://assets/overworld/terrain_masks/mask_horizontal_edge_small_01.png remapped: res://assets/overworld/terrain_masks/mask_horizontal_edge_small_01.png
Loading resource: res://.godot/imported/mask_horizontal_edge_small_01.png-925c7a67195149bb83a41d96227ef297.ctex remapped: res://.godot/imported/mask_horizontal_edge_small_01.png-925c7a67195149bb83a41d96227ef297.ctex
Completed load for: 'res://assets/overworld/terrain_masks/mask_horizontal_edge_small_01.png' remapped 'res://assets/overworld/terrain_masks/mask_horizontal_edge_small_01.png' at thread -1
Loading resource: res://assets/overworld/terrain_masks/mask_horizontal_edge_small_04.png remapped: res://assets/overworld/terrain_masks/mask_horizontal_edge_small_04.png
Loading resource: res://.godot/imported/mask_horizontal_edge_small_04.png-f6eb9f7dd81706a6c39aef25ebafe884.ctex remapped: res://.godot/imported/mask_horizontal_edge_small_04.png-f6eb9f7dd81706a6c39aef25ebafe884.ctex
Completed load for: 'res://assets/overworld/terrain_masks/mask_horizontal_edge_small_04.png' remapped 'res://assets/overworld/terrain_masks/mask_horizontal_edge_small_04.png' at thread -1
Loading resource: res://assets/overworld/terrain_masks/mask_horizontal_edge_small_04.png remapped: res://assets/overworld/terrain_masks/mask_horizontal_edge_small_04.png
Loading resource: res://.godot/imported/mask_horizontal_edge_small_04.png-f6eb9f7dd81706a6c39aef25ebafe884.ctex remapped: res://.godot/imported/mask_horizontal_edge_small_04.png-f6eb9f7dd81706a6c39aef25ebafe884.ctex
Completed load for: 'res://assets/overworld/terrain_masks/mask_horizontal_edge_small_04.png' remapped 'res://assets/overworld/terrain_masks/mask_horizontal_edge_small_04.png' at thread -1
Loading resource: res://assets/overworld/terrain_masks/mask_horizontal_edge_small_01.png remapped: res://assets/overworld/terrain_masks/mask_horizontal_edge_small_01.png
Loading resource: res://.godot/imported/mask_horizontal_edge_small_01.png-925c7a67195149bb83a41d96227ef297.ctex remapped: res://.godot/imported/mask_horizontal_edge_small_01.png-925c7a67195149bb83a41d96227ef297.ctex
Completed load for: 'res://assets/overworld/terrain_masks/mask_horizontal_edge_small_01.png' remapped 'res://assets/overworld/terrain_masks/mask_horizontal_edge_small_01.png' at thread -1
Loading resource: res://assets/overworld/terrain_masks/mask_horizontal_edge_small_01.png remapped: res://assets/overworld/terrain_masks/mask_horizontal_edge_small_01.png
Loading resource: res://.godot/imported/mask_horizontal_edge_small_01.png-925c7a67195149bb83a41d96227ef297.ctex remapped: res://.godot/imported/mask_horizontal_edge_small_01.png-925c7a67195149bb83a41d96227ef297.ctex
Completed load for: 'res://assets/overworld/terrain_masks/mask_horizontal_edge_small_01.png' remapped 'res://assets/overworld/terrain_masks/mask_horizontal_edge_small_01.png' at thread -1
Loading resource: res://assets/overworld/terrain_masks/mask_horizontal_edge_small_04.png remapped: res://assets/overworld/terrain_masks/mask_horizontal_edge_small_04.png
Loading resource: res://.godot/imported/mask_horizontal_edge_small_04.png-f6eb9f7dd81706a6c39aef25ebafe884.ctex remapped: res://.godot/imported/mask_horizontal_edge_small_04.png-f6eb9f7dd81706a6c39aef25ebafe884.ctex
Completed load for: 'res://assets/overworld/terrain_masks/mask_horizontal_edge_small_04.png' remapped 'res://assets/overworld/terrain_masks/mask_horizontal_edge_small_04.png' at thread -1
Loading resource: res://assets/overworld/terrain_masks/mask_horizontal_edge_small_04.png remapped: res://assets/overworld/terrain_masks/mask_horizontal_edge_small_04.png
Loading resource: res://.godot/imported/mask_horizontal_edge_small_04.png-f6eb9f7dd81706a6c39aef25ebafe884.ctex remapped: res://.godot/imported/mask_horizontal_edge_small_04.png-f6eb9f7dd81706a6c39aef25ebafe884.ctex
Completed load for: 'res://assets/overworld/terrain_masks/mask_horizontal_edge_small_04.png' remapped 'res://assets/overworld/terrain_masks/mask_horizontal_edge_small_04.png' at thread -1
Loading resource: res://assets/overworld/terrain_masks/mask_horizontal_edge_small_01.png remapped: res://assets/overworld/terrain_masks/mask_horizontal_edge_small_01.png
Loading resource: res://.godot/imported/mask_horizontal_edge_small_01.png-925c7a67195149bb83a41d96227ef297.ctex remapped: res://.godot/imported/mask_horizontal_edge_small_01.png-925c7a67195149bb83a41d96227ef297.ctex
Completed load for: 'res://assets/overworld/terrain_masks/mask_horizontal_edge_small_01.png' remapped 'res://assets/overworld/terrain_masks/mask_horizontal_edge_small_01.png' at thread -1
Loading resource: res://assets/overworld/terrain_masks/mask_horizontal_edge_small_01.png remapped: res://assets/overworld/terrain_masks/mask_horizontal_edge_small_01.png
Loading resource: res://.godot/imported/mask_horizontal_edge_small_01.png-925c7a67195149bb83a41d96227ef297.ctex remapped: res://.godot/imported/mask_horizontal_edge_small_01.png-925c7a67195149bb83a41d96227ef297.ctex
Completed load for: 'res://assets/overworld/terrain_masks/mask_horizontal_edge_small_01.png' remapped 'res://assets/overworld/terrain_masks/mask_horizontal_edge_small_01.png' at thread -1
Loading resource: res://assets/overworld/terrain_masks/mask_horizontal_edge_small_04.png remapped: res://assets/overworld/terrain_masks/mask_horizontal_edge_small_04.png
Loading resource: res://.godot/imported/mask_horizontal_edge_small_04.png-f6eb9f7dd81706a6c39aef25ebafe884.ctex remapped: res://.godot/imported/mask_horizontal_edge_small_04.png-f6eb9f7dd81706a6c39aef25ebafe884.ctex
Completed load for: 'res://assets/overworld/terrain_masks/mask_horizontal_edge_small_04.png' remapped 'res://assets/overworld/terrain_masks/mask_horizontal_edge_small_04.png' at thread -1
Loading resource: res://assets/overworld/terrain_masks/mask_horizontal_edge_small_04.png remapped: res://assets/overworld/terrain_masks/mask_horizontal_edge_small_04.png
Loading resource: res://.godot/imported/mask_horizontal_edge_small_04.png-f6eb9f7dd81706a6c39aef25ebafe884.ctex remapped: res://.godot/imported/mask_horizontal_edge_small_04.png-f6eb9f7dd81706a6c39aef25ebafe884.ctex
Completed load for: 'res://assets/overworld/terrain_masks/mask_horizontal_edge_small_04.png' remapped 'res://assets/overworld/terrain_masks/mask_horizontal_edge_small_04.png' at thread -1
Loading resource: res://assets/overworld/terrain_masks/mask_horizontal_edge_small_01.png remapped: res://assets/overworld/terrain_masks/mask_horizontal_edge_small_01.png
Loading resource: res://.godot/imported/mask_horizontal_edge_small_01.png-925c7a67195149bb83a41d96227ef297.ctex remapped: res://.godot/imported/mask_horizontal_edge_small_01.png-925c7a67195149bb83a41d96227ef297.ctex
Completed load for: 'res://assets/overworld/terrain_masks/mask_horizontal_edge_small_01.png' remapped 'res://assets/overworld/terrain_masks/mask_horizontal_edge_small_01.png' at thread -1
Loading resource: res://assets/overworld/terrain_masks/mask_horizontal_edge_small_01.png remapped: res://assets/overworld/terrain_masks/mask_horizontal_edge_small_01.png
Loading resource: res://.godot/imported/mask_horizontal_edge_small_01.png-925c7a67195149bb83a41d96227ef297.ctex remapped: res://.godot/imported/mask_horizontal_edge_small_01.png-925c7a67195149bb83a41d96227ef297.ctex
Completed load for: 'res://assets/overworld/terrain_masks/mask_horizontal_edge_small_01.png' remapped 'res://assets/overworld/terrain_masks/mask_horizontal_edge_small_01.png' at thread -1
Loading resource: res://assets/overworld/terrain_masks/mask_horizontal_edge_small_02.png remapped: res://assets/overworld/terrain_masks/mask_horizontal_edge_small_02.png
Loading resource: res://.godot/imported/mask_horizontal_edge_small_02.png-61f57c402c9b58e86f60eabe83a6eb85.ctex remapped: res://.godot/imported/mask_horizontal_edge_small_02.png-61f57c402c9b58e86f60eabe83a6eb85.ctex
Completed load for: 'res://assets/overworld/terrain_masks/mask_horizontal_edge_small_02.png' remapped 'res://assets/overworld/terrain_masks/mask_horizontal_edge_small_02.png' at thread -1
Loading resource: res://assets/overworld/terrain_masks/mask_horizontal_edge_small_02.png remapped: res://assets/overworld/terrain_masks/mask_horizontal_edge_small_02.png
Loading resource: res://.godot/imported/mask_horizontal_edge_small_02.png-61f57c402c9b58e86f60eabe83a6eb85.ctex remapped: res://.godot/imported/mask_horizontal_edge_small_02.png-61f57c402c9b58e86f60eabe83a6eb85.ctex
Completed load for: 'res://assets/overworld/terrain_masks/mask_horizontal_edge_small_02.png' remapped 'res://assets/overworld/terrain_masks/mask_horizontal_edge_small_02.png' at thread -1
Loading resource: res://assets/overworld/terrain_masks/mask_horizontal_edge_small_02.png remapped: res://assets/overworld/terrain_masks/mask_horizontal_edge_small_02.png
Loading resource: res://.godot/imported/mask_horizontal_edge_small_02.png-61f57c402c9b58e86f60eabe83a6eb85.ctex remapped: res://.godot/imported/mask_horizontal_edge_small_02.png-61f57c402c9b58e86f60eabe83a6eb85.ctex
Completed load for: 'res://assets/overworld/terrain_masks/mask_horizontal_edge_small_02.png' remapped 'res://assets/overworld/terrain_masks/mask_horizontal_edge_small_02.png' at thread -1
Loading resource: res://assets/overworld/terrain_masks/mask_horizontal_edge_small_02.png remapped: res://assets/overworld/terrain_masks/mask_horizontal_edge_small_02.png
Loading resource: res://.godot/imported/mask_horizontal_edge_small_02.png-61f57c402c9b58e86f60eabe83a6eb85.ctex remapped: res://.godot/imported/mask_horizontal_edge_small_02.png-61f57c402c9b58e86f60eabe83a6eb85.ctex
Completed load for: 'res://assets/overworld/terrain_masks/mask_horizontal_edge_small_02.png' remapped 'res://assets/overworld/terrain_masks/mask_horizontal_edge_small_02.png' at thread -1
Loading resource: res://assets/overworld/terrain_masks/mask_horizontal_edge_small_02.png remapped: res://assets/overworld/terrain_masks/mask_horizontal_edge_small_02.png
Loading resource: res://.godot/imported/mask_horizontal_edge_small_02.png-61f57c402c9b58e86f60eabe83a6eb85.ctex remapped: res://.godot/imported/mask_horizontal_edge_small_02.png-61f57c402c9b58e86f60eabe83a6eb85.ctex
Completed load for: 'res://assets/overworld/terrain_masks/mask_horizontal_edge_small_02.png' remapped 'res://assets/overworld/terrain_masks/mask_horizontal_edge_small_02.png' at thread -1
Loading resource: res://assets/overworld/terrain_masks/mask_horizontal_edge_small_02.png remapped: res://assets/overworld/terrain_masks/mask_horizontal_edge_small_02.png
Loading resource: res://.godot/imported/mask_horizontal_edge_small_02.png-61f57c402c9b58e86f60eabe83a6eb85.ctex remapped: res://.godot/imported/mask_horizontal_edge_small_02.png-61f57c402c9b58e86f60eabe83a6eb85.ctex
Completed load for: 'res://assets/overworld/terrain_masks/mask_horizontal_edge_small_02.png' remapped 'res://assets/overworld/terrain_masks/mask_horizontal_edge_small_02.png' at thread -1
Loading resource: res://assets/overworld/terrain_masks/mask_horizontal_edge_small_02.png remapped: res://assets/overworld/terrain_masks/mask_horizontal_edge_small_02.png
Loading resource: res://.godot/imported/mask_horizontal_edge_small_02.png-61f57c402c9b58e86f60eabe83a6eb85.ctex remapped: res://.godot/imported/mask_horizontal_edge_small_02.png-61f57c402c9b58e86f60eabe83a6eb85.ctex
Completed load for: 'res://assets/overworld/terrain_masks/mask_horizontal_edge_small_02.png' remapped 'res://assets/overworld/terrain_masks/mask_horizontal_edge_small_02.png' at thread -1
Loading resource: res://assets/overworld/terrain_masks/mask_horizontal_edge_small_02.png remapped: res://assets/overworld/terrain_masks/mask_horizontal_edge_small_02.png
Loading resource: res://.godot/imported/mask_horizontal_edge_small_02.png-61f57c402c9b58e86f60eabe83a6eb85.ctex remapped: res://.godot/imported/mask_horizontal_edge_small_02.png-61f57c402c9b58e86f60eabe83a6eb85.ctex
Completed load for: 'res://assets/overworld/terrain_masks/mask_horizontal_edge_small_02.png' remapped 'res://assets/overworld/terrain_masks/mask_horizontal_edge_small_02.png' at thread -1
Loading resource: res://assets/overworld/terrain_masks/mask_horizontal_edge_small_03.png remapped: res://assets/overworld/terrain_masks/mask_horizontal_edge_small_03.png
Loading resource: res://.godot/imported/mask_horizontal_edge_small_03.png-2d3a294dad3e365ea5b1d80f8273cb53.ctex remapped: res://.godot/imported/mask_horizontal_edge_small_03.png-2d3a294dad3e365ea5b1d80f8273cb53.ctex
Completed load for: 'res://assets/overworld/terrain_masks/mask_horizontal_edge_small_03.png' remapped 'res://assets/overworld/terrain_masks/mask_horizontal_edge_small_03.png' at thread -1
Loading resource: res://assets/overworld/terrain_masks/mask_horizontal_edge_small_03.png remapped: res://assets/overworld/terrain_masks/mask_horizontal_edge_small_03.png
Loading resource: res://.godot/imported/mask_horizontal_edge_small_03.png-2d3a294dad3e365ea5b1d80f8273cb53.ctex remapped: res://.godot/imported/mask_horizontal_edge_small_03.png-2d3a294dad3e365ea5b1d80f8273cb53.ctex
Completed load for: 'res://assets/overworld/terrain_masks/mask_horizontal_edge_small_03.png' remapped 'res://assets/overworld/terrain_masks/mask_horizontal_edge_small_03.png' at thread -1
Loading resource: res://assets/overworld/terrain_masks/mask_horizontal_edge_small_04.png remapped: res://assets/overworld/terrain_masks/mask_horizontal_edge_small_04.png
Loading resource: res://.godot/imported/mask_horizontal_edge_small_04.png-f6eb9f7dd81706a6c39aef25ebafe884.ctex remapped: res://.godot/imported/mask_horizontal_edge_small_04.png-f6eb9f7dd81706a6c39aef25ebafe884.ctex
Completed load for: 'res://assets/overworld/terrain_masks/mask_horizontal_edge_small_04.png' remapped 'res://assets/overworld/terrain_masks/mask_horizontal_edge_small_04.png' at thread -1
Loading resource: res://assets/overworld/terrain_masks/mask_horizontal_edge_small_04.png remapped: res://assets/overworld/terrain_masks/mask_horizontal_edge_small_04.png
Loading resource: res://.godot/imported/mask_horizontal_edge_small_04.png-f6eb9f7dd81706a6c39aef25ebafe884.ctex remapped: res://.godot/imported/mask_horizontal_edge_small_04.png-f6eb9f7dd81706a6c39aef25ebafe884.ctex
Completed load for: 'res://assets/overworld/terrain_masks/mask_horizontal_edge_small_04.png' remapped 'res://assets/overworld/terrain_masks/mask_horizontal_edge_small_04.png' at thread -1
Loading resource: res://assets/overworld/terrain_masks/mask_horizontal_edge_small_03.png remapped: res://assets/overworld/terrain_masks/mask_horizontal_edge_small_03.png
Loading resource: res://.godot/imported/mask_horizontal_edge_small_03.png-2d3a294dad3e365ea5b1d80f8273cb53.ctex remapped: res://.godot/imported/mask_horizontal_edge_small_03.png-2d3a294dad3e365ea5b1d80f8273cb53.ctex
Completed load for: 'res://assets/overworld/terrain_masks/mask_horizontal_edge_small_03.png' remapped 'res://assets/overworld/terrain_masks/mask_horizontal_edge_small_03.png' at thread -1
Loading resource: res://assets/overworld/terrain_masks/mask_horizontal_edge_small_03.png remapped: res://assets/overworld/terrain_masks/mask_horizontal_edge_small_03.png
Loading resource: res://.godot/imported/mask_horizontal_edge_small_03.png-2d3a294dad3e365ea5b1d80f8273cb53.ctex remapped: res://.godot/imported/mask_horizontal_edge_small_03.png-2d3a294dad3e365ea5b1d80f8273cb53.ctex
Completed load for: 'res://assets/overworld/terrain_masks/mask_horizontal_edge_small_03.png' remapped 'res://assets/overworld/terrain_masks/mask_horizontal_edge_small_03.png' at thread -1
Loading resource: res://assets/overworld/terrain_masks/mask_horizontal_edge_small_04.png remapped: res://assets/overworld/terrain_masks/mask_horizontal_edge_small_04.png
Loading resource: res://.godot/imported/mask_horizontal_edge_small_04.png-f6eb9f7dd81706a6c39aef25ebafe884.ctex remapped: res://.godot/imported/mask_horizontal_edge_small_04.png-f6eb9f7dd81706a6c39aef25ebafe884.ctex
Completed load for: 'res://assets/overworld/terrain_masks/mask_horizontal_edge_small_04.png' remapped 'res://assets/overworld/terrain_masks/mask_horizontal_edge_small_04.png' at thread -1
Loading resource: res://assets/overworld/terrain_masks/mask_horizontal_edge_small_04.png remapped: res://assets/overworld/terrain_masks/mask_horizontal_edge_small_04.png
Loading resource: res://.godot/imported/mask_horizontal_edge_small_04.png-f6eb9f7dd81706a6c39aef25ebafe884.ctex remapped: res://.godot/imported/mask_horizontal_edge_small_04.png-f6eb9f7dd81706a6c39aef25ebafe884.ctex
Completed load for: 'res://assets/overworld/terrain_masks/mask_horizontal_edge_small_04.png' remapped 'res://assets/overworld/terrain_masks/mask_horizontal_edge_small_04.png' at thread -1
Loading resource: res://assets/overworld/terrain_masks/mask_horizontal_edge_small_03.png remapped: res://assets/overworld/terrain_masks/mask_horizontal_edge_small_03.png
Loading resource: res://.godot/imported/mask_horizontal_edge_small_03.png-2d3a294dad3e365ea5b1d80f8273cb53.ctex remapped: res://.godot/imported/mask_horizontal_edge_small_03.png-2d3a294dad3e365ea5b1d80f8273cb53.ctex
Completed load for: 'res://assets/overworld/terrain_masks/mask_horizontal_edge_small_03.png' remapped 'res://assets/overworld/terrain_masks/mask_horizontal_edge_small_03.png' at thread -1
Loading resource: res://assets/overworld/terrain_masks/mask_horizontal_edge_small_03.png remapped: res://assets/overworld/terrain_masks/mask_horizontal_edge_small_03.png
Loading resource: res://.godot/imported/mask_horizontal_edge_small_03.png-2d3a294dad3e365ea5b1d80f8273cb53.ctex remapped: res://.godot/imported/mask_horizontal_edge_small_03.png-2d3a294dad3e365ea5b1d80f8273cb53.ctex
Completed load for: 'res://assets/overworld/terrain_masks/mask_horizontal_edge_small_03.png' remapped 'res://assets/overworld/terrain_masks/mask_horizontal_edge_small_03.png' at thread -1
Loading resource: res://assets/overworld/terrain_masks/mask_horizontal_edge_small_04.png remapped: res://assets/overworld/terrain_masks/mask_horizontal_edge_small_04.png
Loading resource: res://.godot/imported/mask_horizontal_edge_small_04.png-f6eb9f7dd81706a6c39aef25ebafe884.ctex remapped: res://.godot/imported/mask_horizontal_edge_small_04.png-f6eb9f7dd81706a6c39aef25ebafe884.ctex
Completed load for: 'res://assets/overworld/terrain_masks/mask_horizontal_edge_small_04.png' remapped 'res://assets/overworld/terrain_masks/mask_horizontal_edge_small_04.png' at thread -1
Loading resource: res://assets/overworld/terrain_masks/mask_horizontal_edge_small_04.png remapped: res://assets/overworld/terrain_masks/mask_horizontal_edge_small_04.png
Loading resource: res://.godot/imported/mask_horizontal_edge_small_04.png-f6eb9f7dd81706a6c39aef25ebafe884.ctex remapped: res://.godot/imported/mask_horizontal_edge_small_04.png-f6eb9f7dd81706a6c39aef25ebafe884.ctex
Completed load for: 'res://assets/overworld/terrain_masks/mask_horizontal_edge_small_04.png' remapped 'res://assets/overworld/terrain_masks/mask_horizontal_edge_small_04.png' at thread -1
Loading resource: res://assets/overworld/terrain_masks/mask_horizontal_edge_small_03.png remapped: res://assets/overworld/terrain_masks/mask_horizontal_edge_small_03.png
Loading resource: res://.godot/imported/mask_horizontal_edge_small_03.png-2d3a294dad3e365ea5b1d80f8273cb53.ctex remapped: res://.godot/imported/mask_horizontal_edge_small_03.png-2d3a294dad3e365ea5b1d80f8273cb53.ctex
Completed load for: 'res://assets/overworld/terrain_masks/mask_horizontal_edge_small_03.png' remapped 'res://assets/overworld/terrain_masks/mask_horizontal_edge_small_03.png' at thread -1
Loading resource: res://assets/overworld/terrain_masks/mask_horizontal_edge_small_03.png remapped: res://assets/overworld/terrain_masks/mask_horizontal_edge_small_03.png
Loading resource: res://.godot/imported/mask_horizontal_edge_small_03.png-2d3a294dad3e365ea5b1d80f8273cb53.ctex remapped: res://.godot/imported/mask_horizontal_edge_small_03.png-2d3a294dad3e365ea5b1d80f8273cb53.ctex
Completed load for: 'res://assets/overworld/terrain_masks/mask_horizontal_edge_small_03.png' remapped 'res://assets/overworld/terrain_masks/mask_horizontal_edge_small_03.png' at thread -1
Loading resource: res://assets/overworld/terrain_masks/mask_horizontal_edge_small_04.png remapped: res://assets/overworld/terrain_masks/mask_horizontal_edge_small_04.png
Loading resource: res://.godot/imported/mask_horizontal_edge_small_04.png-f6eb9f7dd81706a6c39aef25ebafe884.ctex remapped: res://.godot/imported/mask_horizontal_edge_small_04.png-f6eb9f7dd81706a6c39aef25ebafe884.ctex
Completed load for: 'res://assets/overworld/terrain_masks/mask_horizontal_edge_small_04.png' remapped 'res://assets/overworld/terrain_masks/mask_horizontal_edge_small_04.png' at thread -1
Loading resource: res://assets/overworld/terrain_masks/mask_horizontal_edge_small_04.png remapped: res://assets/overworld/terrain_masks/mask_horizontal_edge_small_04.png
Loading resource: res://.godot/imported/mask_horizontal_edge_small_04.png-f6eb9f7dd81706a6c39aef25ebafe884.ctex remapped: res://.godot/imported/mask_horizontal_edge_small_04.png-f6eb9f7dd81706a6c39aef25ebafe884.ctex
Completed load for: 'res://assets/overworld/terrain_masks/mask_horizontal_edge_small_04.png' remapped 'res://assets/overworld/terrain_masks/mask_horizontal_edge_small_04.png' at thread -1
Loading resource: res://assets/overworld/terrain_masks/mask_corner_a_dominant_00.png remapped: res://assets/overworld/terrain_masks/mask_corner_a_dominant_00.png
Loading resource: res://.godot/imported/mask_corner_a_dominant_00.png-426a5c6fbd50f9b4141f6e1c0de6309a.ctex remapped: res://.godot/imported/mask_corner_a_dominant_00.png-426a5c6fbd50f9b4141f6e1c0de6309a.ctex
Completed load for: 'res://assets/overworld/terrain_masks/mask_corner_a_dominant_00.png' remapped 'res://assets/overworld/terrain_masks/mask_corner_a_dominant_00.png' at thread -1
Loading resource: res://assets/overworld/terrain_masks/mask_corner_a_dominant_00.png remapped: res://assets/overworld/terrain_masks/mask_corner_a_dominant_00.png
Loading resource: res://.godot/imported/mask_corner_a_dominant_00.png-426a5c6fbd50f9b4141f6e1c0de6309a.ctex remapped: res://.godot/imported/mask_corner_a_dominant_00.png-426a5c6fbd50f9b4141f6e1c0de6309a.ctex
Completed load for: 'res://assets/overworld/terrain_masks/mask_corner_a_dominant_00.png' remapped 'res://assets/overworld/terrain_masks/mask_corner_a_dominant_00.png' at thread -1
Loading resource: res://assets/overworld/terrain_masks/mask_horizontal_edge_small_00.png remapped: res://assets/overworld/terrain_masks/mask_horizontal_edge_small_00.png
Loading resource: res://.godot/imported/mask_horizontal_edge_small_00.png-c41d7ae1dd8b3c349c09d5890e2d0d16.ctex remapped: res://.godot/imported/mask_horizontal_edge_small_00.png-c41d7ae1dd8b3c349c09d5890e2d0d16.ctex
Completed load for: 'res://assets/overworld/terrain_masks/mask_horizontal_edge_small_00.png' remapped 'res://assets/overworld/terrain_masks/mask_horizontal_edge_small_00.png' at thread -1
Loading resource: res://assets/overworld/terrain_masks/mask_horizontal_edge_small_00.png remapped: res://assets/overworld/terrain_masks/mask_horizontal_edge_small_00.png
Loading resource: res://.godot/imported/mask_horizontal_edge_small_00.png-c41d7ae1dd8b3c349c09d5890e2d0d16.ctex remapped: res://.godot/imported/mask_horizontal_edge_small_00.png-c41d7ae1dd8b3c349c09d5890e2d0d16.ctex
Completed load for: 'res://assets/overworld/terrain_masks/mask_horizontal_edge_small_00.png' remapped 'res://assets/overworld/terrain_masks/mask_horizontal_edge_small_00.png' at thread -1
Loading resource: res://assets/overworld/terrain_masks/mask_corner_a_dominant_00.png remapped: res://assets/overworld/terrain_masks/mask_corner_a_dominant_00.png
Loading resource: res://.godot/imported/mask_corner_a_dominant_00.png-426a5c6fbd50f9b4141f6e1c0de6309a.ctex remapped: res://.godot/imported/mask_corner_a_dominant_00.png-426a5c6fbd50f9b4141f6e1c0de6309a.ctex
Completed load for: 'res://assets/overworld/terrain_masks/mask_corner_a_dominant_00.png' remapped 'res://assets/overworld/terrain_masks/mask_corner_a_dominant_00.png' at thread -1
Loading resource: res://assets/overworld/terrain_masks/mask_corner_a_dominant_00.png remapped: res://assets/overworld/terrain_masks/mask_corner_a_dominant_00.png
Loading resource: res://.godot/imported/mask_corner_a_dominant_00.png-426a5c6fbd50f9b4141f6e1c0de6309a.ctex remapped: res://.godot/imported/mask_corner_a_dominant_00.png-426a5c6fbd50f9b4141f6e1c0de6309a.ctex
Completed load for: 'res://assets/overworld/terrain_masks/mask_corner_a_dominant_00.png' remapped 'res://assets/overworld/terrain_masks/mask_corner_a_dominant_00.png' at thread -1
Loading resource: res://assets/overworld/terrain_masks/mask_horizontal_edge_small_00.png remapped: res://assets/overworld/terrain_masks/mask_horizontal_edge_small_00.png
Loading resource: res://.godot/imported/mask_horizontal_edge_small_00.png-c41d7ae1dd8b3c349c09d5890e2d0d16.ctex remapped: res://.godot/imported/mask_horizontal_edge_small_00.png-c41d7ae1dd8b3c349c09d5890e2d0d16.ctex
Completed load for: 'res://assets/overworld/terrain_masks/mask_horizontal_edge_small_00.png' remapped 'res://assets/overworld/terrain_masks/mask_horizontal_edge_small_00.png' at thread -1
Loading resource: res://assets/overworld/terrain_masks/mask_horizontal_edge_small_00.png remapped: res://assets/overworld/terrain_masks/mask_horizontal_edge_small_00.png
Loading resource: res://.godot/imported/mask_horizontal_edge_small_00.png-c41d7ae1dd8b3c349c09d5890e2d0d16.ctex remapped: res://.godot/imported/mask_horizontal_edge_small_00.png-c41d7ae1dd8b3c349c09d5890e2d0d16.ctex
Completed load for: 'res://assets/overworld/terrain_masks/mask_horizontal_edge_small_00.png' remapped 'res://assets/overworld/terrain_masks/mask_horizontal_edge_small_00.png' at thread -1
Loading resource: res://assets/overworld/terrain_masks/mask_corner_a_dominant_00.png remapped: res://assets/overworld/terrain_masks/mask_corner_a_dominant_00.png
Loading resource: res://.godot/imported/mask_corner_a_dominant_00.png-426a5c6fbd50f9b4141f6e1c0de6309a.ctex remapped: res://.godot/imported/mask_corner_a_dominant_00.png-426a5c6fbd50f9b4141f6e1c0de6309a.ctex
Completed load for: 'res://assets/overworld/terrain_masks/mask_corner_a_dominant_00.png' remapped 'res://assets/overworld/terrain_masks/mask_corner_a_dominant_00.png' at thread -1
Loading resource: res://assets/overworld/terrain_masks/mask_corner_a_dominant_00.png remapped: res://assets/overworld/terrain_masks/mask_corner_a_dominant_00.png
Loading resource: res://.godot/imported/mask_corner_a_dominant_00.png-426a5c6fbd50f9b4141f6e1c0de6309a.ctex remapped: res://.godot/imported/mask_corner_a_dominant_00.png-426a5c6fbd50f9b4141f6e1c0de6309a.ctex
Completed load for: 'res://assets/overworld/terrain_masks/mask_corner_a_dominant_00.png' remapped 'res://assets/overworld/terrain_masks/mask_corner_a_dominant_00.png' at thread -1
Loading resource: res://assets/overworld/terrain_masks/mask_horizontal_edge_small_00.png remapped: res://assets/overworld/terrain_masks/mask_horizontal_edge_small_00.png
Loading resource: res://.godot/imported/mask_horizontal_edge_small_00.png-c41d7ae1dd8b3c349c09d5890e2d0d16.ctex remapped: res://.godot/imported/mask_horizontal_edge_small_00.png-c41d7ae1dd8b3c349c09d5890e2d0d16.ctex
Completed load for: 'res://assets/overworld/terrain_masks/mask_horizontal_edge_small_00.png' remapped 'res://assets/overworld/terrain_masks/mask_horizontal_edge_small_00.png' at thread -1
Loading resource: res://assets/overworld/terrain_masks/mask_horizontal_edge_small_00.png remapped: res://assets/overworld/terrain_masks/mask_horizontal_edge_small_00.png
Loading resource: res://.godot/imported/mask_horizontal_edge_small_00.png-c41d7ae1dd8b3c349c09d5890e2d0d16.ctex remapped: res://.godot/imported/mask_horizontal_edge_small_00.png-c41d7ae1dd8b3c349c09d5890e2d0d16.ctex
Completed load for: 'res://assets/overworld/terrain_masks/mask_horizontal_edge_small_00.png' remapped 'res://assets/overworld/terrain_masks/mask_horizontal_edge_small_00.png' at thread -1
Loading resource: res://assets/overworld/terrain_masks/mask_corner_a_dominant_00.png remapped: res://assets/overworld/terrain_masks/mask_corner_a_dominant_00.png
Loading resource: res://.godot/imported/mask_corner_a_dominant_00.png-426a5c6fbd50f9b4141f6e1c0de6309a.ctex remapped: res://.godot/imported/mask_corner_a_dominant_00.png-426a5c6fbd50f9b4141f6e1c0de6309a.ctex
Completed load for: 'res://assets/overworld/terrain_masks/mask_corner_a_dominant_00.png' remapped 'res://assets/overworld/terrain_masks/mask_corner_a_dominant_00.png' at thread -1
Loading resource: res://assets/overworld/terrain_masks/mask_corner_a_dominant_00.png remapped: res://assets/overworld/terrain_masks/mask_corner_a_dominant_00.png
Loading resource: res://.godot/imported/mask_corner_a_dominant_00.png-426a5c6fbd50f9b4141f6e1c0de6309a.ctex remapped: res://.godot/imported/mask_corner_a_dominant_00.png-426a5c6fbd50f9b4141f6e1c0de6309a.ctex
Completed load for: 'res://assets/overworld/terrain_masks/mask_corner_a_dominant_00.png' remapped 'res://assets/overworld/terrain_masks/mask_corner_a_dominant_00.png' at thread -1
Loading resource: res://assets/overworld/terrain_masks/mask_horizontal_edge_small_00.png remapped: res://assets/overworld/terrain_masks/mask_horizontal_edge_small_00.png
Loading resource: res://.godot/imported/mask_horizontal_edge_small_00.png-c41d7ae1dd8b3c349c09d5890e2d0d16.ctex remapped: res://.godot/imported/mask_horizontal_edge_small_00.png-c41d7ae1dd8b3c349c09d5890e2d0d16.ctex
Completed load for: 'res://assets/overworld/terrain_masks/mask_horizontal_edge_small_00.png' remapped 'res://assets/overworld/terrain_masks/mask_horizontal_edge_small_00.png' at thread -1
Loading resource: res://assets/overworld/terrain_masks/mask_horizontal_edge_small_00.png remapped: res://assets/overworld/terrain_masks/mask_horizontal_edge_small_00.png
Loading resource: res://.godot/imported/mask_horizontal_edge_small_00.png-c41d7ae1dd8b3c349c09d5890e2d0d16.ctex remapped: res://.godot/imported/mask_horizontal_edge_small_00.png-c41d7ae1dd8b3c349c09d5890e2d0d16.ctex
Completed load for: 'res://assets/overworld/terrain_masks/mask_horizontal_edge_small_00.png' remapped 'res://assets/overworld/terrain_masks/mask_horizontal_edge_small_00.png' at thread -1
Loading resource: res://assets/overworld/terrain_masks/mask_corner_a_dominant_04.png remapped: res://assets/overworld/terrain_masks/mask_corner_a_dominant_04.png
Loading resource: res://.godot/imported/mask_corner_a_dominant_04.png-175fe2636a4db009da04374f7221d973.ctex remapped: res://.godot/imported/mask_corner_a_dominant_04.png-175fe2636a4db009da04374f7221d973.ctex
Completed load for: 'res://assets/overworld/terrain_masks/mask_corner_a_dominant_04.png' remapped 'res://assets/overworld/terrain_masks/mask_corner_a_dominant_04.png' at thread -1
Loading resource: res://assets/overworld/terrain_masks/mask_corner_a_dominant_04.png remapped: res://assets/overworld/terrain_masks/mask_corner_a_dominant_04.png
Loading resource: res://.godot/imported/mask_corner_a_dominant_04.png-175fe2636a4db009da04374f7221d973.ctex remapped: res://.godot/imported/mask_corner_a_dominant_04.png-175fe2636a4db009da04374f7221d973.ctex
Completed load for: 'res://assets/overworld/terrain_masks/mask_corner_a_dominant_04.png' remapped 'res://assets/overworld/terrain_masks/mask_corner_a_dominant_04.png' at thread -1
Loading resource: res://assets/overworld/terrain_masks/mask_horizontal_edge_small_03.png remapped: res://assets/overworld/terrain_masks/mask_horizontal_edge_small_03.png
Loading resource: res://.godot/imported/mask_horizontal_edge_small_03.png-2d3a294dad3e365ea5b1d80f8273cb53.ctex remapped: res://.godot/imported/mask_horizontal_edge_small_03.png-2d3a294dad3e365ea5b1d80f8273cb53.ctex
Completed load for: 'res://assets/overworld/terrain_masks/mask_horizontal_edge_small_03.png' remapped 'res://assets/overworld/terrain_masks/mask_horizontal_edge_small_03.png' at thread -1
Loading resource: res://assets/overworld/terrain_masks/mask_horizontal_edge_small_03.png remapped: res://assets/overworld/terrain_masks/mask_horizontal_edge_small_03.png
Loading resource: res://.godot/imported/mask_horizontal_edge_small_03.png-2d3a294dad3e365ea5b1d80f8273cb53.ctex remapped: res://.godot/imported/mask_horizontal_edge_small_03.png-2d3a294dad3e365ea5b1d80f8273cb53.ctex
Completed load for: 'res://assets/overworld/terrain_masks/mask_horizontal_edge_small_03.png' remapped 'res://assets/overworld/terrain_masks/mask_horizontal_edge_small_03.png' at thread -1
Loading resource: res://assets/overworld/terrain_masks/mask_vertical_edge_small_02.png remapped: res://assets/overworld/terrain_masks/mask_vertical_edge_small_02.png
Loading resource: res://.godot/imported/mask_vertical_edge_small_02.png-9180eb89955eaa2ca72016667bc9a4f2.ctex remapped: res://.godot/imported/mask_vertical_edge_small_02.png-9180eb89955eaa2ca72016667bc9a4f2.ctex
Completed load for: 'res://assets/overworld/terrain_masks/mask_vertical_edge_small_02.png' remapped 'res://assets/overworld/terrain_masks/mask_vertical_edge_small_02.png' at thread -1
Loading resource: res://assets/overworld/terrain_masks/mask_vertical_edge_small_02.png remapped: res://assets/overworld/terrain_masks/mask_vertical_edge_small_02.png
Loading resource: res://.godot/imported/mask_vertical_edge_small_02.png-9180eb89955eaa2ca72016667bc9a4f2.ctex remapped: res://.godot/imported/mask_vertical_edge_small_02.png-9180eb89955eaa2ca72016667bc9a4f2.ctex
Completed load for: 'res://assets/overworld/terrain_masks/mask_vertical_edge_small_02.png' remapped 'res://assets/overworld/terrain_masks/mask_vertical_edge_small_02.png' at thread -1
Loading resource: res://assets/overworld/terrain_masks/mask_corner_a_dominant_04.png remapped: res://assets/overworld/terrain_masks/mask_corner_a_dominant_04.png
Loading resource: res://.godot/imported/mask_corner_a_dominant_04.png-175fe2636a4db009da04374f7221d973.ctex remapped: res://.godot/imported/mask_corner_a_dominant_04.png-175fe2636a4db009da04374f7221d973.ctex
Completed load for: 'res://assets/overworld/terrain_masks/mask_corner_a_dominant_04.png' remapped 'res://assets/overworld/terrain_masks/mask_corner_a_dominant_04.png' at thread -1
Loading resource: res://assets/overworld/terrain_masks/mask_corner_a_dominant_04.png remapped: res://assets/overworld/terrain_masks/mask_corner_a_dominant_04.png
Loading resource: res://.godot/imported/mask_corner_a_dominant_04.png-175fe2636a4db009da04374f7221d973.ctex remapped: res://.godot/imported/mask_corner_a_dominant_04.png-175fe2636a4db009da04374f7221d973.ctex
Completed load for: 'res://assets/overworld/terrain_masks/mask_corner_a_dominant_04.png' remapped 'res://assets/overworld/terrain_masks/mask_corner_a_dominant_04.png' at thread -1
Loading resource: res://assets/overworld/terrain_masks/mask_horizontal_edge_small_03.png remapped: res://assets/overworld/terrain_masks/mask_horizontal_edge_small_03.png
Loading resource: res://.godot/imported/mask_horizontal_edge_small_03.png-2d3a294dad3e365ea5b1d80f8273cb53.ctex remapped: res://.godot/imported/mask_horizontal_edge_small_03.png-2d3a294dad3e365ea5b1d80f8273cb53.ctex
Completed load for: 'res://assets/overworld/terrain_masks/mask_horizontal_edge_small_03.png' remapped 'res://assets/overworld/terrain_masks/mask_horizontal_edge_small_03.png' at thread -1
Loading resource: res://assets/overworld/terrain_masks/mask_horizontal_edge_small_03.png remapped: res://assets/overworld/terrain_masks/mask_horizontal_edge_small_03.png
Loading resource: res://.godot/imported/mask_horizontal_edge_small_03.png-2d3a294dad3e365ea5b1d80f8273cb53.ctex remapped: res://.godot/imported/mask_horizontal_edge_small_03.png-2d3a294dad3e365ea5b1d80f8273cb53.ctex
Completed load for: 'res://assets/overworld/terrain_masks/mask_horizontal_edge_small_03.png' remapped 'res://assets/overworld/terrain_masks/mask_horizontal_edge_small_03.png' at thread -1
Loading resource: res://assets/overworld/terrain_masks/mask_vertical_edge_small_02.png remapped: res://assets/overworld/terrain_masks/mask_vertical_edge_small_02.png
Loading resource: res://.godot/imported/mask_vertical_edge_small_02.png-9180eb89955eaa2ca72016667bc9a4f2.ctex remapped: res://.godot/imported/mask_vertical_edge_small_02.png-9180eb89955eaa2ca72016667bc9a4f2.ctex
Completed load for: 'res://assets/overworld/terrain_masks/mask_vertical_edge_small_02.png' remapped 'res://assets/overworld/terrain_masks/mask_vertical_edge_small_02.png' at thread -1
Loading resource: res://assets/overworld/terrain_masks/mask_vertical_edge_small_02.png remapped: res://assets/overworld/terrain_masks/mask_vertical_edge_small_02.png
Loading resource: res://.godot/imported/mask_vertical_edge_small_02.png-9180eb89955eaa2ca72016667bc9a4f2.ctex remapped: res://.godot/imported/mask_vertical_edge_small_02.png-9180eb89955eaa2ca72016667bc9a4f2.ctex
Completed load for: 'res://assets/overworld/terrain_masks/mask_vertical_edge_small_02.png' remapped 'res://assets/overworld/terrain_masks/mask_vertical_edge_small_02.png' at thread -1
Loading resource: res://assets/overworld/terrain_masks/mask_corner_a_dominant_04.png remapped: res://assets/overworld/terrain_masks/mask_corner_a_dominant_04.png
Loading resource: res://.godot/imported/mask_corner_a_dominant_04.png-175fe2636a4db009da04374f7221d973.ctex remapped: res://.godot/imported/mask_corner_a_dominant_04.png-175fe2636a4db009da04374f7221d973.ctex
Completed load for: 'res://assets/overworld/terrain_masks/mask_corner_a_dominant_04.png' remapped 'res://assets/overworld/terrain_masks/mask_corner_a_dominant_04.png' at thread -1
Loading resource: res://assets/overworld/terrain_masks/mask_corner_a_dominant_04.png remapped: res://assets/overworld/terrain_masks/mask_corner_a_dominant_04.png
Loading resource: res://.godot/imported/mask_corner_a_dominant_04.png-175fe2636a4db009da04374f7221d973.ctex remapped: res://.godot/imported/mask_corner_a_dominant_04.png-175fe2636a4db009da04374f7221d973.ctex
Completed load for: 'res://assets/overworld/terrain_masks/mask_corner_a_dominant_04.png' remapped 'res://assets/overworld/terrain_masks/mask_corner_a_dominant_04.png' at thread -1
Loading resource: res://assets/overworld/terrain_masks/mask_horizontal_edge_small_03.png remapped: res://assets/overworld/terrain_masks/mask_horizontal_edge_small_03.png
Loading resource: res://.godot/imported/mask_horizontal_edge_small_03.png-2d3a294dad3e365ea5b1d80f8273cb53.ctex remapped: res://.godot/imported/mask_horizontal_edge_small_03.png-2d3a294dad3e365ea5b1d80f8273cb53.ctex
Completed load for: 'res://assets/overworld/terrain_masks/mask_horizontal_edge_small_03.png' remapped 'res://assets/overworld/terrain_masks/mask_horizontal_edge_small_03.png' at thread -1
Loading resource: res://assets/overworld/terrain_masks/mask_horizontal_edge_small_03.png remapped: res://assets/overworld/terrain_masks/mask_horizontal_edge_small_03.png
Loading resource: res://.godot/imported/mask_horizontal_edge_small_03.png-2d3a294dad3e365ea5b1d80f8273cb53.ctex remapped: res://.godot/imported/mask_horizontal_edge_small_03.png-2d3a294dad3e365ea5b1d80f8273cb53.ctex
Completed load for: 'res://assets/overworld/terrain_masks/mask_horizontal_edge_small_03.png' remapped 'res://assets/overworld/terrain_masks/mask_horizontal_edge_small_03.png' at thread -1
Loading resource: res://assets/overworld/terrain_masks/mask_vertical_edge_small_02.png remapped: res://assets/overworld/terrain_masks/mask_vertical_edge_small_02.png
Loading resource: res://.godot/imported/mask_vertical_edge_small_02.png-9180eb89955eaa2ca72016667bc9a4f2.ctex remapped: res://.godot/imported/mask_vertical_edge_small_02.png-9180eb89955eaa2ca72016667bc9a4f2.ctex
Completed load for: 'res://assets/overworld/terrain_masks/mask_vertical_edge_small_02.png' remapped 'res://assets/overworld/terrain_masks/mask_vertical_edge_small_02.png' at thread -1
Loading resource: res://assets/overworld/terrain_masks/mask_vertical_edge_small_02.png remapped: res://assets/overworld/terrain_masks/mask_vertical_edge_small_02.png
Loading resource: res://.godot/imported/mask_vertical_edge_small_02.png-9180eb89955eaa2ca72016667bc9a4f2.ctex remapped: res://.godot/imported/mask_vertical_edge_small_02.png-9180eb89955eaa2ca72016667bc9a4f2.ctex
Completed load for: 'res://assets/overworld/terrain_masks/mask_vertical_edge_small_02.png' remapped 'res://assets/overworld/terrain_masks/mask_vertical_edge_small_02.png' at thread -1
Loading resource: res://assets/overworld/terrain_masks/mask_corner_a_dominant_04.png remapped: res://assets/overworld/terrain_masks/mask_corner_a_dominant_04.png
Loading resource: res://.godot/imported/mask_corner_a_dominant_04.png-175fe2636a4db009da04374f7221d973.ctex remapped: res://.godot/imported/mask_corner_a_dominant_04.png-175fe2636a4db009da04374f7221d973.ctex
Completed load for: 'res://assets/overworld/terrain_masks/mask_corner_a_dominant_04.png' remapped 'res://assets/overworld/terrain_masks/mask_corner_a_dominant_04.png' at thread -1
Loading resource: res://assets/overworld/terrain_masks/mask_corner_a_dominant_04.png remapped: res://assets/overworld/terrain_masks/mask_corner_a_dominant_04.png
Loading resource: res://.godot/imported/mask_corner_a_dominant_04.png-175fe2636a4db009da04374f7221d973.ctex remapped: res://.godot/imported/mask_corner_a_dominant_04.png-175fe2636a4db009da04374f7221d973.ctex
Completed load for: 'res://assets/overworld/terrain_masks/mask_corner_a_dominant_04.png' remapped 'res://assets/overworld/terrain_masks/mask_corner_a_dominant_04.png' at thread -1
Loading resource: res://assets/overworld/terrain_masks/mask_horizontal_edge_small_03.png remapped: res://assets/overworld/terrain_masks/mask_horizontal_edge_small_03.png
Loading resource: res://.godot/imported/mask_horizontal_edge_small_03.png-2d3a294dad3e365ea5b1d80f8273cb53.ctex remapped: res://.godot/imported/mask_horizontal_edge_small_03.png-2d3a294dad3e365ea5b1d80f8273cb53.ctex
Completed load for: 'res://assets/overworld/terrain_masks/mask_horizontal_edge_small_03.png' remapped 'res://assets/overworld/terrain_masks/mask_horizontal_edge_small_03.png' at thread -1
Loading resource: res://assets/overworld/terrain_masks/mask_horizontal_edge_small_03.png remapped: res://assets/overworld/terrain_masks/mask_horizontal_edge_small_03.png
Loading resource: res://.godot/imported/mask_horizontal_edge_small_03.png-2d3a294dad3e365ea5b1d80f8273cb53.ctex remapped: res://.godot/imported/mask_horizontal_edge_small_03.png-2d3a294dad3e365ea5b1d80f8273cb53.ctex
Completed load for: 'res://assets/overworld/terrain_masks/mask_horizontal_edge_small_03.png' remapped 'res://assets/overworld/terrain_masks/mask_horizontal_edge_small_03.png' at thread -1
Loading resource: res://assets/overworld/terrain_masks/mask_vertical_edge_small_02.png remapped: res://assets/overworld/terrain_masks/mask_vertical_edge_small_02.png
Loading resource: res://.godot/imported/mask_vertical_edge_small_02.png-9180eb89955eaa2ca72016667bc9a4f2.ctex remapped: res://.godot/imported/mask_vertical_edge_small_02.png-9180eb89955eaa2ca72016667bc9a4f2.ctex
Completed load for: 'res://assets/overworld/terrain_masks/mask_vertical_edge_small_02.png' remapped 'res://assets/overworld/terrain_masks/mask_vertical_edge_small_02.png' at thread -1
Loading resource: res://assets/overworld/terrain_masks/mask_vertical_edge_small_02.png remapped: res://assets/overworld/terrain_masks/mask_vertical_edge_small_02.png
Loading resource: res://.godot/imported/mask_vertical_edge_small_02.png-9180eb89955eaa2ca72016667bc9a4f2.ctex remapped: res://.godot/imported/mask_vertical_edge_small_02.png-9180eb89955eaa2ca72016667bc9a4f2.ctex
Completed load for: 'res://assets/overworld/terrain_masks/mask_vertical_edge_small_02.png' remapped 'res://assets/overworld/terrain_masks/mask_vertical_edge_small_02.png' at thread -1
Loading resource: res://assets/overworld/terrain_masks/mask_vertical_edge_small_02.png remapped: res://assets/overworld/terrain_masks/mask_vertical_edge_small_02.png
Loading resource: res://.godot/imported/mask_vertical_edge_small_02.png-9180eb89955eaa2ca72016667bc9a4f2.ctex remapped: res://.godot/imported/mask_vertical_edge_small_02.png-9180eb89955eaa2ca72016667bc9a4f2.ctex
Completed load for: 'res://assets/overworld/terrain_masks/mask_vertical_edge_small_02.png' remapped 'res://assets/overworld/terrain_masks/mask_vertical_edge_small_02.png' at thread -1
Loading resource: res://assets/overworld/terrain_masks/mask_vertical_edge_small_02.png remapped: res://assets/overworld/terrain_masks/mask_vertical_edge_small_02.png
Loading resource: res://.godot/imported/mask_vertical_edge_small_02.png-9180eb89955eaa2ca72016667bc9a4f2.ctex remapped: res://.godot/imported/mask_vertical_edge_small_02.png-9180eb89955eaa2ca72016667bc9a4f2.ctex
Completed load for: 'res://assets/overworld/terrain_masks/mask_vertical_edge_small_02.png' remapped 'res://assets/overworld/terrain_masks/mask_vertical_edge_small_02.png' at thread -1
Loading resource: res://assets/overworld/terrain_masks/mask_vertical_edge_small_01.png remapped: res://assets/overworld/terrain_masks/mask_vertical_edge_small_01.png
Loading resource: res://.godot/imported/mask_vertical_edge_small_01.png-ca781f158bc3ba2f46054307b17ca229.ctex remapped: res://.godot/imported/mask_vertical_edge_small_01.png-ca781f158bc3ba2f46054307b17ca229.ctex
Completed load for: 'res://assets/overworld/terrain_masks/mask_vertical_edge_small_01.png' remapped 'res://assets/overworld/terrain_masks/mask_vertical_edge_small_01.png' at thread -1
Loading resource: res://assets/overworld/terrain_masks/mask_vertical_edge_small_01.png remapped: res://assets/overworld/terrain_masks/mask_vertical_edge_small_01.png
Loading resource: res://.godot/imported/mask_vertical_edge_small_01.png-ca781f158bc3ba2f46054307b17ca229.ctex remapped: res://.godot/imported/mask_vertical_edge_small_01.png-ca781f158bc3ba2f46054307b17ca229.ctex
Completed load for: 'res://assets/overworld/terrain_masks/mask_vertical_edge_small_01.png' remapped 'res://assets/overworld/terrain_masks/mask_vertical_edge_small_01.png' at thread -1
Loading resource: res://assets/overworld/terrain_masks/mask_vertical_edge_small_03.png remapped: res://assets/overworld/terrain_masks/mask_vertical_edge_small_03.png
Loading resource: res://.godot/imported/mask_vertical_edge_small_03.png-292b023af94446e5b4bcd26a88e46bb2.ctex remapped: res://.godot/imported/mask_vertical_edge_small_03.png-292b023af94446e5b4bcd26a88e46bb2.ctex
Completed load for: 'res://assets/overworld/terrain_masks/mask_vertical_edge_small_03.png' remapped 'res://assets/overworld/terrain_masks/mask_vertical_edge_small_03.png' at thread -1
Loading resource: res://assets/overworld/terrain_masks/mask_vertical_edge_small_03.png remapped: res://assets/overworld/terrain_masks/mask_vertical_edge_small_03.png
Loading resource: res://.godot/imported/mask_vertical_edge_small_03.png-292b023af94446e5b4bcd26a88e46bb2.ctex remapped: res://.godot/imported/mask_vertical_edge_small_03.png-292b023af94446e5b4bcd26a88e46bb2.ctex
Completed load for: 'res://assets/overworld/terrain_masks/mask_vertical_edge_small_03.png' remapped 'res://assets/overworld/terrain_masks/mask_vertical_edge_small_03.png' at thread -1
Loading resource: res://assets/overworld/terrain_masks/mask_vertical_edge_small_01.png remapped: res://assets/overworld/terrain_masks/mask_vertical_edge_small_01.png
Loading resource: res://.godot/imported/mask_vertical_edge_small_01.png-ca781f158bc3ba2f46054307b17ca229.ctex remapped: res://.godot/imported/mask_vertical_edge_small_01.png-ca781f158bc3ba2f46054307b17ca229.ctex
Completed load for: 'res://assets/overworld/terrain_masks/mask_vertical_edge_small_01.png' remapped 'res://assets/overworld/terrain_masks/mask_vertical_edge_small_01.png' at thread -1
Loading resource: res://assets/overworld/terrain_masks/mask_vertical_edge_small_01.png remapped: res://assets/overworld/terrain_masks/mask_vertical_edge_small_01.png
Loading resource: res://.godot/imported/mask_vertical_edge_small_01.png-ca781f158bc3ba2f46054307b17ca229.ctex remapped: res://.godot/imported/mask_vertical_edge_small_01.png-ca781f158bc3ba2f46054307b17ca229.ctex
Completed load for: 'res://assets/overworld/terrain_masks/mask_vertical_edge_small_01.png' remapped 'res://assets/overworld/terrain_masks/mask_vertical_edge_small_01.png' at thread -1
Loading resource: res://assets/overworld/terrain_masks/mask_vertical_edge_small_03.png remapped: res://assets/overworld/terrain_masks/mask_vertical_edge_small_03.png
Loading resource: res://.godot/imported/mask_vertical_edge_small_03.png-292b023af94446e5b4bcd26a88e46bb2.ctex remapped: res://.godot/imported/mask_vertical_edge_small_03.png-292b023af94446e5b4bcd26a88e46bb2.ctex
Completed load for: 'res://assets/overworld/terrain_masks/mask_vertical_edge_small_03.png' remapped 'res://assets/overworld/terrain_masks/mask_vertical_edge_small_03.png' at thread -1
Loading resource: res://assets/overworld/terrain_masks/mask_vertical_edge_small_03.png remapped: res://assets/overworld/terrain_masks/mask_vertical_edge_small_03.png
Loading resource: res://.godot/imported/mask_vertical_edge_small_03.png-292b023af94446e5b4bcd26a88e46bb2.ctex remapped: res://.godot/imported/mask_vertical_edge_small_03.png-292b023af94446e5b4bcd26a88e46bb2.ctex
Completed load for: 'res://assets/overworld/terrain_masks/mask_vertical_edge_small_03.png' remapped 'res://assets/overworld/terrain_masks/mask_vertical_edge_small_03.png' at thread -1
Loading resource: res://assets/overworld/terrain_masks/mask_vertical_edge_small_01.png remapped: res://assets/overworld/terrain_masks/mask_vertical_edge_small_01.png
Loading resource: res://.godot/imported/mask_vertical_edge_small_01.png-ca781f158bc3ba2f46054307b17ca229.ctex remapped: res://.godot/imported/mask_vertical_edge_small_01.png-ca781f158bc3ba2f46054307b17ca229.ctex
Completed load for: 'res://assets/overworld/terrain_masks/mask_vertical_edge_small_01.png' remapped 'res://assets/overworld/terrain_masks/mask_vertical_edge_small_01.png' at thread -1
Loading resource: res://assets/overworld/terrain_masks/mask_vertical_edge_small_01.png remapped: res://assets/overworld/terrain_masks/mask_vertical_edge_small_01.png
Loading resource: res://.godot/imported/mask_vertical_edge_small_01.png-ca781f158bc3ba2f46054307b17ca229.ctex remapped: res://.godot/imported/mask_vertical_edge_small_01.png-ca781f158bc3ba2f46054307b17ca229.ctex
Completed load for: 'res://assets/overworld/terrain_masks/mask_vertical_edge_small_01.png' remapped 'res://assets/overworld/terrain_masks/mask_vertical_edge_small_01.png' at thread -1
Loading resource: res://assets/overworld/terrain_masks/mask_vertical_edge_small_03.png remapped: res://assets/overworld/terrain_masks/mask_vertical_edge_small_03.png
Loading resource: res://.godot/imported/mask_vertical_edge_small_03.png-292b023af94446e5b4bcd26a88e46bb2.ctex remapped: res://.godot/imported/mask_vertical_edge_small_03.png-292b023af94446e5b4bcd26a88e46bb2.ctex
Completed load for: 'res://assets/overworld/terrain_masks/mask_vertical_edge_small_03.png' remapped 'res://assets/overworld/terrain_masks/mask_vertical_edge_small_03.png' at thread -1
Loading resource: res://assets/overworld/terrain_masks/mask_vertical_edge_small_03.png remapped: res://assets/overworld/terrain_masks/mask_vertical_edge_small_03.png
Loading resource: res://.godot/imported/mask_vertical_edge_small_03.png-292b023af94446e5b4bcd26a88e46bb2.ctex remapped: res://.godot/imported/mask_vertical_edge_small_03.png-292b023af94446e5b4bcd26a88e46bb2.ctex
Completed load for: 'res://assets/overworld/terrain_masks/mask_vertical_edge_small_03.png' remapped 'res://assets/overworld/terrain_masks/mask_vertical_edge_small_03.png' at thread -1
Loading resource: res://assets/overworld/terrain_masks/mask_vertical_edge_small_01.png remapped: res://assets/overworld/terrain_masks/mask_vertical_edge_small_01.png
Loading resource: res://.godot/imported/mask_vertical_edge_small_01.png-ca781f158bc3ba2f46054307b17ca229.ctex remapped: res://.godot/imported/mask_vertical_edge_small_01.png-ca781f158bc3ba2f46054307b17ca229.ctex
Completed load for: 'res://assets/overworld/terrain_masks/mask_vertical_edge_small_01.png' remapped 'res://assets/overworld/terrain_masks/mask_vertical_edge_small_01.png' at thread -1
Loading resource: res://assets/overworld/terrain_masks/mask_vertical_edge_small_01.png remapped: res://assets/overworld/terrain_masks/mask_vertical_edge_small_01.png
Loading resource: res://.godot/imported/mask_vertical_edge_small_01.png-ca781f158bc3ba2f46054307b17ca229.ctex remapped: res://.godot/imported/mask_vertical_edge_small_01.png-ca781f158bc3ba2f46054307b17ca229.ctex
Completed load for: 'res://assets/overworld/terrain_masks/mask_vertical_edge_small_01.png' remapped 'res://assets/overworld/terrain_masks/mask_vertical_edge_small_01.png' at thread -1
Loading resource: res://assets/overworld/terrain_masks/mask_vertical_edge_small_03.png remapped: res://assets/overworld/terrain_masks/mask_vertical_edge_small_03.png
Loading resource: res://.godot/imported/mask_vertical_edge_small_03.png-292b023af94446e5b4bcd26a88e46bb2.ctex remapped: res://.godot/imported/mask_vertical_edge_small_03.png-292b023af94446e5b4bcd26a88e46bb2.ctex
Completed load for: 'res://assets/overworld/terrain_masks/mask_vertical_edge_small_03.png' remapped 'res://assets/overworld/terrain_masks/mask_vertical_edge_small_03.png' at thread -1
Loading resource: res://assets/overworld/terrain_masks/mask_vertical_edge_small_03.png remapped: res://assets/overworld/terrain_masks/mask_vertical_edge_small_03.png
Loading resource: res://.godot/imported/mask_vertical_edge_small_03.png-292b023af94446e5b4bcd26a88e46bb2.ctex remapped: res://.godot/imported/mask_vertical_edge_small_03.png-292b023af94446e5b4bcd26a88e46bb2.ctex
Completed load for: 'res://assets/overworld/terrain_masks/mask_vertical_edge_small_03.png' remapped 'res://assets/overworld/terrain_masks/mask_vertical_edge_small_03.png' at thread -1
Loading resource: res://assets/overworld/terrain_masks/mask_vertical_edge_small_01.png remapped: res://assets/overworld/terrain_masks/mask_vertical_edge_small_01.png
Loading resource: res://.godot/imported/mask_vertical_edge_small_01.png-ca781f158bc3ba2f46054307b17ca229.ctex remapped: res://.godot/imported/mask_vertical_edge_small_01.png-ca781f158bc3ba2f46054307b17ca229.ctex
Completed load for: 'res://assets/overworld/terrain_masks/mask_vertical_edge_small_01.png' remapped 'res://assets/overworld/terrain_masks/mask_vertical_edge_small_01.png' at thread -1
Loading resource: res://assets/overworld/terrain_masks/mask_vertical_edge_small_01.png remapped: res://assets/overworld/terrain_masks/mask_vertical_edge_small_01.png
Loading resource: res://.godot/imported/mask_vertical_edge_small_01.png-ca781f158bc3ba2f46054307b17ca229.ctex remapped: res://.godot/imported/mask_vertical_edge_small_01.png-ca781f158bc3ba2f46054307b17ca229.ctex
Completed load for: 'res://assets/overworld/terrain_masks/mask_vertical_edge_small_01.png' remapped 'res://assets/overworld/terrain_masks/mask_vertical_edge_small_01.png' at thread -1
Loading resource: res://assets/overworld/terrain_masks/mask_vertical_edge_small_02.png remapped: res://assets/overworld/terrain_masks/mask_vertical_edge_small_02.png
Loading resource: res://.godot/imported/mask_vertical_edge_small_02.png-9180eb89955eaa2ca72016667bc9a4f2.ctex remapped: res://.godot/imported/mask_vertical_edge_small_02.png-9180eb89955eaa2ca72016667bc9a4f2.ctex
Completed load for: 'res://assets/overworld/terrain_masks/mask_vertical_edge_small_02.png' remapped 'res://assets/overworld/terrain_masks/mask_vertical_edge_small_02.png' at thread -1
Loading resource: res://assets/overworld/terrain_masks/mask_vertical_edge_small_02.png remapped: res://assets/overworld/terrain_masks/mask_vertical_edge_small_02.png
Loading resource: res://.godot/imported/mask_vertical_edge_small_02.png-9180eb89955eaa2ca72016667bc9a4f2.ctex remapped: res://.godot/imported/mask_vertical_edge_small_02.png-9180eb89955eaa2ca72016667bc9a4f2.ctex
Completed load for: 'res://assets/overworld/terrain_masks/mask_vertical_edge_small_02.png' remapped 'res://assets/overworld/terrain_masks/mask_vertical_edge_small_02.png' at thread -1
Loading resource: res://assets/overworld/terrain_masks/mask_vertical_edge_small_02.png remapped: res://assets/overworld/terrain_masks/mask_vertical_edge_small_02.png
Loading resource: res://.godot/imported/mask_vertical_edge_small_02.png-9180eb89955eaa2ca72016667bc9a4f2.ctex remapped: res://.godot/imported/mask_vertical_edge_small_02.png-9180eb89955eaa2ca72016667bc9a4f2.ctex
Completed load for: 'res://assets/overworld/terrain_masks/mask_vertical_edge_small_02.png' remapped 'res://assets/overworld/terrain_masks/mask_vertical_edge_small_02.png' at thread -1
Loading resource: res://assets/overworld/terrain_masks/mask_vertical_edge_small_02.png remapped: res://assets/overworld/terrain_masks/mask_vertical_edge_small_02.png
Loading resource: res://.godot/imported/mask_vertical_edge_small_02.png-9180eb89955eaa2ca72016667bc9a4f2.ctex remapped: res://.godot/imported/mask_vertical_edge_small_02.png-9180eb89955eaa2ca72016667bc9a4f2.ctex
Completed load for: 'res://assets/overworld/terrain_masks/mask_vertical_edge_small_02.png' remapped 'res://assets/overworld/terrain_masks/mask_vertical_edge_small_02.png' at thread -1
Loading resource: res://assets/overworld/terrain_masks/mask_vertical_edge_small_02.png remapped: res://assets/overworld/terrain_masks/mask_vertical_edge_small_02.png
Loading resource: res://.godot/imported/mask_vertical_edge_small_02.png-9180eb89955eaa2ca72016667bc9a4f2.ctex remapped: res://.godot/imported/mask_vertical_edge_small_02.png-9180eb89955eaa2ca72016667bc9a4f2.ctex
Completed load for: 'res://assets/overworld/terrain_masks/mask_vertical_edge_small_02.png' remapped 'res://assets/overworld/terrain_masks/mask_vertical_edge_small_02.png' at thread -1
Loading resource: res://assets/overworld/terrain_masks/mask_vertical_edge_small_02.png remapped: res://assets/overworld/terrain_masks/mask_vertical_edge_small_02.png
Loading resource: res://.godot/imported/mask_vertical_edge_small_02.png-9180eb89955eaa2ca72016667bc9a4f2.ctex remapped: res://.godot/imported/mask_vertical_edge_small_02.png-9180eb89955eaa2ca72016667bc9a4f2.ctex
Completed load for: 'res://assets/overworld/terrain_masks/mask_vertical_edge_small_02.png' remapped 'res://assets/overworld/terrain_masks/mask_vertical_edge_small_02.png' at thread -1
Loading resource: res://assets/overworld/terrain_masks/mask_vertical_edge_small_02.png remapped: res://assets/overworld/terrain_masks/mask_vertical_edge_small_02.png
Loading resource: res://.godot/imported/mask_vertical_edge_small_02.png-9180eb89955eaa2ca72016667bc9a4f2.ctex remapped: res://.godot/imported/mask_vertical_edge_small_02.png-9180eb89955eaa2ca72016667bc9a4f2.ctex
Completed load for: 'res://assets/overworld/terrain_masks/mask_vertical_edge_small_02.png' remapped 'res://assets/overworld/terrain_masks/mask_vertical_edge_small_02.png' at thread -1
Loading resource: res://assets/overworld/terrain_masks/mask_vertical_edge_small_02.png remapped: res://assets/overworld/terrain_masks/mask_vertical_edge_small_02.png
Loading resource: res://.godot/imported/mask_vertical_edge_small_02.png-9180eb89955eaa2ca72016667bc9a4f2.ctex remapped: res://.godot/imported/mask_vertical_edge_small_02.png-9180eb89955eaa2ca72016667bc9a4f2.ctex
Completed load for: 'res://assets/overworld/terrain_masks/mask_vertical_edge_small_02.png' remapped 'res://assets/overworld/terrain_masks/mask_vertical_edge_small_02.png' at thread -1
Loading resource: res://assets/overworld/terrain_masks/mask_vertical_edge_small_04.png remapped: res://assets/overworld/terrain_masks/mask_vertical_edge_small_04.png
Loading resource: res://.godot/imported/mask_vertical_edge_small_04.png-1607ba2fd4f203d5d2b7386d4c801884.ctex remapped: res://.godot/imported/mask_vertical_edge_small_04.png-1607ba2fd4f203d5d2b7386d4c801884.ctex
Completed load for: 'res://assets/overworld/terrain_masks/mask_vertical_edge_small_04.png' remapped 'res://assets/overworld/terrain_masks/mask_vertical_edge_small_04.png' at thread -1
Loading resource: res://assets/overworld/terrain_masks/mask_vertical_edge_small_04.png remapped: res://assets/overworld/terrain_masks/mask_vertical_edge_small_04.png
Loading resource: res://.godot/imported/mask_vertical_edge_small_04.png-1607ba2fd4f203d5d2b7386d4c801884.ctex remapped: res://.godot/imported/mask_vertical_edge_small_04.png-1607ba2fd4f203d5d2b7386d4c801884.ctex
Completed load for: 'res://assets/overworld/terrain_masks/mask_vertical_edge_small_04.png' remapped 'res://assets/overworld/terrain_masks/mask_vertical_edge_small_04.png' at thread -1
Loading resource: res://assets/overworld/terrain_masks/mask_vertical_edge_small_04.png remapped: res://assets/overworld/terrain_masks/mask_vertical_edge_small_04.png
Loading resource: res://.godot/imported/mask_vertical_edge_small_04.png-1607ba2fd4f203d5d2b7386d4c801884.ctex remapped: res://.godot/imported/mask_vertical_edge_small_04.png-1607ba2fd4f203d5d2b7386d4c801884.ctex
Completed load for: 'res://assets/overworld/terrain_masks/mask_vertical_edge_small_04.png' remapped 'res://assets/overworld/terrain_masks/mask_vertical_edge_small_04.png' at thread -1
Loading resource: res://assets/overworld/terrain_masks/mask_vertical_edge_small_04.png remapped: res://assets/overworld/terrain_masks/mask_vertical_edge_small_04.png
Loading resource: res://.godot/imported/mask_vertical_edge_small_04.png-1607ba2fd4f203d5d2b7386d4c801884.ctex remapped: res://.godot/imported/mask_vertical_edge_small_04.png-1607ba2fd4f203d5d2b7386d4c801884.ctex
Completed load for: 'res://assets/overworld/terrain_masks/mask_vertical_edge_small_04.png' remapped 'res://assets/overworld/terrain_masks/mask_vertical_edge_small_04.png' at thread -1
Loading resource: res://assets/overworld/terrain_masks/mask_vertical_edge_small_04.png remapped: res://assets/overworld/terrain_masks/mask_vertical_edge_small_04.png
Loading resource: res://.godot/imported/mask_vertical_edge_small_04.png-1607ba2fd4f203d5d2b7386d4c801884.ctex remapped: res://.godot/imported/mask_vertical_edge_small_04.png-1607ba2fd4f203d5d2b7386d4c801884.ctex
Completed load for: 'res://assets/overworld/terrain_masks/mask_vertical_edge_small_04.png' remapped 'res://assets/overworld/terrain_masks/mask_vertical_edge_small_04.png' at thread -1
Loading resource: res://assets/overworld/terrain_masks/mask_vertical_edge_small_04.png remapped: res://assets/overworld/terrain_masks/mask_vertical_edge_small_04.png
Loading resource: res://.godot/imported/mask_vertical_edge_small_04.png-1607ba2fd4f203d5d2b7386d4c801884.ctex remapped: res://.godot/imported/mask_vertical_edge_small_04.png-1607ba2fd4f203d5d2b7386d4c801884.ctex
Completed load for: 'res://assets/overworld/terrain_masks/mask_vertical_edge_small_04.png' remapped 'res://assets/overworld/terrain_masks/mask_vertical_edge_small_04.png' at thread -1
Loading resource: res://assets/overworld/terrain_masks/mask_vertical_edge_small_04.png remapped: res://assets/overworld/terrain_masks/mask_vertical_edge_small_04.png
Loading resource: res://.godot/imported/mask_vertical_edge_small_04.png-1607ba2fd4f203d5d2b7386d4c801884.ctex remapped: res://.godot/imported/mask_vertical_edge_small_04.png-1607ba2fd4f203d5d2b7386d4c801884.ctex
Completed load for: 'res://assets/overworld/terrain_masks/mask_vertical_edge_small_04.png' remapped 'res://assets/overworld/terrain_masks/mask_vertical_edge_small_04.png' at thread -1
Loading resource: res://assets/overworld/terrain_masks/mask_vertical_edge_small_04.png remapped: res://assets/overworld/terrain_masks/mask_vertical_edge_small_04.png
Loading resource: res://.godot/imported/mask_vertical_edge_small_04.png-1607ba2fd4f203d5d2b7386d4c801884.ctex remapped: res://.godot/imported/mask_vertical_edge_small_04.png-1607ba2fd4f203d5d2b7386d4c801884.ctex
Completed load for: 'res://assets/overworld/terrain_masks/mask_vertical_edge_small_04.png' remapped 'res://assets/overworld/terrain_masks/mask_vertical_edge_small_04.png' at thread -1
Loading resource: res://assets/overworld/terrain_masks/mask_vertical_edge_small_04.png remapped: res://assets/overworld/terrain_masks/mask_vertical_edge_small_04.png
Loading resource: res://.godot/imported/mask_vertical_edge_small_04.png-1607ba2fd4f203d5d2b7386d4c801884.ctex remapped: res://.godot/imported/mask_vertical_edge_small_04.png-1607ba2fd4f203d5d2b7386d4c801884.ctex
Completed load for: 'res://assets/overworld/terrain_masks/mask_vertical_edge_small_04.png' remapped 'res://assets/overworld/terrain_masks/mask_vertical_edge_small_04.png' at thread -1
Loading resource: res://assets/overworld/terrain_masks/mask_vertical_edge_small_04.png remapped: res://assets/overworld/terrain_masks/mask_vertical_edge_small_04.png
Loading resource: res://.godot/imported/mask_vertical_edge_small_04.png-1607ba2fd4f203d5d2b7386d4c801884.ctex remapped: res://.godot/imported/mask_vertical_edge_small_04.png-1607ba2fd4f203d5d2b7386d4c801884.ctex
Completed load for: 'res://assets/overworld/terrain_masks/mask_vertical_edge_small_04.png' remapped 'res://assets/overworld/terrain_masks/mask_vertical_edge_small_04.png' at thread -1
Loading resource: res://assets/overworld/terrain_masks/mask_corner_a_dominant_02.png remapped: res://assets/overworld/terrain_masks/mask_corner_a_dominant_02.png
Loading resource: res://.godot/imported/mask_corner_a_dominant_02.png-bd3c38b63920202f67915a9c479c0559.ctex remapped: res://.godot/imported/mask_corner_a_dominant_02.png-bd3c38b63920202f67915a9c479c0559.ctex
Completed load for: 'res://assets/overworld/terrain_masks/mask_corner_a_dominant_02.png' remapped 'res://assets/overworld/terrain_masks/mask_corner_a_dominant_02.png' at thread -1
Loading resource: res://assets/overworld/terrain_masks/mask_corner_a_dominant_02.png remapped: res://assets/overworld/terrain_masks/mask_corner_a_dominant_02.png
Loading resource: res://.godot/imported/mask_corner_a_dominant_02.png-bd3c38b63920202f67915a9c479c0559.ctex remapped: res://.godot/imported/mask_corner_a_dominant_02.png-bd3c38b63920202f67915a9c479c0559.ctex
Completed load for: 'res://assets/overworld/terrain_masks/mask_corner_a_dominant_02.png' remapped 'res://assets/overworld/terrain_masks/mask_corner_a_dominant_02.png' at thread -1
Loading resource: res://assets/overworld/terrain_masks/mask_corner_b_dominant_01.png remapped: res://assets/overworld/terrain_masks/mask_corner_b_dominant_01.png
Loading resource: res://.godot/imported/mask_corner_b_dominant_01.png-9ccac3e1013805de544bf58cc660bf70.ctex remapped: res://.godot/imported/mask_corner_b_dominant_01.png-9ccac3e1013805de544bf58cc660bf70.ctex
Completed load for: 'res://assets/overworld/terrain_masks/mask_corner_b_dominant_01.png' remapped 'res://assets/overworld/terrain_masks/mask_corner_b_dominant_01.png' at thread -1
Loading resource: res://assets/overworld/terrain_masks/mask_corner_b_dominant_01.png remapped: res://assets/overworld/terrain_masks/mask_corner_b_dominant_01.png
Loading resource: res://.godot/imported/mask_corner_b_dominant_01.png-9ccac3e1013805de544bf58cc660bf70.ctex remapped: res://.godot/imported/mask_corner_b_dominant_01.png-9ccac3e1013805de544bf58cc660bf70.ctex
Completed load for: 'res://assets/overworld/terrain_masks/mask_corner_b_dominant_01.png' remapped 'res://assets/overworld/terrain_masks/mask_corner_b_dominant_01.png' at thread -1
Loading resource: res://assets/overworld/terrain_masks/mask_vertical_edge_small_03.png remapped: res://assets/overworld/terrain_masks/mask_vertical_edge_small_03.png
Loading resource: res://.godot/imported/mask_vertical_edge_small_03.png-292b023af94446e5b4bcd26a88e46bb2.ctex remapped: res://.godot/imported/mask_vertical_edge_small_03.png-292b023af94446e5b4bcd26a88e46bb2.ctex
Completed load for: 'res://assets/overworld/terrain_masks/mask_vertical_edge_small_03.png' remapped 'res://assets/overworld/terrain_masks/mask_vertical_edge_small_03.png' at thread -1
Loading resource: res://assets/overworld/terrain_masks/mask_vertical_edge_small_03.png remapped: res://assets/overworld/terrain_masks/mask_vertical_edge_small_03.png
Loading resource: res://.godot/imported/mask_vertical_edge_small_03.png-292b023af94446e5b4bcd26a88e46bb2.ctex remapped: res://.godot/imported/mask_vertical_edge_small_03.png-292b023af94446e5b4bcd26a88e46bb2.ctex
Completed load for: 'res://assets/overworld/terrain_masks/mask_vertical_edge_small_03.png' remapped 'res://assets/overworld/terrain_masks/mask_vertical_edge_small_03.png' at thread -1
Loading resource: res://assets/overworld/terrain_masks/mask_vertical_edge_small_04.png remapped: res://assets/overworld/terrain_masks/mask_vertical_edge_small_04.png
Loading resource: res://.godot/imported/mask_vertical_edge_small_04.png-1607ba2fd4f203d5d2b7386d4c801884.ctex remapped: res://.godot/imported/mask_vertical_edge_small_04.png-1607ba2fd4f203d5d2b7386d4c801884.ctex
Completed load for: 'res://assets/overworld/terrain_masks/mask_vertical_edge_small_04.png' remapped 'res://assets/overworld/terrain_masks/mask_vertical_edge_small_04.png' at thread -1
Loading resource: res://assets/overworld/terrain_masks/mask_vertical_edge_small_04.png remapped: res://assets/overworld/terrain_masks/mask_vertical_edge_small_04.png
Loading resource: res://.godot/imported/mask_vertical_edge_small_04.png-1607ba2fd4f203d5d2b7386d4c801884.ctex remapped: res://.godot/imported/mask_vertical_edge_small_04.png-1607ba2fd4f203d5d2b7386d4c801884.ctex
Completed load for: 'res://assets/overworld/terrain_masks/mask_vertical_edge_small_04.png' remapped 'res://assets/overworld/terrain_masks/mask_vertical_edge_small_04.png' at thread -1
Loading resource: res://assets/overworld/terrain_masks/mask_corner_b_dominant_01.png remapped: res://assets/overworld/terrain_masks/mask_corner_b_dominant_01.png
Loading resource: res://.godot/imported/mask_corner_b_dominant_01.png-9ccac3e1013805de544bf58cc660bf70.ctex remapped: res://.godot/imported/mask_corner_b_dominant_01.png-9ccac3e1013805de544bf58cc660bf70.ctex
Completed load for: 'res://assets/overworld/terrain_masks/mask_corner_b_dominant_01.png' remapped 'res://assets/overworld/terrain_masks/mask_corner_b_dominant_01.png' at thread -1
Loading resource: res://assets/overworld/terrain_masks/mask_corner_b_dominant_01.png remapped: res://assets/overworld/terrain_masks/mask_corner_b_dominant_01.png
Loading resource: res://.godot/imported/mask_corner_b_dominant_01.png-9ccac3e1013805de544bf58cc660bf70.ctex remapped: res://.godot/imported/mask_corner_b_dominant_01.png-9ccac3e1013805de544bf58cc660bf70.ctex
Completed load for: 'res://assets/overworld/terrain_masks/mask_corner_b_dominant_01.png' remapped 'res://assets/overworld/terrain_masks/mask_corner_b_dominant_01.png' at thread -1
Loading resource: res://assets/overworld/terrain_masks/mask_vertical_edge_small_03.png remapped: res://assets/overworld/terrain_masks/mask_vertical_edge_small_03.png
Loading resource: res://.godot/imported/mask_vertical_edge_small_03.png-292b023af94446e5b4bcd26a88e46bb2.ctex remapped: res://.godot/imported/mask_vertical_edge_small_03.png-292b023af94446e5b4bcd26a88e46bb2.ctex
Completed load for: 'res://assets/overworld/terrain_masks/mask_vertical_edge_small_03.png' remapped 'res://assets/overworld/terrain_masks/mask_vertical_edge_small_03.png' at thread -1
Loading resource: res://assets/overworld/terrain_masks/mask_vertical_edge_small_03.png remapped: res://assets/overworld/terrain_masks/mask_vertical_edge_small_03.png
Loading resource: res://.godot/imported/mask_vertical_edge_small_03.png-292b023af94446e5b4bcd26a88e46bb2.ctex remapped: res://.godot/imported/mask_vertical_edge_small_03.png-292b023af94446e5b4bcd26a88e46bb2.ctex
Completed load for: 'res://assets/overworld/terrain_masks/mask_vertical_edge_small_03.png' remapped 'res://assets/overworld/terrain_masks/mask_vertical_edge_small_03.png' at thread -1
Loading resource: res://assets/overworld/terrain_masks/mask_vertical_edge_small_04.png remapped: res://assets/overworld/terrain_masks/mask_vertical_edge_small_04.png
Loading resource: res://.godot/imported/mask_vertical_edge_small_04.png-1607ba2fd4f203d5d2b7386d4c801884.ctex remapped: res://.godot/imported/mask_vertical_edge_small_04.png-1607ba2fd4f203d5d2b7386d4c801884.ctex
Completed load for: 'res://assets/overworld/terrain_masks/mask_vertical_edge_small_04.png' remapped 'res://assets/overworld/terrain_masks/mask_vertical_edge_small_04.png' at thread -1
Loading resource: res://assets/overworld/terrain_masks/mask_vertical_edge_small_04.png remapped: res://assets/overworld/terrain_masks/mask_vertical_edge_small_04.png
Loading resource: res://.godot/imported/mask_vertical_edge_small_04.png-1607ba2fd4f203d5d2b7386d4c801884.ctex remapped: res://.godot/imported/mask_vertical_edge_small_04.png-1607ba2fd4f203d5d2b7386d4c801884.ctex
Completed load for: 'res://assets/overworld/terrain_masks/mask_vertical_edge_small_04.png' remapped 'res://assets/overworld/terrain_masks/mask_vertical_edge_small_04.png' at thread -1
Loading resource: res://assets/overworld/terrain_masks/mask_corner_b_dominant_01.png remapped: res://assets/overworld/terrain_masks/mask_corner_b_dominant_01.png
Loading resource: res://.godot/imported/mask_corner_b_dominant_01.png-9ccac3e1013805de544bf58cc660bf70.ctex remapped: res://.godot/imported/mask_corner_b_dominant_01.png-9ccac3e1013805de544bf58cc660bf70.ctex
Completed load for: 'res://assets/overworld/terrain_masks/mask_corner_b_dominant_01.png' remapped 'res://assets/overworld/terrain_masks/mask_corner_b_dominant_01.png' at thread -1
Loading resource: res://assets/overworld/terrain_masks/mask_corner_b_dominant_01.png remapped: res://assets/overworld/terrain_masks/mask_corner_b_dominant_01.png
Loading resource: res://.godot/imported/mask_corner_b_dominant_01.png-9ccac3e1013805de544bf58cc660bf70.ctex remapped: res://.godot/imported/mask_corner_b_dominant_01.png-9ccac3e1013805de544bf58cc660bf70.ctex
Completed load for: 'res://assets/overworld/terrain_masks/mask_corner_b_dominant_01.png' remapped 'res://assets/overworld/terrain_masks/mask_corner_b_dominant_01.png' at thread -1
Loading resource: res://assets/overworld/terrain_masks/mask_vertical_edge_small_03.png remapped: res://assets/overworld/terrain_masks/mask_vertical_edge_small_03.png
Loading resource: res://.godot/imported/mask_vertical_edge_small_03.png-292b023af94446e5b4bcd26a88e46bb2.ctex remapped: res://.godot/imported/mask_vertical_edge_small_03.png-292b023af94446e5b4bcd26a88e46bb2.ctex
Completed load for: 'res://assets/overworld/terrain_masks/mask_vertical_edge_small_03.png' remapped 'res://assets/overworld/terrain_masks/mask_vertical_edge_small_03.png' at thread -1
Loading resource: res://assets/overworld/terrain_masks/mask_vertical_edge_small_03.png remapped: res://assets/overworld/terrain_masks/mask_vertical_edge_small_03.png
Loading resource: res://.godot/imported/mask_vertical_edge_small_03.png-292b023af94446e5b4bcd26a88e46bb2.ctex remapped: res://.godot/imported/mask_vertical_edge_small_03.png-292b023af94446e5b4bcd26a88e46bb2.ctex
Completed load for: 'res://assets/overworld/terrain_masks/mask_vertical_edge_small_03.png' remapped 'res://assets/overworld/terrain_masks/mask_vertical_edge_small_03.png' at thread -1
Loading resource: res://assets/overworld/terrain_masks/mask_vertical_edge_small_04.png remapped: res://assets/overworld/terrain_masks/mask_vertical_edge_small_04.png
Loading resource: res://.godot/imported/mask_vertical_edge_small_04.png-1607ba2fd4f203d5d2b7386d4c801884.ctex remapped: res://.godot/imported/mask_vertical_edge_small_04.png-1607ba2fd4f203d5d2b7386d4c801884.ctex
Completed load for: 'res://assets/overworld/terrain_masks/mask_vertical_edge_small_04.png' remapped 'res://assets/overworld/terrain_masks/mask_vertical_edge_small_04.png' at thread -1
Loading resource: res://assets/overworld/terrain_masks/mask_vertical_edge_small_04.png remapped: res://assets/overworld/terrain_masks/mask_vertical_edge_small_04.png
Loading resource: res://.godot/imported/mask_vertical_edge_small_04.png-1607ba2fd4f203d5d2b7386d4c801884.ctex remapped: res://.godot/imported/mask_vertical_edge_small_04.png-1607ba2fd4f203d5d2b7386d4c801884.ctex
Completed load for: 'res://assets/overworld/terrain_masks/mask_vertical_edge_small_04.png' remapped 'res://assets/overworld/terrain_masks/mask_vertical_edge_small_04.png' at thread -1
Loading resource: res://assets/overworld/terrain_masks/mask_corner_b_dominant_01.png remapped: res://assets/overworld/terrain_masks/mask_corner_b_dominant_01.png
Loading resource: res://.godot/imported/mask_corner_b_dominant_01.png-9ccac3e1013805de544bf58cc660bf70.ctex remapped: res://.godot/imported/mask_corner_b_dominant_01.png-9ccac3e1013805de544bf58cc660bf70.ctex
Completed load for: 'res://assets/overworld/terrain_masks/mask_corner_b_dominant_01.png' remapped 'res://assets/overworld/terrain_masks/mask_corner_b_dominant_01.png' at thread -1
Loading resource: res://assets/overworld/terrain_masks/mask_corner_b_dominant_01.png remapped: res://assets/overworld/terrain_masks/mask_corner_b_dominant_01.png
Loading resource: res://.godot/imported/mask_corner_b_dominant_01.png-9ccac3e1013805de544bf58cc660bf70.ctex remapped: res://.godot/imported/mask_corner_b_dominant_01.png-9ccac3e1013805de544bf58cc660bf70.ctex
Completed load for: 'res://assets/overworld/terrain_masks/mask_corner_b_dominant_01.png' remapped 'res://assets/overworld/terrain_masks/mask_corner_b_dominant_01.png' at thread -1
Loading resource: res://assets/overworld/terrain_masks/mask_vertical_edge_small_03.png remapped: res://assets/overworld/terrain_masks/mask_vertical_edge_small_03.png
Loading resource: res://.godot/imported/mask_vertical_edge_small_03.png-292b023af94446e5b4bcd26a88e46bb2.ctex remapped: res://.godot/imported/mask_vertical_edge_small_03.png-292b023af94446e5b4bcd26a88e46bb2.ctex
Completed load for: 'res://assets/overworld/terrain_masks/mask_vertical_edge_small_03.png' remapped 'res://assets/overworld/terrain_masks/mask_vertical_edge_small_03.png' at thread -1
Loading resource: res://assets/overworld/terrain_masks/mask_vertical_edge_small_03.png remapped: res://assets/overworld/terrain_masks/mask_vertical_edge_small_03.png
Loading resource: res://.godot/imported/mask_vertical_edge_small_03.png-292b023af94446e5b4bcd26a88e46bb2.ctex remapped: res://.godot/imported/mask_vertical_edge_small_03.png-292b023af94446e5b4bcd26a88e46bb2.ctex
Completed load for: 'res://assets/overworld/terrain_masks/mask_vertical_edge_small_03.png' remapped 'res://assets/overworld/terrain_masks/mask_vertical_edge_small_03.png' at thread -1
Loading resource: res://assets/overworld/terrain_masks/mask_vertical_edge_small_04.png remapped: res://assets/overworld/terrain_masks/mask_vertical_edge_small_04.png
Loading resource: res://.godot/imported/mask_vertical_edge_small_04.png-1607ba2fd4f203d5d2b7386d4c801884.ctex remapped: res://.godot/imported/mask_vertical_edge_small_04.png-1607ba2fd4f203d5d2b7386d4c801884.ctex
Completed load for: 'res://assets/overworld/terrain_masks/mask_vertical_edge_small_04.png' remapped 'res://assets/overworld/terrain_masks/mask_vertical_edge_small_04.png' at thread -1
Loading resource: res://assets/overworld/terrain_masks/mask_vertical_edge_small_04.png remapped: res://assets/overworld/terrain_masks/mask_vertical_edge_small_04.png
Loading resource: res://.godot/imported/mask_vertical_edge_small_04.png-1607ba2fd4f203d5d2b7386d4c801884.ctex remapped: res://.godot/imported/mask_vertical_edge_small_04.png-1607ba2fd4f203d5d2b7386d4c801884.ctex
Completed load for: 'res://assets/overworld/terrain_masks/mask_vertical_edge_small_04.png' remapped 'res://assets/overworld/terrain_masks/mask_vertical_edge_small_04.png' at thread -1
Loading resource: res://assets/overworld/terrain_masks/mask_corner_b_dominant_01.png remapped: res://assets/overworld/terrain_masks/mask_corner_b_dominant_01.png
Loading resource: res://.godot/imported/mask_corner_b_dominant_01.png-9ccac3e1013805de544bf58cc660bf70.ctex remapped: res://.godot/imported/mask_corner_b_dominant_01.png-9ccac3e1013805de544bf58cc660bf70.ctex
Completed load for: 'res://assets/overworld/terrain_masks/mask_corner_b_dominant_01.png' remapped 'res://assets/overworld/terrain_masks/mask_corner_b_dominant_01.png' at thread -1
Loading resource: res://assets/overworld/terrain_masks/mask_corner_b_dominant_01.png remapped: res://assets/overworld/terrain_masks/mask_corner_b_dominant_01.png
Loading resource: res://.godot/imported/mask_corner_b_dominant_01.png-9ccac3e1013805de544bf58cc660bf70.ctex remapped: res://.godot/imported/mask_corner_b_dominant_01.png-9ccac3e1013805de544bf58cc660bf70.ctex
Completed load for: 'res://assets/overworld/terrain_masks/mask_corner_b_dominant_01.png' remapped 'res://assets/overworld/terrain_masks/mask_corner_b_dominant_01.png' at thread -1
Loading resource: res://assets/overworld/terrain_masks/mask_vertical_edge_small_03.png remapped: res://assets/overworld/terrain_masks/mask_vertical_edge_small_03.png
Loading resource: res://.godot/imported/mask_vertical_edge_small_03.png-292b023af94446e5b4bcd26a88e46bb2.ctex remapped: res://.godot/imported/mask_vertical_edge_small_03.png-292b023af94446e5b4bcd26a88e46bb2.ctex
Completed load for: 'res://assets/overworld/terrain_masks/mask_vertical_edge_small_03.png' remapped 'res://assets/overworld/terrain_masks/mask_vertical_edge_small_03.png' at thread -1
Loading resource: res://assets/overworld/terrain_masks/mask_vertical_edge_small_03.png remapped: res://assets/overworld/terrain_masks/mask_vertical_edge_small_03.png
Loading resource: res://.godot/imported/mask_vertical_edge_small_03.png-292b023af94446e5b4bcd26a88e46bb2.ctex remapped: res://.godot/imported/mask_vertical_edge_small_03.png-292b023af94446e5b4bcd26a88e46bb2.ctex
Completed load for: 'res://assets/overworld/terrain_masks/mask_vertical_edge_small_03.png' remapped 'res://assets/overworld/terrain_masks/mask_vertical_edge_small_03.png' at thread -1
Loading resource: res://assets/overworld/terrain_masks/mask_vertical_edge_small_03.png remapped: res://assets/overworld/terrain_masks/mask_vertical_edge_small_03.png
Loading resource: res://.godot/imported/mask_vertical_edge_small_03.png-292b023af94446e5b4bcd26a88e46bb2.ctex remapped: res://.godot/imported/mask_vertical_edge_small_03.png-292b023af94446e5b4bcd26a88e46bb2.ctex
Completed load for: 'res://assets/overworld/terrain_masks/mask_vertical_edge_small_03.png' remapped 'res://assets/overworld/terrain_masks/mask_vertical_edge_small_03.png' at thread -1
Loading resource: res://assets/overworld/terrain_masks/mask_vertical_edge_small_03.png remapped: res://assets/overworld/terrain_masks/mask_vertical_edge_small_03.png
Loading resource: res://.godot/imported/mask_vertical_edge_small_03.png-292b023af94446e5b4bcd26a88e46bb2.ctex remapped: res://.godot/imported/mask_vertical_edge_small_03.png-292b023af94446e5b4bcd26a88e46bb2.ctex
Completed load for: 'res://assets/overworld/terrain_masks/mask_vertical_edge_small_03.png' remapped 'res://assets/overworld/terrain_masks/mask_vertical_edge_small_03.png' at thread -1
Loading resource: res://assets/overworld/terrain_masks/mask_vertical_edge_small_03.png remapped: res://assets/overworld/terrain_masks/mask_vertical_edge_small_03.png
Loading resource: res://.godot/imported/mask_vertical_edge_small_03.png-292b023af94446e5b4bcd26a88e46bb2.ctex remapped: res://.godot/imported/mask_vertical_edge_small_03.png-292b023af94446e5b4bcd26a88e46bb2.ctex
Completed load for: 'res://assets/overworld/terrain_masks/mask_vertical_edge_small_03.png' remapped 'res://assets/overworld/terrain_masks/mask_vertical_edge_small_03.png' at thread -1
Loading resource: res://assets/overworld/terrain_masks/mask_vertical_edge_small_03.png remapped: res://assets/overworld/terrain_masks/mask_vertical_edge_small_03.png
Loading resource: res://.godot/imported/mask_vertical_edge_small_03.png-292b023af94446e5b4bcd26a88e46bb2.ctex remapped: res://.godot/imported/mask_vertical_edge_small_03.png-292b023af94446e5b4bcd26a88e46bb2.ctex
Completed load for: 'res://assets/overworld/terrain_masks/mask_vertical_edge_small_03.png' remapped 'res://assets/overworld/terrain_masks/mask_vertical_edge_small_03.png' at thread -1
Loading resource: res://assets/overworld/terrain_masks/mask_vertical_edge_small_03.png remapped: res://assets/overworld/terrain_masks/mask_vertical_edge_small_03.png
Loading resource: res://.godot/imported/mask_vertical_edge_small_03.png-292b023af94446e5b4bcd26a88e46bb2.ctex remapped: res://.godot/imported/mask_vertical_edge_small_03.png-292b023af94446e5b4bcd26a88e46bb2.ctex
Completed load for: 'res://assets/overworld/terrain_masks/mask_vertical_edge_small_03.png' remapped 'res://assets/overworld/terrain_masks/mask_vertical_edge_small_03.png' at thread -1
Loading resource: res://assets/overworld/terrain_masks/mask_vertical_edge_small_03.png remapped: res://assets/overworld/terrain_masks/mask_vertical_edge_small_03.png
Loading resource: res://.godot/imported/mask_vertical_edge_small_03.png-292b023af94446e5b4bcd26a88e46bb2.ctex remapped: res://.godot/imported/mask_vertical_edge_small_03.png-292b023af94446e5b4bcd26a88e46bb2.ctex
Completed load for: 'res://assets/overworld/terrain_masks/mask_vertical_edge_small_03.png' remapped 'res://assets/overworld/terrain_masks/mask_vertical_edge_small_03.png' at thread -1
Loading resource: res://assets/overworld/terrain_masks/mask_vertical_edge_small_03.png remapped: res://assets/overworld/terrain_masks/mask_vertical_edge_small_03.png
Loading resource: res://.godot/imported/mask_vertical_edge_small_03.png-292b023af94446e5b4bcd26a88e46bb2.ctex remapped: res://.godot/imported/mask_vertical_edge_small_03.png-292b023af94446e5b4bcd26a88e46bb2.ctex
Completed load for: 'res://assets/overworld/terrain_masks/mask_vertical_edge_small_03.png' remapped 'res://assets/overworld/terrain_masks/mask_vertical_edge_small_03.png' at thread -1
Loading resource: res://assets/overworld/terrain_masks/mask_vertical_edge_small_03.png remapped: res://assets/overworld/terrain_masks/mask_vertical_edge_small_03.png
Loading resource: res://.godot/imported/mask_vertical_edge_small_03.png-292b023af94446e5b4bcd26a88e46bb2.ctex remapped: res://.godot/imported/mask_vertical_edge_small_03.png-292b023af94446e5b4bcd26a88e46bb2.ctex
Completed load for: 'res://assets/overworld/terrain_masks/mask_vertical_edge_small_03.png' remapped 'res://assets/overworld/terrain_masks/mask_vertical_edge_small_03.png' at thread -1
Loading resource: res://assets/overworld/terrain_masks/mask_vertical_edge_small_01.png remapped: res://assets/overworld/terrain_masks/mask_vertical_edge_small_01.png
Loading resource: res://.godot/imported/mask_vertical_edge_small_01.png-ca781f158bc3ba2f46054307b17ca229.ctex remapped: res://.godot/imported/mask_vertical_edge_small_01.png-ca781f158bc3ba2f46054307b17ca229.ctex
Completed load for: 'res://assets/overworld/terrain_masks/mask_vertical_edge_small_01.png' remapped 'res://assets/overworld/terrain_masks/mask_vertical_edge_small_01.png' at thread -1
Loading resource: res://assets/overworld/terrain_masks/mask_vertical_edge_small_01.png remapped: res://assets/overworld/terrain_masks/mask_vertical_edge_small_01.png
Loading resource: res://.godot/imported/mask_vertical_edge_small_01.png-ca781f158bc3ba2f46054307b17ca229.ctex remapped: res://.godot/imported/mask_vertical_edge_small_01.png-ca781f158bc3ba2f46054307b17ca229.ctex
Completed load for: 'res://assets/overworld/terrain_masks/mask_vertical_edge_small_01.png' remapped 'res://assets/overworld/terrain_masks/mask_vertical_edge_small_01.png' at thread -1
Loading resource: res://assets/overworld/terrain_masks/mask_vertical_edge_small_01.png remapped: res://assets/overworld/terrain_masks/mask_vertical_edge_small_01.png
Loading resource: res://.godot/imported/mask_vertical_edge_small_01.png-ca781f158bc3ba2f46054307b17ca229.ctex remapped: res://.godot/imported/mask_vertical_edge_small_01.png-ca781f158bc3ba2f46054307b17ca229.ctex
Completed load for: 'res://assets/overworld/terrain_masks/mask_vertical_edge_small_01.png' remapped 'res://assets/overworld/terrain_masks/mask_vertical_edge_small_01.png' at thread -1
Loading resource: res://assets/overworld/terrain_masks/mask_vertical_edge_small_01.png remapped: res://assets/overworld/terrain_masks/mask_vertical_edge_small_01.png
Loading resource: res://.godot/imported/mask_vertical_edge_small_01.png-ca781f158bc3ba2f46054307b17ca229.ctex remapped: res://.godot/imported/mask_vertical_edge_small_01.png-ca781f158bc3ba2f46054307b17ca229.ctex
Completed load for: 'res://assets/overworld/terrain_masks/mask_vertical_edge_small_01.png' remapped 'res://assets/overworld/terrain_masks/mask_vertical_edge_small_01.png' at thread -1
Loading resource: res://assets/overworld/terrain_masks/mask_vertical_edge_small_01.png remapped: res://assets/overworld/terrain_masks/mask_vertical_edge_small_01.png
Loading resource: res://.godot/imported/mask_vertical_edge_small_01.png-ca781f158bc3ba2f46054307b17ca229.ctex remapped: res://.godot/imported/mask_vertical_edge_small_01.png-ca781f158bc3ba2f46054307b17ca229.ctex
Completed load for: 'res://assets/overworld/terrain_masks/mask_vertical_edge_small_01.png' remapped 'res://assets/overworld/terrain_masks/mask_vertical_edge_small_01.png' at thread -1
Loading resource: res://assets/overworld/terrain_masks/mask_vertical_edge_small_01.png remapped: res://assets/overworld/terrain_masks/mask_vertical_edge_small_01.png
Loading resource: res://.godot/imported/mask_vertical_edge_small_01.png-ca781f158bc3ba2f46054307b17ca229.ctex remapped: res://.godot/imported/mask_vertical_edge_small_01.png-ca781f158bc3ba2f46054307b17ca229.ctex
Completed load for: 'res://assets/overworld/terrain_masks/mask_vertical_edge_small_01.png' remapped 'res://assets/overworld/terrain_masks/mask_vertical_edge_small_01.png' at thread -1
Loading resource: res://assets/overworld/terrain_masks/mask_vertical_edge_small_01.png remapped: res://assets/overworld/terrain_masks/mask_vertical_edge_small_01.png
Loading resource: res://.godot/imported/mask_vertical_edge_small_01.png-ca781f158bc3ba2f46054307b17ca229.ctex remapped: res://.godot/imported/mask_vertical_edge_small_01.png-ca781f158bc3ba2f46054307b17ca229.ctex
Completed load for: 'res://assets/overworld/terrain_masks/mask_vertical_edge_small_01.png' remapped 'res://assets/overworld/terrain_masks/mask_vertical_edge_small_01.png' at thread -1
Loading resource: res://assets/overworld/terrain_masks/mask_vertical_edge_small_01.png remapped: res://assets/overworld/terrain_masks/mask_vertical_edge_small_01.png
Loading resource: res://.godot/imported/mask_vertical_edge_small_01.png-ca781f158bc3ba2f46054307b17ca229.ctex remapped: res://.godot/imported/mask_vertical_edge_small_01.png-ca781f158bc3ba2f46054307b17ca229.ctex
Completed load for: 'res://assets/overworld/terrain_masks/mask_vertical_edge_small_01.png' remapped 'res://assets/overworld/terrain_masks/mask_vertical_edge_small_01.png' at thread -1
Loading resource: res://assets/overworld/terrain_masks/mask_vertical_edge_small_01.png remapped: res://assets/overworld/terrain_masks/mask_vertical_edge_small_01.png
Loading resource: res://.godot/imported/mask_vertical_edge_small_01.png-ca781f158bc3ba2f46054307b17ca229.ctex remapped: res://.godot/imported/mask_vertical_edge_small_01.png-ca781f158bc3ba2f46054307b17ca229.ctex
Completed load for: 'res://assets/overworld/terrain_masks/mask_vertical_edge_small_01.png' remapped 'res://assets/overworld/terrain_masks/mask_vertical_edge_small_01.png' at thread -1
Loading resource: res://assets/overworld/terrain_masks/mask_vertical_edge_small_01.png remapped: res://assets/overworld/terrain_masks/mask_vertical_edge_small_01.png
Loading resource: res://.godot/imported/mask_vertical_edge_small_01.png-ca781f158bc3ba2f46054307b17ca229.ctex remapped: res://.godot/imported/mask_vertical_edge_small_01.png-ca781f158bc3ba2f46054307b17ca229.ctex
Completed load for: 'res://assets/overworld/terrain_masks/mask_vertical_edge_small_01.png' remapped 'res://assets/overworld/terrain_masks/mask_vertical_edge_small_01.png' at thread -1
Loading resource: res://assets/overworld/terrain_masks/mask_corner_a_dominant_03.png remapped: res://assets/overworld/terrain_masks/mask_corner_a_dominant_03.png
Loading resource: res://.godot/imported/mask_corner_a_dominant_03.png-c913f9e2fd4863fc5fbbfdae23700e86.ctex remapped: res://.godot/imported/mask_corner_a_dominant_03.png-c913f9e2fd4863fc5fbbfdae23700e86.ctex
Completed load for: 'res://assets/overworld/terrain_masks/mask_corner_a_dominant_03.png' remapped 'res://assets/overworld/terrain_masks/mask_corner_a_dominant_03.png' at thread -1
Loading resource: res://assets/overworld/terrain_masks/mask_corner_a_dominant_03.png remapped: res://assets/overworld/terrain_masks/mask_corner_a_dominant_03.png
Loading resource: res://.godot/imported/mask_corner_a_dominant_03.png-c913f9e2fd4863fc5fbbfdae23700e86.ctex remapped: res://.godot/imported/mask_corner_a_dominant_03.png-c913f9e2fd4863fc5fbbfdae23700e86.ctex
Completed load for: 'res://assets/overworld/terrain_masks/mask_corner_a_dominant_03.png' remapped 'res://assets/overworld/terrain_masks/mask_corner_a_dominant_03.png' at thread -1
Loading resource: res://assets/overworld/terrain_masks/mask_corner_a_dominant_02.png remapped: res://assets/overworld/terrain_masks/mask_corner_a_dominant_02.png
Loading resource: res://.godot/imported/mask_corner_a_dominant_02.png-bd3c38b63920202f67915a9c479c0559.ctex remapped: res://.godot/imported/mask_corner_a_dominant_02.png-bd3c38b63920202f67915a9c479c0559.ctex
Completed load for: 'res://assets/overworld/terrain_masks/mask_corner_a_dominant_02.png' remapped 'res://assets/overworld/terrain_masks/mask_corner_a_dominant_02.png' at thread -1
Loading resource: res://assets/overworld/terrain_masks/mask_corner_a_dominant_02.png remapped: res://assets/overworld/terrain_masks/mask_corner_a_dominant_02.png
Loading resource: res://.godot/imported/mask_corner_a_dominant_02.png-bd3c38b63920202f67915a9c479c0559.ctex remapped: res://.godot/imported/mask_corner_a_dominant_02.png-bd3c38b63920202f67915a9c479c0559.ctex
Completed load for: 'res://assets/overworld/terrain_masks/mask_corner_a_dominant_02.png' remapped 'res://assets/overworld/terrain_masks/mask_corner_a_dominant_02.png' at thread -1
Loading resource: res://assets/overworld/terrain_masks/mask_corner_a_dominant_03.png remapped: res://assets/overworld/terrain_masks/mask_corner_a_dominant_03.png
Loading resource: res://.godot/imported/mask_corner_a_dominant_03.png-c913f9e2fd4863fc5fbbfdae23700e86.ctex remapped: res://.godot/imported/mask_corner_a_dominant_03.png-c913f9e2fd4863fc5fbbfdae23700e86.ctex
Completed load for: 'res://assets/overworld/terrain_masks/mask_corner_a_dominant_03.png' remapped 'res://assets/overworld/terrain_masks/mask_corner_a_dominant_03.png' at thread -1
Loading resource: res://assets/overworld/terrain_masks/mask_corner_a_dominant_03.png remapped: res://assets/overworld/terrain_masks/mask_corner_a_dominant_03.png
Loading resource: res://.godot/imported/mask_corner_a_dominant_03.png-c913f9e2fd4863fc5fbbfdae23700e86.ctex remapped: res://.godot/imported/mask_corner_a_dominant_03.png-c913f9e2fd4863fc5fbbfdae23700e86.ctex
Completed load for: 'res://assets/overworld/terrain_masks/mask_corner_a_dominant_03.png' remapped 'res://assets/overworld/terrain_masks/mask_corner_a_dominant_03.png' at thread -1
Loading resource: res://assets/overworld/terrain_masks/mask_corner_a_dominant_02.png remapped: res://assets/overworld/terrain_masks/mask_corner_a_dominant_02.png
Loading resource: res://.godot/imported/mask_corner_a_dominant_02.png-bd3c38b63920202f67915a9c479c0559.ctex remapped: res://.godot/imported/mask_corner_a_dominant_02.png-bd3c38b63920202f67915a9c479c0559.ctex
Completed load for: 'res://assets/overworld/terrain_masks/mask_corner_a_dominant_02.png' remapped 'res://assets/overworld/terrain_masks/mask_corner_a_dominant_02.png' at thread -1
Loading resource: res://assets/overworld/terrain_masks/mask_corner_a_dominant_02.png remapped: res://assets/overworld/terrain_masks/mask_corner_a_dominant_02.png
Loading resource: res://.godot/imported/mask_corner_a_dominant_02.png-bd3c38b63920202f67915a9c479c0559.ctex remapped: res://.godot/imported/mask_corner_a_dominant_02.png-bd3c38b63920202f67915a9c479c0559.ctex
Completed load for: 'res://assets/overworld/terrain_masks/mask_corner_a_dominant_02.png' remapped 'res://assets/overworld/terrain_masks/mask_corner_a_dominant_02.png' at thread -1
Loading resource: res://assets/overworld/terrain_masks/mask_corner_a_dominant_03.png remapped: res://assets/overworld/terrain_masks/mask_corner_a_dominant_03.png
Loading resource: res://.godot/imported/mask_corner_a_dominant_03.png-c913f9e2fd4863fc5fbbfdae23700e86.ctex remapped: res://.godot/imported/mask_corner_a_dominant_03.png-c913f9e2fd4863fc5fbbfdae23700e86.ctex
Completed load for: 'res://assets/overworld/terrain_masks/mask_corner_a_dominant_03.png' remapped 'res://assets/overworld/terrain_masks/mask_corner_a_dominant_03.png' at thread -1
Loading resource: res://assets/overworld/terrain_masks/mask_corner_a_dominant_03.png remapped: res://assets/overworld/terrain_masks/mask_corner_a_dominant_03.png
Loading resource: res://.godot/imported/mask_corner_a_dominant_03.png-c913f9e2fd4863fc5fbbfdae23700e86.ctex remapped: res://.godot/imported/mask_corner_a_dominant_03.png-c913f9e2fd4863fc5fbbfdae23700e86.ctex
Completed load for: 'res://assets/overworld/terrain_masks/mask_corner_a_dominant_03.png' remapped 'res://assets/overworld/terrain_masks/mask_corner_a_dominant_03.png' at thread -1
Loading resource: res://assets/overworld/terrain_masks/mask_corner_a_dominant_02.png remapped: res://assets/overworld/terrain_masks/mask_corner_a_dominant_02.png
Loading resource: res://.godot/imported/mask_corner_a_dominant_02.png-bd3c38b63920202f67915a9c479c0559.ctex remapped: res://.godot/imported/mask_corner_a_dominant_02.png-bd3c38b63920202f67915a9c479c0559.ctex
Completed load for: 'res://assets/overworld/terrain_masks/mask_corner_a_dominant_02.png' remapped 'res://assets/overworld/terrain_masks/mask_corner_a_dominant_02.png' at thread -1
Loading resource: res://assets/overworld/terrain_masks/mask_corner_a_dominant_02.png remapped: res://assets/overworld/terrain_masks/mask_corner_a_dominant_02.png
Loading resource: res://.godot/imported/mask_corner_a_dominant_02.png-bd3c38b63920202f67915a9c479c0559.ctex remapped: res://.godot/imported/mask_corner_a_dominant_02.png-bd3c38b63920202f67915a9c479c0559.ctex
Completed load for: 'res://assets/overworld/terrain_masks/mask_corner_a_dominant_02.png' remapped 'res://assets/overworld/terrain_masks/mask_corner_a_dominant_02.png' at thread -1
Loading resource: res://assets/overworld/terrain_masks/mask_corner_a_dominant_03.png remapped: res://assets/overworld/terrain_masks/mask_corner_a_dominant_03.png
Loading resource: res://.godot/imported/mask_corner_a_dominant_03.png-c913f9e2fd4863fc5fbbfdae23700e86.ctex remapped: res://.godot/imported/mask_corner_a_dominant_03.png-c913f9e2fd4863fc5fbbfdae23700e86.ctex
Completed load for: 'res://assets/overworld/terrain_masks/mask_corner_a_dominant_03.png' remapped 'res://assets/overworld/terrain_masks/mask_corner_a_dominant_03.png' at thread -1
Loading resource: res://assets/overworld/terrain_masks/mask_corner_a_dominant_03.png remapped: res://assets/overworld/terrain_masks/mask_corner_a_dominant_03.png
Loading resource: res://.godot/imported/mask_corner_a_dominant_03.png-c913f9e2fd4863fc5fbbfdae23700e86.ctex remapped: res://.godot/imported/mask_corner_a_dominant_03.png-c913f9e2fd4863fc5fbbfdae23700e86.ctex
Completed load for: 'res://assets/overworld/terrain_masks/mask_corner_a_dominant_03.png' remapped 'res://assets/overworld/terrain_masks/mask_corner_a_dominant_03.png' at thread -1
Loading resource: res://assets/overworld/terrain_masks/mask_corner_a_dominant_02.png remapped: res://assets/overworld/terrain_masks/mask_corner_a_dominant_02.png
Loading resource: res://.godot/imported/mask_corner_a_dominant_02.png-bd3c38b63920202f67915a9c479c0559.ctex remapped: res://.godot/imported/mask_corner_a_dominant_02.png-bd3c38b63920202f67915a9c479c0559.ctex
Completed load for: 'res://assets/overworld/terrain_masks/mask_corner_a_dominant_02.png' remapped 'res://assets/overworld/terrain_masks/mask_corner_a_dominant_02.png' at thread -1
Loading resource: res://assets/overworld/terrain_masks/mask_corner_a_dominant_02.png remapped: res://assets/overworld/terrain_masks/mask_corner_a_dominant_02.png
Loading resource: res://.godot/imported/mask_corner_a_dominant_02.png-bd3c38b63920202f67915a9c479c0559.ctex remapped: res://.godot/imported/mask_corner_a_dominant_02.png-bd3c38b63920202f67915a9c479c0559.ctex
Completed load for: 'res://assets/overworld/terrain_masks/mask_corner_a_dominant_02.png' remapped 'res://assets/overworld/terrain_masks/mask_corner_a_dominant_02.png' at thread -1
Loading resource: res://assets/overworld/terrain_masks/mask_corner_b_dominant_02.png remapped: res://assets/overworld/terrain_masks/mask_corner_b_dominant_02.png
Loading resource: res://.godot/imported/mask_corner_b_dominant_02.png-5af894ea302ae02fa73810d46bd64bb7.ctex remapped: res://.godot/imported/mask_corner_b_dominant_02.png-5af894ea302ae02fa73810d46bd64bb7.ctex
Completed load for: 'res://assets/overworld/terrain_masks/mask_corner_b_dominant_02.png' remapped 'res://assets/overworld/terrain_masks/mask_corner_b_dominant_02.png' at thread -1
Loading resource: res://assets/overworld/terrain_masks/mask_corner_b_dominant_02.png remapped: res://assets/overworld/terrain_masks/mask_corner_b_dominant_02.png
Loading resource: res://.godot/imported/mask_corner_b_dominant_02.png-5af894ea302ae02fa73810d46bd64bb7.ctex remapped: res://.godot/imported/mask_corner_b_dominant_02.png-5af894ea302ae02fa73810d46bd64bb7.ctex
Completed load for: 'res://assets/overworld/terrain_masks/mask_corner_b_dominant_02.png' remapped 'res://assets/overworld/terrain_masks/mask_corner_b_dominant_02.png' at thread -1
Loading resource: res://assets/overworld/terrain_masks/mask_vertical_edge_small_00.png remapped: res://assets/overworld/terrain_masks/mask_vertical_edge_small_00.png
Loading resource: res://.godot/imported/mask_vertical_edge_small_00.png-0b73df9dc81033f0c6967b585d968555.ctex remapped: res://.godot/imported/mask_vertical_edge_small_00.png-0b73df9dc81033f0c6967b585d968555.ctex
Completed load for: 'res://assets/overworld/terrain_masks/mask_vertical_edge_small_00.png' remapped 'res://assets/overworld/terrain_masks/mask_vertical_edge_small_00.png' at thread -1
Loading resource: res://assets/overworld/terrain_masks/mask_vertical_edge_small_00.png remapped: res://assets/overworld/terrain_masks/mask_vertical_edge_small_00.png
Loading resource: res://.godot/imported/mask_vertical_edge_small_00.png-0b73df9dc81033f0c6967b585d968555.ctex remapped: res://.godot/imported/mask_vertical_edge_small_00.png-0b73df9dc81033f0c6967b585d968555.ctex
Completed load for: 'res://assets/overworld/terrain_masks/mask_vertical_edge_small_00.png' remapped 'res://assets/overworld/terrain_masks/mask_vertical_edge_small_00.png' at thread -1
Loading resource: res://assets/overworld/terrain_masks/mask_corner_b_dominant_02.png remapped: res://assets/overworld/terrain_masks/mask_corner_b_dominant_02.png
Loading resource: res://.godot/imported/mask_corner_b_dominant_02.png-5af894ea302ae02fa73810d46bd64bb7.ctex remapped: res://.godot/imported/mask_corner_b_dominant_02.png-5af894ea302ae02fa73810d46bd64bb7.ctex
Completed load for: 'res://assets/overworld/terrain_masks/mask_corner_b_dominant_02.png' remapped 'res://assets/overworld/terrain_masks/mask_corner_b_dominant_02.png' at thread -1
Loading resource: res://assets/overworld/terrain_masks/mask_corner_b_dominant_02.png remapped: res://assets/overworld/terrain_masks/mask_corner_b_dominant_02.png
Loading resource: res://.godot/imported/mask_corner_b_dominant_02.png-5af894ea302ae02fa73810d46bd64bb7.ctex remapped: res://.godot/imported/mask_corner_b_dominant_02.png-5af894ea302ae02fa73810d46bd64bb7.ctex
Completed load for: 'res://assets/overworld/terrain_masks/mask_corner_b_dominant_02.png' remapped 'res://assets/overworld/terrain_masks/mask_corner_b_dominant_02.png' at thread -1
Loading resource: res://assets/overworld/terrain_masks/mask_vertical_edge_small_00.png remapped: res://assets/overworld/terrain_masks/mask_vertical_edge_small_00.png
Loading resource: res://.godot/imported/mask_vertical_edge_small_00.png-0b73df9dc81033f0c6967b585d968555.ctex remapped: res://.godot/imported/mask_vertical_edge_small_00.png-0b73df9dc81033f0c6967b585d968555.ctex
Completed load for: 'res://assets/overworld/terrain_masks/mask_vertical_edge_small_00.png' remapped 'res://assets/overworld/terrain_masks/mask_vertical_edge_small_00.png' at thread -1
Loading resource: res://assets/overworld/terrain_masks/mask_vertical_edge_small_00.png remapped: res://assets/overworld/terrain_masks/mask_vertical_edge_small_00.png
Loading resource: res://.godot/imported/mask_vertical_edge_small_00.png-0b73df9dc81033f0c6967b585d968555.ctex remapped: res://.godot/imported/mask_vertical_edge_small_00.png-0b73df9dc81033f0c6967b585d968555.ctex
Completed load for: 'res://assets/overworld/terrain_masks/mask_vertical_edge_small_00.png' remapped 'res://assets/overworld/terrain_masks/mask_vertical_edge_small_00.png' at thread -1
Loading resource: res://assets/overworld/terrain_masks/mask_corner_b_dominant_02.png remapped: res://assets/overworld/terrain_masks/mask_corner_b_dominant_02.png
Loading resource: res://.godot/imported/mask_corner_b_dominant_02.png-5af894ea302ae02fa73810d46bd64bb7.ctex remapped: res://.godot/imported/mask_corner_b_dominant_02.png-5af894ea302ae02fa73810d46bd64bb7.ctex
Completed load for: 'res://assets/overworld/terrain_masks/mask_corner_b_dominant_02.png' remapped 'res://assets/overworld/terrain_masks/mask_corner_b_dominant_02.png' at thread -1
Loading resource: res://assets/overworld/terrain_masks/mask_corner_b_dominant_02.png remapped: res://assets/overworld/terrain_masks/mask_corner_b_dominant_02.png
Loading resource: res://.godot/imported/mask_corner_b_dominant_02.png-5af894ea302ae02fa73810d46bd64bb7.ctex remapped: res://.godot/imported/mask_corner_b_dominant_02.png-5af894ea302ae02fa73810d46bd64bb7.ctex
Completed load for: 'res://assets/overworld/terrain_masks/mask_corner_b_dominant_02.png' remapped 'res://assets/overworld/terrain_masks/mask_corner_b_dominant_02.png' at thread -1
Loading resource: res://assets/overworld/terrain_masks/mask_vertical_edge_small_00.png remapped: res://assets/overworld/terrain_masks/mask_vertical_edge_small_00.png
Loading resource: res://.godot/imported/mask_vertical_edge_small_00.png-0b73df9dc81033f0c6967b585d968555.ctex remapped: res://.godot/imported/mask_vertical_edge_small_00.png-0b73df9dc81033f0c6967b585d968555.ctex
Completed load for: 'res://assets/overworld/terrain_masks/mask_vertical_edge_small_00.png' remapped 'res://assets/overworld/terrain_masks/mask_vertical_edge_small_00.png' at thread -1
Loading resource: res://assets/overworld/terrain_masks/mask_vertical_edge_small_00.png remapped: res://assets/overworld/terrain_masks/mask_vertical_edge_small_00.png
Loading resource: res://.godot/imported/mask_vertical_edge_small_00.png-0b73df9dc81033f0c6967b585d968555.ctex remapped: res://.godot/imported/mask_vertical_edge_small_00.png-0b73df9dc81033f0c6967b585d968555.ctex
Completed load for: 'res://assets/overworld/terrain_masks/mask_vertical_edge_small_00.png' remapped 'res://assets/overworld/terrain_masks/mask_vertical_edge_small_00.png' at thread -1
Loading resource: res://assets/overworld/terrain_masks/mask_corner_b_dominant_02.png remapped: res://assets/overworld/terrain_masks/mask_corner_b_dominant_02.png
Loading resource: res://.godot/imported/mask_corner_b_dominant_02.png-5af894ea302ae02fa73810d46bd64bb7.ctex remapped: res://.godot/imported/mask_corner_b_dominant_02.png-5af894ea302ae02fa73810d46bd64bb7.ctex
Completed load for: 'res://assets/overworld/terrain_masks/mask_corner_b_dominant_02.png' remapped 'res://assets/overworld/terrain_masks/mask_corner_b_dominant_02.png' at thread -1
Loading resource: res://assets/overworld/terrain_masks/mask_corner_b_dominant_02.png remapped: res://assets/overworld/terrain_masks/mask_corner_b_dominant_02.png
Loading resource: res://.godot/imported/mask_corner_b_dominant_02.png-5af894ea302ae02fa73810d46bd64bb7.ctex remapped: res://.godot/imported/mask_corner_b_dominant_02.png-5af894ea302ae02fa73810d46bd64bb7.ctex
Completed load for: 'res://assets/overworld/terrain_masks/mask_corner_b_dominant_02.png' remapped 'res://assets/overworld/terrain_masks/mask_corner_b_dominant_02.png' at thread -1
Loading resource: res://assets/overworld/terrain_masks/mask_vertical_edge_small_00.png remapped: res://assets/overworld/terrain_masks/mask_vertical_edge_small_00.png
Loading resource: res://.godot/imported/mask_vertical_edge_small_00.png-0b73df9dc81033f0c6967b585d968555.ctex remapped: res://.godot/imported/mask_vertical_edge_small_00.png-0b73df9dc81033f0c6967b585d968555.ctex
Completed load for: 'res://assets/overworld/terrain_masks/mask_vertical_edge_small_00.png' remapped 'res://assets/overworld/terrain_masks/mask_vertical_edge_small_00.png' at thread -1
Loading resource: res://assets/overworld/terrain_masks/mask_vertical_edge_small_00.png remapped: res://assets/overworld/terrain_masks/mask_vertical_edge_small_00.png
Loading resource: res://.godot/imported/mask_vertical_edge_small_00.png-0b73df9dc81033f0c6967b585d968555.ctex remapped: res://.godot/imported/mask_vertical_edge_small_00.png-0b73df9dc81033f0c6967b585d968555.ctex
Completed load for: 'res://assets/overworld/terrain_masks/mask_vertical_edge_small_00.png' remapped 'res://assets/overworld/terrain_masks/mask_vertical_edge_small_00.png' at thread -1
Loading resource: res://assets/overworld/terrain_masks/mask_vertical_edge_small_04.png remapped: res://assets/overworld/terrain_masks/mask_vertical_edge_small_04.png
Loading resource: res://.godot/imported/mask_vertical_edge_small_04.png-1607ba2fd4f203d5d2b7386d4c801884.ctex remapped: res://.godot/imported/mask_vertical_edge_small_04.png-1607ba2fd4f203d5d2b7386d4c801884.ctex
Completed load for: 'res://assets/overworld/terrain_masks/mask_vertical_edge_small_04.png' remapped 'res://assets/overworld/terrain_masks/mask_vertical_edge_small_04.png' at thread -1
Loading resource: res://assets/overworld/terrain_masks/mask_vertical_edge_small_04.png remapped: res://assets/overworld/terrain_masks/mask_vertical_edge_small_04.png
Loading resource: res://.godot/imported/mask_vertical_edge_small_04.png-1607ba2fd4f203d5d2b7386d4c801884.ctex remapped: res://.godot/imported/mask_vertical_edge_small_04.png-1607ba2fd4f203d5d2b7386d4c801884.ctex
Completed load for: 'res://assets/overworld/terrain_masks/mask_vertical_edge_small_04.png' remapped 'res://assets/overworld/terrain_masks/mask_vertical_edge_small_04.png' at thread -1
Loading resource: res://assets/overworld/terrain_masks/mask_vertical_edge_small_04.png remapped: res://assets/overworld/terrain_masks/mask_vertical_edge_small_04.png
Loading resource: res://.godot/imported/mask_vertical_edge_small_04.png-1607ba2fd4f203d5d2b7386d4c801884.ctex remapped: res://.godot/imported/mask_vertical_edge_small_04.png-1607ba2fd4f203d5d2b7386d4c801884.ctex
Completed load for: 'res://assets/overworld/terrain_masks/mask_vertical_edge_small_04.png' remapped 'res://assets/overworld/terrain_masks/mask_vertical_edge_small_04.png' at thread -1
Loading resource: res://assets/overworld/terrain_masks/mask_vertical_edge_small_04.png remapped: res://assets/overworld/terrain_masks/mask_vertical_edge_small_04.png
Loading resource: res://.godot/imported/mask_vertical_edge_small_04.png-1607ba2fd4f203d5d2b7386d4c801884.ctex remapped: res://.godot/imported/mask_vertical_edge_small_04.png-1607ba2fd4f203d5d2b7386d4c801884.ctex
Completed load for: 'res://assets/overworld/terrain_masks/mask_vertical_edge_small_04.png' remapped 'res://assets/overworld/terrain_masks/mask_vertical_edge_small_04.png' at thread -1
Loading resource: res://assets/overworld/terrain_masks/mask_vertical_edge_small_04.png remapped: res://assets/overworld/terrain_masks/mask_vertical_edge_small_04.png
Loading resource: res://.godot/imported/mask_vertical_edge_small_04.png-1607ba2fd4f203d5d2b7386d4c801884.ctex remapped: res://.godot/imported/mask_vertical_edge_small_04.png-1607ba2fd4f203d5d2b7386d4c801884.ctex
Completed load for: 'res://assets/overworld/terrain_masks/mask_vertical_edge_small_04.png' remapped 'res://assets/overworld/terrain_masks/mask_vertical_edge_small_04.png' at thread -1
Loading resource: res://assets/overworld/terrain_masks/mask_vertical_edge_small_04.png remapped: res://assets/overworld/terrain_masks/mask_vertical_edge_small_04.png
Loading resource: res://.godot/imported/mask_vertical_edge_small_04.png-1607ba2fd4f203d5d2b7386d4c801884.ctex remapped: res://.godot/imported/mask_vertical_edge_small_04.png-1607ba2fd4f203d5d2b7386d4c801884.ctex
Completed load for: 'res://assets/overworld/terrain_masks/mask_vertical_edge_small_04.png' remapped 'res://assets/overworld/terrain_masks/mask_vertical_edge_small_04.png' at thread -1
Loading resource: res://assets/overworld/terrain_masks/mask_vertical_edge_small_04.png remapped: res://assets/overworld/terrain_masks/mask_vertical_edge_small_04.png
Loading resource: res://.godot/imported/mask_vertical_edge_small_04.png-1607ba2fd4f203d5d2b7386d4c801884.ctex remapped: res://.godot/imported/mask_vertical_edge_small_04.png-1607ba2fd4f203d5d2b7386d4c801884.ctex
Completed load for: 'res://assets/overworld/terrain_masks/mask_vertical_edge_small_04.png' remapped 'res://assets/overworld/terrain_masks/mask_vertical_edge_small_04.png' at thread -1
Loading resource: res://assets/overworld/terrain_masks/mask_vertical_edge_small_04.png remapped: res://assets/overworld/terrain_masks/mask_vertical_edge_small_04.png
Loading resource: res://.godot/imported/mask_vertical_edge_small_04.png-1607ba2fd4f203d5d2b7386d4c801884.ctex remapped: res://.godot/imported/mask_vertical_edge_small_04.png-1607ba2fd4f203d5d2b7386d4c801884.ctex
Completed load for: 'res://assets/overworld/terrain_masks/mask_vertical_edge_small_04.png' remapped 'res://assets/overworld/terrain_masks/mask_vertical_edge_small_04.png' at thread -1
Loading resource: res://assets/overworld/terrain_masks/mask_vertical_edge_small_03.png remapped: res://assets/overworld/terrain_masks/mask_vertical_edge_small_03.png
Loading resource: res://.godot/imported/mask_vertical_edge_small_03.png-292b023af94446e5b4bcd26a88e46bb2.ctex remapped: res://.godot/imported/mask_vertical_edge_small_03.png-292b023af94446e5b4bcd26a88e46bb2.ctex
Completed load for: 'res://assets/overworld/terrain_masks/mask_vertical_edge_small_03.png' remapped 'res://assets/overworld/terrain_masks/mask_vertical_edge_small_03.png' at thread -1
Loading resource: res://assets/overworld/terrain_masks/mask_vertical_edge_small_03.png remapped: res://assets/overworld/terrain_masks/mask_vertical_edge_small_03.png
Loading resource: res://.godot/imported/mask_vertical_edge_small_03.png-292b023af94446e5b4bcd26a88e46bb2.ctex remapped: res://.godot/imported/mask_vertical_edge_small_03.png-292b023af94446e5b4bcd26a88e46bb2.ctex
Completed load for: 'res://assets/overworld/terrain_masks/mask_vertical_edge_small_03.png' remapped 'res://assets/overworld/terrain_masks/mask_vertical_edge_small_03.png' at thread -1
Loading resource: res://assets/overworld/terrain_masks/mask_vertical_edge_small_03.png remapped: res://assets/overworld/terrain_masks/mask_vertical_edge_small_03.png
Loading resource: res://.godot/imported/mask_vertical_edge_small_03.png-292b023af94446e5b4bcd26a88e46bb2.ctex remapped: res://.godot/imported/mask_vertical_edge_small_03.png-292b023af94446e5b4bcd26a88e46bb2.ctex
Completed load for: 'res://assets/overworld/terrain_masks/mask_vertical_edge_small_03.png' remapped 'res://assets/overworld/terrain_masks/mask_vertical_edge_small_03.png' at thread -1
Loading resource: res://assets/overworld/terrain_masks/mask_vertical_edge_small_03.png remapped: res://assets/overworld/terrain_masks/mask_vertical_edge_small_03.png
Loading resource: res://.godot/imported/mask_vertical_edge_small_03.png-292b023af94446e5b4bcd26a88e46bb2.ctex remapped: res://.godot/imported/mask_vertical_edge_small_03.png-292b023af94446e5b4bcd26a88e46bb2.ctex
Completed load for: 'res://assets/overworld/terrain_masks/mask_vertical_edge_small_03.png' remapped 'res://assets/overworld/terrain_masks/mask_vertical_edge_small_03.png' at thread -1
Loading resource: res://assets/overworld/terrain_masks/mask_vertical_edge_small_03.png remapped: res://assets/overworld/terrain_masks/mask_vertical_edge_small_03.png
Loading resource: res://.godot/imported/mask_vertical_edge_small_03.png-292b023af94446e5b4bcd26a88e46bb2.ctex remapped: res://.godot/imported/mask_vertical_edge_small_03.png-292b023af94446e5b4bcd26a88e46bb2.ctex
Completed load for: 'res://assets/overworld/terrain_masks/mask_vertical_edge_small_03.png' remapped 'res://assets/overworld/terrain_masks/mask_vertical_edge_small_03.png' at thread -1
Loading resource: res://assets/overworld/terrain_masks/mask_vertical_edge_small_03.png remapped: res://assets/overworld/terrain_masks/mask_vertical_edge_small_03.png
Loading resource: res://.godot/imported/mask_vertical_edge_small_03.png-292b023af94446e5b4bcd26a88e46bb2.ctex remapped: res://.godot/imported/mask_vertical_edge_small_03.png-292b023af94446e5b4bcd26a88e46bb2.ctex
Completed load for: 'res://assets/overworld/terrain_masks/mask_vertical_edge_small_03.png' remapped 'res://assets/overworld/terrain_masks/mask_vertical_edge_small_03.png' at thread -1
Loading resource: res://assets/overworld/terrain_masks/mask_vertical_edge_small_03.png remapped: res://assets/overworld/terrain_masks/mask_vertical_edge_small_03.png
Loading resource: res://.godot/imported/mask_vertical_edge_small_03.png-292b023af94446e5b4bcd26a88e46bb2.ctex remapped: res://.godot/imported/mask_vertical_edge_small_03.png-292b023af94446e5b4bcd26a88e46bb2.ctex
Completed load for: 'res://assets/overworld/terrain_masks/mask_vertical_edge_small_03.png' remapped 'res://assets/overworld/terrain_masks/mask_vertical_edge_small_03.png' at thread -1
Loading resource: res://assets/overworld/terrain_masks/mask_vertical_edge_small_03.png remapped: res://assets/overworld/terrain_masks/mask_vertical_edge_small_03.png
Loading resource: res://.godot/imported/mask_vertical_edge_small_03.png-292b023af94446e5b4bcd26a88e46bb2.ctex remapped: res://.godot/imported/mask_vertical_edge_small_03.png-292b023af94446e5b4bcd26a88e46bb2.ctex
Completed load for: 'res://assets/overworld/terrain_masks/mask_vertical_edge_small_03.png' remapped 'res://assets/overworld/terrain_masks/mask_vertical_edge_small_03.png' at thread -1
Loading resource: res://assets/overworld/terrain_masks/mask_vertical_edge_small_03.png remapped: res://assets/overworld/terrain_masks/mask_vertical_edge_small_03.png
Loading resource: res://.godot/imported/mask_vertical_edge_small_03.png-292b023af94446e5b4bcd26a88e46bb2.ctex remapped: res://.godot/imported/mask_vertical_edge_small_03.png-292b023af94446e5b4bcd26a88e46bb2.ctex
Completed load for: 'res://assets/overworld/terrain_masks/mask_vertical_edge_small_03.png' remapped 'res://assets/overworld/terrain_masks/mask_vertical_edge_small_03.png' at thread -1
Loading resource: res://assets/overworld/terrain_masks/mask_vertical_edge_small_03.png remapped: res://assets/overworld/terrain_masks/mask_vertical_edge_small_03.png
Loading resource: res://.godot/imported/mask_vertical_edge_small_03.png-292b023af94446e5b4bcd26a88e46bb2.ctex remapped: res://.godot/imported/mask_vertical_edge_small_03.png-292b023af94446e5b4bcd26a88e46bb2.ctex
Completed load for: 'res://assets/overworld/terrain_masks/mask_vertical_edge_small_03.png' remapped 'res://assets/overworld/terrain_masks/mask_vertical_edge_small_03.png' at thread -1
Loading resource: res://assets/overworld/terrain_masks/mask_vertical_edge_small_02.png remapped: res://assets/overworld/terrain_masks/mask_vertical_edge_small_02.png
Loading resource: res://.godot/imported/mask_vertical_edge_small_02.png-9180eb89955eaa2ca72016667bc9a4f2.ctex remapped: res://.godot/imported/mask_vertical_edge_small_02.png-9180eb89955eaa2ca72016667bc9a4f2.ctex
Completed load for: 'res://assets/overworld/terrain_masks/mask_vertical_edge_small_02.png' remapped 'res://assets/overworld/terrain_masks/mask_vertical_edge_small_02.png' at thread -1
Loading resource: res://assets/overworld/terrain_masks/mask_vertical_edge_small_02.png remapped: res://assets/overworld/terrain_masks/mask_vertical_edge_small_02.png
Loading resource: res://.godot/imported/mask_vertical_edge_small_02.png-9180eb89955eaa2ca72016667bc9a4f2.ctex remapped: res://.godot/imported/mask_vertical_edge_small_02.png-9180eb89955eaa2ca72016667bc9a4f2.ctex
Completed load for: 'res://assets/overworld/terrain_masks/mask_vertical_edge_small_02.png' remapped 'res://assets/overworld/terrain_masks/mask_vertical_edge_small_02.png' at thread -1
Loading resource: res://assets/overworld/terrain_masks/mask_vertical_edge_small_02.png remapped: res://assets/overworld/terrain_masks/mask_vertical_edge_small_02.png
Loading resource: res://.godot/imported/mask_vertical_edge_small_02.png-9180eb89955eaa2ca72016667bc9a4f2.ctex remapped: res://.godot/imported/mask_vertical_edge_small_02.png-9180eb89955eaa2ca72016667bc9a4f2.ctex
Completed load for: 'res://assets/overworld/terrain_masks/mask_vertical_edge_small_02.png' remapped 'res://assets/overworld/terrain_masks/mask_vertical_edge_small_02.png' at thread -1
Loading resource: res://assets/overworld/terrain_masks/mask_vertical_edge_small_02.png remapped: res://assets/overworld/terrain_masks/mask_vertical_edge_small_02.png
Loading resource: res://.godot/imported/mask_vertical_edge_small_02.png-9180eb89955eaa2ca72016667bc9a4f2.ctex remapped: res://.godot/imported/mask_vertical_edge_small_02.png-9180eb89955eaa2ca72016667bc9a4f2.ctex
Completed load for: 'res://assets/overworld/terrain_masks/mask_vertical_edge_small_02.png' remapped 'res://assets/overworld/terrain_masks/mask_vertical_edge_small_02.png' at thread -1
Loading resource: res://assets/overworld/terrain_masks/mask_vertical_edge_small_02.png remapped: res://assets/overworld/terrain_masks/mask_vertical_edge_small_02.png
Loading resource: res://.godot/imported/mask_vertical_edge_small_02.png-9180eb89955eaa2ca72016667bc9a4f2.ctex remapped: res://.godot/imported/mask_vertical_edge_small_02.png-9180eb89955eaa2ca72016667bc9a4f2.ctex
Completed load for: 'res://assets/overworld/terrain_masks/mask_vertical_edge_small_02.png' remapped 'res://assets/overworld/terrain_masks/mask_vertical_edge_small_02.png' at thread -1
Loading resource: res://assets/overworld/terrain_masks/mask_vertical_edge_small_02.png remapped: res://assets/overworld/terrain_masks/mask_vertical_edge_small_02.png
Loading resource: res://.godot/imported/mask_vertical_edge_small_02.png-9180eb89955eaa2ca72016667bc9a4f2.ctex remapped: res://.godot/imported/mask_vertical_edge_small_02.png-9180eb89955eaa2ca72016667bc9a4f2.ctex
Completed load for: 'res://assets/overworld/terrain_masks/mask_vertical_edge_small_02.png' remapped 'res://assets/overworld/terrain_masks/mask_vertical_edge_small_02.png' at thread -1
Loading resource: res://assets/overworld/terrain_masks/mask_vertical_edge_small_02.png remapped: res://assets/overworld/terrain_masks/mask_vertical_edge_small_02.png
Loading resource: res://.godot/imported/mask_vertical_edge_small_02.png-9180eb89955eaa2ca72016667bc9a4f2.ctex remapped: res://.godot/imported/mask_vertical_edge_small_02.png-9180eb89955eaa2ca72016667bc9a4f2.ctex
Completed load for: 'res://assets/overworld/terrain_masks/mask_vertical_edge_small_02.png' remapped 'res://assets/overworld/terrain_masks/mask_vertical_edge_small_02.png' at thread -1
Loading resource: res://assets/overworld/terrain_masks/mask_vertical_edge_small_02.png remapped: res://assets/overworld/terrain_masks/mask_vertical_edge_small_02.png
Loading resource: res://.godot/imported/mask_vertical_edge_small_02.png-9180eb89955eaa2ca72016667bc9a4f2.ctex remapped: res://.godot/imported/mask_vertical_edge_small_02.png-9180eb89955eaa2ca72016667bc9a4f2.ctex
Completed load for: 'res://assets/overworld/terrain_masks/mask_vertical_edge_small_02.png' remapped 'res://assets/overworld/terrain_masks/mask_vertical_edge_small_02.png' at thread -1
Loading resource: res://assets/overworld/terrain_masks/mask_vertical_edge_small_00.png remapped: res://assets/overworld/terrain_masks/mask_vertical_edge_small_00.png
Loading resource: res://.godot/imported/mask_vertical_edge_small_00.png-0b73df9dc81033f0c6967b585d968555.ctex remapped: res://.godot/imported/mask_vertical_edge_small_00.png-0b73df9dc81033f0c6967b585d968555.ctex
Completed load for: 'res://assets/overworld/terrain_masks/mask_vertical_edge_small_00.png' remapped 'res://assets/overworld/terrain_masks/mask_vertical_edge_small_00.png' at thread -1
Loading resource: res://assets/overworld/terrain_masks/mask_vertical_edge_small_00.png remapped: res://assets/overworld/terrain_masks/mask_vertical_edge_small_00.png
Loading resource: res://.godot/imported/mask_vertical_edge_small_00.png-0b73df9dc81033f0c6967b585d968555.ctex remapped: res://.godot/imported/mask_vertical_edge_small_00.png-0b73df9dc81033f0c6967b585d968555.ctex
Completed load for: 'res://assets/overworld/terrain_masks/mask_vertical_edge_small_00.png' remapped 'res://assets/overworld/terrain_masks/mask_vertical_edge_small_00.png' at thread -1
Loading resource: res://assets/overworld/terrain_masks/mask_vertical_edge_small_00.png remapped: res://assets/overworld/terrain_masks/mask_vertical_edge_small_00.png
Loading resource: res://.godot/imported/mask_vertical_edge_small_00.png-0b73df9dc81033f0c6967b585d968555.ctex remapped: res://.godot/imported/mask_vertical_edge_small_00.png-0b73df9dc81033f0c6967b585d968555.ctex
Completed load for: 'res://assets/overworld/terrain_masks/mask_vertical_edge_small_00.png' remapped 'res://assets/overworld/terrain_masks/mask_vertical_edge_small_00.png' at thread -1
Loading resource: res://assets/overworld/terrain_masks/mask_vertical_edge_small_00.png remapped: res://assets/overworld/terrain_masks/mask_vertical_edge_small_00.png
Loading resource: res://.godot/imported/mask_vertical_edge_small_00.png-0b73df9dc81033f0c6967b585d968555.ctex remapped: res://.godot/imported/mask_vertical_edge_small_00.png-0b73df9dc81033f0c6967b585d968555.ctex
Completed load for: 'res://assets/overworld/terrain_masks/mask_vertical_edge_small_00.png' remapped 'res://assets/overworld/terrain_masks/mask_vertical_edge_small_00.png' at thread -1
Loading resource: res://assets/overworld/terrain_masks/mask_vertical_edge_small_00.png remapped: res://assets/overworld/terrain_masks/mask_vertical_edge_small_00.png
Loading resource: res://.godot/imported/mask_vertical_edge_small_00.png-0b73df9dc81033f0c6967b585d968555.ctex remapped: res://.godot/imported/mask_vertical_edge_small_00.png-0b73df9dc81033f0c6967b585d968555.ctex
Completed load for: 'res://assets/overworld/terrain_masks/mask_vertical_edge_small_00.png' remapped 'res://assets/overworld/terrain_masks/mask_vertical_edge_small_00.png' at thread -1
Loading resource: res://assets/overworld/terrain_masks/mask_vertical_edge_small_00.png remapped: res://assets/overworld/terrain_masks/mask_vertical_edge_small_00.png
Loading resource: res://.godot/imported/mask_vertical_edge_small_00.png-0b73df9dc81033f0c6967b585d968555.ctex remapped: res://.godot/imported/mask_vertical_edge_small_00.png-0b73df9dc81033f0c6967b585d968555.ctex
Completed load for: 'res://assets/overworld/terrain_masks/mask_vertical_edge_small_00.png' remapped 'res://assets/overworld/terrain_masks/mask_vertical_edge_small_00.png' at thread -1
Loading resource: res://assets/overworld/terrain_masks/mask_vertical_edge_small_00.png remapped: res://assets/overworld/terrain_masks/mask_vertical_edge_small_00.png
Loading resource: res://.godot/imported/mask_vertical_edge_small_00.png-0b73df9dc81033f0c6967b585d968555.ctex remapped: res://.godot/imported/mask_vertical_edge_small_00.png-0b73df9dc81033f0c6967b585d968555.ctex
Completed load for: 'res://assets/overworld/terrain_masks/mask_vertical_edge_small_00.png' remapped 'res://assets/overworld/terrain_masks/mask_vertical_edge_small_00.png' at thread -1
Loading resource: res://assets/overworld/terrain_masks/mask_vertical_edge_small_00.png remapped: res://assets/overworld/terrain_masks/mask_vertical_edge_small_00.png
Loading resource: res://.godot/imported/mask_vertical_edge_small_00.png-0b73df9dc81033f0c6967b585d968555.ctex remapped: res://.godot/imported/mask_vertical_edge_small_00.png-0b73df9dc81033f0c6967b585d968555.ctex
Completed load for: 'res://assets/overworld/terrain_masks/mask_vertical_edge_small_00.png' remapped 'res://assets/overworld/terrain_masks/mask_vertical_edge_small_00.png' at thread -1
Loading resource: res://assets/overworld/terrain_masks/mask_vertical_edge_small_00.png remapped: res://assets/overworld/terrain_masks/mask_vertical_edge_small_00.png
Loading resource: res://.godot/imported/mask_vertical_edge_small_00.png-0b73df9dc81033f0c6967b585d968555.ctex remapped: res://.godot/imported/mask_vertical_edge_small_00.png-0b73df9dc81033f0c6967b585d968555.ctex
Completed load for: 'res://assets/overworld/terrain_masks/mask_vertical_edge_small_00.png' remapped 'res://assets/overworld/terrain_masks/mask_vertical_edge_small_00.png' at thread -1
Loading resource: res://assets/overworld/terrain_masks/mask_vertical_edge_small_00.png remapped: res://assets/overworld/terrain_masks/mask_vertical_edge_small_00.png
Loading resource: res://.godot/imported/mask_vertical_edge_small_00.png-0b73df9dc81033f0c6967b585d968555.ctex remapped: res://.godot/imported/mask_vertical_edge_small_00.png-0b73df9dc81033f0c6967b585d968555.ctex
Completed load for: 'res://assets/overworld/terrain_masks/mask_vertical_edge_small_00.png' remapped 'res://assets/overworld/terrain_masks/mask_vertical_edge_small_00.png' at thread -1
Loading resource: res://assets/overworld/terrain_masks/mask_vertical_edge_small_00.png remapped: res://assets/overworld/terrain_masks/mask_vertical_edge_small_00.png
Loading resource: res://.godot/imported/mask_vertical_edge_small_00.png-0b73df9dc81033f0c6967b585d968555.ctex remapped: res://.godot/imported/mask_vertical_edge_small_00.png-0b73df9dc81033f0c6967b585d968555.ctex
Completed load for: 'res://assets/overworld/terrain_masks/mask_vertical_edge_small_00.png' remapped 'res://assets/overworld/terrain_masks/mask_vertical_edge_small_00.png' at thread -1
Loading resource: res://assets/overworld/terrain_masks/mask_vertical_edge_small_00.png remapped: res://assets/overworld/terrain_masks/mask_vertical_edge_small_00.png
Loading resource: res://.godot/imported/mask_vertical_edge_small_00.png-0b73df9dc81033f0c6967b585d968555.ctex remapped: res://.godot/imported/mask_vertical_edge_small_00.png-0b73df9dc81033f0c6967b585d968555.ctex
Completed load for: 'res://assets/overworld/terrain_masks/mask_vertical_edge_small_00.png' remapped 'res://assets/overworld/terrain_masks/mask_vertical_edge_small_00.png' at thread -1
Loading resource: res://assets/overworld/terrain_masks/mask_vertical_edge_small_00.png remapped: res://assets/overworld/terrain_masks/mask_vertical_edge_small_00.png
Loading resource: res://.godot/imported/mask_vertical_edge_small_00.png-0b73df9dc81033f0c6967b585d968555.ctex remapped: res://.godot/imported/mask_vertical_edge_small_00.png-0b73df9dc81033f0c6967b585d968555.ctex
Completed load for: 'res://assets/overworld/terrain_masks/mask_vertical_edge_small_00.png' remapped 'res://assets/overworld/terrain_masks/mask_vertical_edge_small_00.png' at thread -1
Loading resource: res://assets/overworld/terrain_masks/mask_vertical_edge_small_00.png remapped: res://assets/overworld/terrain_masks/mask_vertical_edge_small_00.png
Loading resource: res://.godot/imported/mask_vertical_edge_small_00.png-0b73df9dc81033f0c6967b585d968555.ctex remapped: res://.godot/imported/mask_vertical_edge_small_00.png-0b73df9dc81033f0c6967b585d968555.ctex
Completed load for: 'res://assets/overworld/terrain_masks/mask_vertical_edge_small_00.png' remapped 'res://assets/overworld/terrain_masks/mask_vertical_edge_small_00.png' at thread -1
Loading resource: res://assets/overworld/terrain_masks/mask_vertical_edge_small_00.png remapped: res://assets/overworld/terrain_masks/mask_vertical_edge_small_00.png
Loading resource: res://.godot/imported/mask_vertical_edge_small_00.png-0b73df9dc81033f0c6967b585d968555.ctex remapped: res://.godot/imported/mask_vertical_edge_small_00.png-0b73df9dc81033f0c6967b585d968555.ctex
Completed load for: 'res://assets/overworld/terrain_masks/mask_vertical_edge_small_00.png' remapped 'res://assets/overworld/terrain_masks/mask_vertical_edge_small_00.png' at thread -1
Loading resource: res://assets/overworld/terrain_masks/mask_vertical_edge_small_00.png remapped: res://assets/overworld/terrain_masks/mask_vertical_edge_small_00.png
Loading resource: res://.godot/imported/mask_vertical_edge_small_00.png-0b73df9dc81033f0c6967b585d968555.ctex remapped: res://.godot/imported/mask_vertical_edge_small_00.png-0b73df9dc81033f0c6967b585d968555.ctex
Completed load for: 'res://assets/overworld/terrain_masks/mask_vertical_edge_small_00.png' remapped 'res://assets/overworld/terrain_masks/mask_vertical_edge_small_00.png' at thread -1
Loading resource: res://assets/overworld/terrain_masks/mask_vertical_edge_small_00.png remapped: res://assets/overworld/terrain_masks/mask_vertical_edge_small_00.png
Loading resource: res://.godot/imported/mask_vertical_edge_small_00.png-0b73df9dc81033f0c6967b585d968555.ctex remapped: res://.godot/imported/mask_vertical_edge_small_00.png-0b73df9dc81033f0c6967b585d968555.ctex
Completed load for: 'res://assets/overworld/terrain_masks/mask_vertical_edge_small_00.png' remapped 'res://assets/overworld/terrain_masks/mask_vertical_edge_small_00.png' at thread -1
Loading resource: res://assets/overworld/terrain_masks/mask_vertical_edge_small_00.png remapped: res://assets/overworld/terrain_masks/mask_vertical_edge_small_00.png
Loading resource: res://.godot/imported/mask_vertical_edge_small_00.png-0b73df9dc81033f0c6967b585d968555.ctex remapped: res://.godot/imported/mask_vertical_edge_small_00.png-0b73df9dc81033f0c6967b585d968555.ctex
Completed load for: 'res://assets/overworld/terrain_masks/mask_vertical_edge_small_00.png' remapped 'res://assets/overworld/terrain_masks/mask_vertical_edge_small_00.png' at thread -1
Loading resource: res://assets/overworld/terrain_masks/mask_vertical_edge_small_01.png remapped: res://assets/overworld/terrain_masks/mask_vertical_edge_small_01.png
Loading resource: res://.godot/imported/mask_vertical_edge_small_01.png-ca781f158bc3ba2f46054307b17ca229.ctex remapped: res://.godot/imported/mask_vertical_edge_small_01.png-ca781f158bc3ba2f46054307b17ca229.ctex
Completed load for: 'res://assets/overworld/terrain_masks/mask_vertical_edge_small_01.png' remapped 'res://assets/overworld/terrain_masks/mask_vertical_edge_small_01.png' at thread -1
Loading resource: res://assets/overworld/terrain_masks/mask_vertical_edge_small_01.png remapped: res://assets/overworld/terrain_masks/mask_vertical_edge_small_01.png
Loading resource: res://.godot/imported/mask_vertical_edge_small_01.png-ca781f158bc3ba2f46054307b17ca229.ctex remapped: res://.godot/imported/mask_vertical_edge_small_01.png-ca781f158bc3ba2f46054307b17ca229.ctex
Completed load for: 'res://assets/overworld/terrain_masks/mask_vertical_edge_small_01.png' remapped 'res://assets/overworld/terrain_masks/mask_vertical_edge_small_01.png' at thread -1
Loading resource: res://assets/overworld/terrain_masks/mask_vertical_edge_small_01.png remapped: res://assets/overworld/terrain_masks/mask_vertical_edge_small_01.png
Loading resource: res://.godot/imported/mask_vertical_edge_small_01.png-ca781f158bc3ba2f46054307b17ca229.ctex remapped: res://.godot/imported/mask_vertical_edge_small_01.png-ca781f158bc3ba2f46054307b17ca229.ctex
Completed load for: 'res://assets/overworld/terrain_masks/mask_vertical_edge_small_01.png' remapped 'res://assets/overworld/terrain_masks/mask_vertical_edge_small_01.png' at thread -1
Loading resource: res://assets/overworld/terrain_masks/mask_vertical_edge_small_01.png remapped: res://assets/overworld/terrain_masks/mask_vertical_edge_small_01.png
Loading resource: res://.godot/imported/mask_vertical_edge_small_01.png-ca781f158bc3ba2f46054307b17ca229.ctex remapped: res://.godot/imported/mask_vertical_edge_small_01.png-ca781f158bc3ba2f46054307b17ca229.ctex
Completed load for: 'res://assets/overworld/terrain_masks/mask_vertical_edge_small_01.png' remapped 'res://assets/overworld/terrain_masks/mask_vertical_edge_small_01.png' at thread -1
Loading resource: res://assets/overworld/terrain_masks/mask_vertical_edge_small_01.png remapped: res://assets/overworld/terrain_masks/mask_vertical_edge_small_01.png
Loading resource: res://.godot/imported/mask_vertical_edge_small_01.png-ca781f158bc3ba2f46054307b17ca229.ctex remapped: res://.godot/imported/mask_vertical_edge_small_01.png-ca781f158bc3ba2f46054307b17ca229.ctex
Completed load for: 'res://assets/overworld/terrain_masks/mask_vertical_edge_small_01.png' remapped 'res://assets/overworld/terrain_masks/mask_vertical_edge_small_01.png' at thread -1
Loading resource: res://assets/overworld/terrain_masks/mask_vertical_edge_small_01.png remapped: res://assets/overworld/terrain_masks/mask_vertical_edge_small_01.png
Loading resource: res://.godot/imported/mask_vertical_edge_small_01.png-ca781f158bc3ba2f46054307b17ca229.ctex remapped: res://.godot/imported/mask_vertical_edge_small_01.png-ca781f158bc3ba2f46054307b17ca229.ctex
Completed load for: 'res://assets/overworld/terrain_masks/mask_vertical_edge_small_01.png' remapped 'res://assets/overworld/terrain_masks/mask_vertical_edge_small_01.png' at thread -1
Loading resource: res://assets/overworld/terrain_masks/mask_vertical_edge_small_01.png remapped: res://assets/overworld/terrain_masks/mask_vertical_edge_small_01.png
Loading resource: res://.godot/imported/mask_vertical_edge_small_01.png-ca781f158bc3ba2f46054307b17ca229.ctex remapped: res://.godot/imported/mask_vertical_edge_small_01.png-ca781f158bc3ba2f46054307b17ca229.ctex
Completed load for: 'res://assets/overworld/terrain_masks/mask_vertical_edge_small_01.png' remapped 'res://assets/overworld/terrain_masks/mask_vertical_edge_small_01.png' at thread -1
Loading resource: res://assets/overworld/terrain_masks/mask_vertical_edge_small_01.png remapped: res://assets/overworld/terrain_masks/mask_vertical_edge_small_01.png
Loading resource: res://.godot/imported/mask_vertical_edge_small_01.png-ca781f158bc3ba2f46054307b17ca229.ctex remapped: res://.godot/imported/mask_vertical_edge_small_01.png-ca781f158bc3ba2f46054307b17ca229.ctex
Completed load for: 'res://assets/overworld/terrain_masks/mask_vertical_edge_small_01.png' remapped 'res://assets/overworld/terrain_masks/mask_vertical_edge_small_01.png' at thread -1
Loading resource: res://assets/overworld/terrain_masks/mask_corner_a_dominant_01.png remapped: res://assets/overworld/terrain_masks/mask_corner_a_dominant_01.png
Loading resource: res://.godot/imported/mask_corner_a_dominant_01.png-53ee1f73631e43ff8444faeb79c34332.ctex remapped: res://.godot/imported/mask_corner_a_dominant_01.png-53ee1f73631e43ff8444faeb79c34332.ctex
Completed load for: 'res://assets/overworld/terrain_masks/mask_corner_a_dominant_01.png' remapped 'res://assets/overworld/terrain_masks/mask_corner_a_dominant_01.png' at thread -1
Loading resource: res://assets/overworld/terrain_masks/mask_corner_a_dominant_01.png remapped: res://assets/overworld/terrain_masks/mask_corner_a_dominant_01.png
Loading resource: res://.godot/imported/mask_corner_a_dominant_01.png-53ee1f73631e43ff8444faeb79c34332.ctex remapped: res://.godot/imported/mask_corner_a_dominant_01.png-53ee1f73631e43ff8444faeb79c34332.ctex
Completed load for: 'res://assets/overworld/terrain_masks/mask_corner_a_dominant_01.png' remapped 'res://assets/overworld/terrain_masks/mask_corner_a_dominant_01.png' at thread -1
Loading resource: res://assets/overworld/terrain_masks/mask_horizontal_edge_small_02.png remapped: res://assets/overworld/terrain_masks/mask_horizontal_edge_small_02.png
Loading resource: res://.godot/imported/mask_horizontal_edge_small_02.png-61f57c402c9b58e86f60eabe83a6eb85.ctex remapped: res://.godot/imported/mask_horizontal_edge_small_02.png-61f57c402c9b58e86f60eabe83a6eb85.ctex
Completed load for: 'res://assets/overworld/terrain_masks/mask_horizontal_edge_small_02.png' remapped 'res://assets/overworld/terrain_masks/mask_horizontal_edge_small_02.png' at thread -1
Loading resource: res://assets/overworld/terrain_masks/mask_horizontal_edge_small_02.png remapped: res://assets/overworld/terrain_masks/mask_horizontal_edge_small_02.png
Loading resource: res://.godot/imported/mask_horizontal_edge_small_02.png-61f57c402c9b58e86f60eabe83a6eb85.ctex remapped: res://.godot/imported/mask_horizontal_edge_small_02.png-61f57c402c9b58e86f60eabe83a6eb85.ctex
Completed load for: 'res://assets/overworld/terrain_masks/mask_horizontal_edge_small_02.png' remapped 'res://assets/overworld/terrain_masks/mask_horizontal_edge_small_02.png' at thread -1
Loading resource: res://assets/overworld/terrain_masks/mask_corner_b_dominant_03.png remapped: res://assets/overworld/terrain_masks/mask_corner_b_dominant_03.png
Loading resource: res://.godot/imported/mask_corner_b_dominant_03.png-f3af0a7197047079a49c9d86a8a4dd68.ctex remapped: res://.godot/imported/mask_corner_b_dominant_03.png-f3af0a7197047079a49c9d86a8a4dd68.ctex
Completed load for: 'res://assets/overworld/terrain_masks/mask_corner_b_dominant_03.png' remapped 'res://assets/overworld/terrain_masks/mask_corner_b_dominant_03.png' at thread -1
Loading resource: res://assets/overworld/terrain_masks/mask_corner_b_dominant_03.png remapped: res://assets/overworld/terrain_masks/mask_corner_b_dominant_03.png
Loading resource: res://.godot/imported/mask_corner_b_dominant_03.png-f3af0a7197047079a49c9d86a8a4dd68.ctex remapped: res://.godot/imported/mask_corner_b_dominant_03.png-f3af0a7197047079a49c9d86a8a4dd68.ctex
Completed load for: 'res://assets/overworld/terrain_masks/mask_corner_b_dominant_03.png' remapped 'res://assets/overworld/terrain_masks/mask_corner_b_dominant_03.png' at thread -1
Loading resource: res://assets/overworld/terrain_masks/mask_vertical_edge_small_02.png remapped: res://assets/overworld/terrain_masks/mask_vertical_edge_small_02.png
Loading resource: res://.godot/imported/mask_vertical_edge_small_02.png-9180eb89955eaa2ca72016667bc9a4f2.ctex remapped: res://.godot/imported/mask_vertical_edge_small_02.png-9180eb89955eaa2ca72016667bc9a4f2.ctex
Completed load for: 'res://assets/overworld/terrain_masks/mask_vertical_edge_small_02.png' remapped 'res://assets/overworld/terrain_masks/mask_vertical_edge_small_02.png' at thread -1
Loading resource: res://assets/overworld/terrain_masks/mask_vertical_edge_small_02.png remapped: res://assets/overworld/terrain_masks/mask_vertical_edge_small_02.png
Loading resource: res://.godot/imported/mask_vertical_edge_small_02.png-9180eb89955eaa2ca72016667bc9a4f2.ctex remapped: res://.godot/imported/mask_vertical_edge_small_02.png-9180eb89955eaa2ca72016667bc9a4f2.ctex
Completed load for: 'res://assets/overworld/terrain_masks/mask_vertical_edge_small_02.png' remapped 'res://assets/overworld/terrain_masks/mask_vertical_edge_small_02.png' at thread -1
Loading resource: res://assets/overworld/terrain_masks/mask_corner_a_dominant_01.png remapped: res://assets/overworld/terrain_masks/mask_corner_a_dominant_01.png
Loading resource: res://.godot/imported/mask_corner_a_dominant_01.png-53ee1f73631e43ff8444faeb79c34332.ctex remapped: res://.godot/imported/mask_corner_a_dominant_01.png-53ee1f73631e43ff8444faeb79c34332.ctex
Completed load for: 'res://assets/overworld/terrain_masks/mask_corner_a_dominant_01.png' remapped 'res://assets/overworld/terrain_masks/mask_corner_a_dominant_01.png' at thread -1
Loading resource: res://assets/overworld/terrain_masks/mask_corner_a_dominant_01.png remapped: res://assets/overworld/terrain_masks/mask_corner_a_dominant_01.png
Loading resource: res://.godot/imported/mask_corner_a_dominant_01.png-53ee1f73631e43ff8444faeb79c34332.ctex remapped: res://.godot/imported/mask_corner_a_dominant_01.png-53ee1f73631e43ff8444faeb79c34332.ctex
Completed load for: 'res://assets/overworld/terrain_masks/mask_corner_a_dominant_01.png' remapped 'res://assets/overworld/terrain_masks/mask_corner_a_dominant_01.png' at thread -1
Loading resource: res://assets/overworld/terrain_masks/mask_corner_b_dominant_03.png remapped: res://assets/overworld/terrain_masks/mask_corner_b_dominant_03.png
Loading resource: res://.godot/imported/mask_corner_b_dominant_03.png-f3af0a7197047079a49c9d86a8a4dd68.ctex remapped: res://.godot/imported/mask_corner_b_dominant_03.png-f3af0a7197047079a49c9d86a8a4dd68.ctex
Completed load for: 'res://assets/overworld/terrain_masks/mask_corner_b_dominant_03.png' remapped 'res://assets/overworld/terrain_masks/mask_corner_b_dominant_03.png' at thread -1
Loading resource: res://assets/overworld/terrain_masks/mask_corner_b_dominant_03.png remapped: res://assets/overworld/terrain_masks/mask_corner_b_dominant_03.png
Loading resource: res://.godot/imported/mask_corner_b_dominant_03.png-f3af0a7197047079a49c9d86a8a4dd68.ctex remapped: res://.godot/imported/mask_corner_b_dominant_03.png-f3af0a7197047079a49c9d86a8a4dd68.ctex
Completed load for: 'res://assets/overworld/terrain_masks/mask_corner_b_dominant_03.png' remapped 'res://assets/overworld/terrain_masks/mask_corner_b_dominant_03.png' at thread -1
Loading resource: res://assets/overworld/terrain_masks/mask_horizontal_edge_small_02.png remapped: res://assets/overworld/terrain_masks/mask_horizontal_edge_small_02.png
Loading resource: res://.godot/imported/mask_horizontal_edge_small_02.png-61f57c402c9b58e86f60eabe83a6eb85.ctex remapped: res://.godot/imported/mask_horizontal_edge_small_02.png-61f57c402c9b58e86f60eabe83a6eb85.ctex
Completed load for: 'res://assets/overworld/terrain_masks/mask_horizontal_edge_small_02.png' remapped 'res://assets/overworld/terrain_masks/mask_horizontal_edge_small_02.png' at thread -1
Loading resource: res://assets/overworld/terrain_masks/mask_horizontal_edge_small_02.png remapped: res://assets/overworld/terrain_masks/mask_horizontal_edge_small_02.png
Loading resource: res://.godot/imported/mask_horizontal_edge_small_02.png-61f57c402c9b58e86f60eabe83a6eb85.ctex remapped: res://.godot/imported/mask_horizontal_edge_small_02.png-61f57c402c9b58e86f60eabe83a6eb85.ctex
Completed load for: 'res://assets/overworld/terrain_masks/mask_horizontal_edge_small_02.png' remapped 'res://assets/overworld/terrain_masks/mask_horizontal_edge_small_02.png' at thread -1
Loading resource: res://assets/overworld/terrain_masks/mask_vertical_edge_small_02.png remapped: res://assets/overworld/terrain_masks/mask_vertical_edge_small_02.png
Loading resource: res://.godot/imported/mask_vertical_edge_small_02.png-9180eb89955eaa2ca72016667bc9a4f2.ctex remapped: res://.godot/imported/mask_vertical_edge_small_02.png-9180eb89955eaa2ca72016667bc9a4f2.ctex
Completed load for: 'res://assets/overworld/terrain_masks/mask_vertical_edge_small_02.png' remapped 'res://assets/overworld/terrain_masks/mask_vertical_edge_small_02.png' at thread -1
Loading resource: res://assets/overworld/terrain_masks/mask_vertical_edge_small_02.png remapped: res://assets/overworld/terrain_masks/mask_vertical_edge_small_02.png
Loading resource: res://.godot/imported/mask_vertical_edge_small_02.png-9180eb89955eaa2ca72016667bc9a4f2.ctex remapped: res://.godot/imported/mask_vertical_edge_small_02.png-9180eb89955eaa2ca72016667bc9a4f2.ctex
Completed load for: 'res://assets/overworld/terrain_masks/mask_vertical_edge_small_02.png' remapped 'res://assets/overworld/terrain_masks/mask_vertical_edge_small_02.png' at thread -1
Loading resource: res://assets/overworld/terrain_masks/mask_corner_a_dominant_01.png remapped: res://assets/overworld/terrain_masks/mask_corner_a_dominant_01.png
Loading resource: res://.godot/imported/mask_corner_a_dominant_01.png-53ee1f73631e43ff8444faeb79c34332.ctex remapped: res://.godot/imported/mask_corner_a_dominant_01.png-53ee1f73631e43ff8444faeb79c34332.ctex
Completed load for: 'res://assets/overworld/terrain_masks/mask_corner_a_dominant_01.png' remapped 'res://assets/overworld/terrain_masks/mask_corner_a_dominant_01.png' at thread -1
Loading resource: res://assets/overworld/terrain_masks/mask_corner_a_dominant_01.png remapped: res://assets/overworld/terrain_masks/mask_corner_a_dominant_01.png
Loading resource: res://.godot/imported/mask_corner_a_dominant_01.png-53ee1f73631e43ff8444faeb79c34332.ctex remapped: res://.godot/imported/mask_corner_a_dominant_01.png-53ee1f73631e43ff8444faeb79c34332.ctex
Completed load for: 'res://assets/overworld/terrain_masks/mask_corner_a_dominant_01.png' remapped 'res://assets/overworld/terrain_masks/mask_corner_a_dominant_01.png' at thread -1
Loading resource: res://assets/overworld/terrain_masks/mask_corner_b_dominant_03.png remapped: res://assets/overworld/terrain_masks/mask_corner_b_dominant_03.png
Loading resource: res://.godot/imported/mask_corner_b_dominant_03.png-f3af0a7197047079a49c9d86a8a4dd68.ctex remapped: res://.godot/imported/mask_corner_b_dominant_03.png-f3af0a7197047079a49c9d86a8a4dd68.ctex
Completed load for: 'res://assets/overworld/terrain_masks/mask_corner_b_dominant_03.png' remapped 'res://assets/overworld/terrain_masks/mask_corner_b_dominant_03.png' at thread -1
Loading resource: res://assets/overworld/terrain_masks/mask_corner_b_dominant_03.png remapped: res://assets/overworld/terrain_masks/mask_corner_b_dominant_03.png
Loading resource: res://.godot/imported/mask_corner_b_dominant_03.png-f3af0a7197047079a49c9d86a8a4dd68.ctex remapped: res://.godot/imported/mask_corner_b_dominant_03.png-f3af0a7197047079a49c9d86a8a4dd68.ctex
Completed load for: 'res://assets/overworld/terrain_masks/mask_corner_b_dominant_03.png' remapped 'res://assets/overworld/terrain_masks/mask_corner_b_dominant_03.png' at thread -1
Loading resource: res://assets/overworld/terrain_masks/mask_horizontal_edge_small_02.png remapped: res://assets/overworld/terrain_masks/mask_horizontal_edge_small_02.png
Loading resource: res://.godot/imported/mask_horizontal_edge_small_02.png-61f57c402c9b58e86f60eabe83a6eb85.ctex remapped: res://.godot/imported/mask_horizontal_edge_small_02.png-61f57c402c9b58e86f60eabe83a6eb85.ctex
Completed load for: 'res://assets/overworld/terrain_masks/mask_horizontal_edge_small_02.png' remapped 'res://assets/overworld/terrain_masks/mask_horizontal_edge_small_02.png' at thread -1
Loading resource: res://assets/overworld/terrain_masks/mask_horizontal_edge_small_02.png remapped: res://assets/overworld/terrain_masks/mask_horizontal_edge_small_02.png
Loading resource: res://.godot/imported/mask_horizontal_edge_small_02.png-61f57c402c9b58e86f60eabe83a6eb85.ctex remapped: res://.godot/imported/mask_horizontal_edge_small_02.png-61f57c402c9b58e86f60eabe83a6eb85.ctex
Completed load for: 'res://assets/overworld/terrain_masks/mask_horizontal_edge_small_02.png' remapped 'res://assets/overworld/terrain_masks/mask_horizontal_edge_small_02.png' at thread -1
Loading resource: res://assets/overworld/terrain_masks/mask_vertical_edge_small_02.png remapped: res://assets/overworld/terrain_masks/mask_vertical_edge_small_02.png
Loading resource: res://.godot/imported/mask_vertical_edge_small_02.png-9180eb89955eaa2ca72016667bc9a4f2.ctex remapped: res://.godot/imported/mask_vertical_edge_small_02.png-9180eb89955eaa2ca72016667bc9a4f2.ctex
Completed load for: 'res://assets/overworld/terrain_masks/mask_vertical_edge_small_02.png' remapped 'res://assets/overworld/terrain_masks/mask_vertical_edge_small_02.png' at thread -1
Loading resource: res://assets/overworld/terrain_masks/mask_vertical_edge_small_02.png remapped: res://assets/overworld/terrain_masks/mask_vertical_edge_small_02.png
Loading resource: res://.godot/imported/mask_vertical_edge_small_02.png-9180eb89955eaa2ca72016667bc9a4f2.ctex remapped: res://.godot/imported/mask_vertical_edge_small_02.png-9180eb89955eaa2ca72016667bc9a4f2.ctex
Completed load for: 'res://assets/overworld/terrain_masks/mask_vertical_edge_small_02.png' remapped 'res://assets/overworld/terrain_masks/mask_vertical_edge_small_02.png' at thread -1
Loading resource: res://assets/overworld/terrain_masks/mask_corner_a_dominant_01.png remapped: res://assets/overworld/terrain_masks/mask_corner_a_dominant_01.png
Loading resource: res://.godot/imported/mask_corner_a_dominant_01.png-53ee1f73631e43ff8444faeb79c34332.ctex remapped: res://.godot/imported/mask_corner_a_dominant_01.png-53ee1f73631e43ff8444faeb79c34332.ctex
Completed load for: 'res://assets/overworld/terrain_masks/mask_corner_a_dominant_01.png' remapped 'res://assets/overworld/terrain_masks/mask_corner_a_dominant_01.png' at thread -1
Loading resource: res://assets/overworld/terrain_masks/mask_corner_a_dominant_01.png remapped: res://assets/overworld/terrain_masks/mask_corner_a_dominant_01.png
Loading resource: res://.godot/imported/mask_corner_a_dominant_01.png-53ee1f73631e43ff8444faeb79c34332.ctex remapped: res://.godot/imported/mask_corner_a_dominant_01.png-53ee1f73631e43ff8444faeb79c34332.ctex
Completed load for: 'res://assets/overworld/terrain_masks/mask_corner_a_dominant_01.png' remapped 'res://assets/overworld/terrain_masks/mask_corner_a_dominant_01.png' at thread -1
Loading resource: res://assets/overworld/terrain_masks/mask_corner_b_dominant_03.png remapped: res://assets/overworld/terrain_masks/mask_corner_b_dominant_03.png
Loading resource: res://.godot/imported/mask_corner_b_dominant_03.png-f3af0a7197047079a49c9d86a8a4dd68.ctex remapped: res://.godot/imported/mask_corner_b_dominant_03.png-f3af0a7197047079a49c9d86a8a4dd68.ctex
Completed load for: 'res://assets/overworld/terrain_masks/mask_corner_b_dominant_03.png' remapped 'res://assets/overworld/terrain_masks/mask_corner_b_dominant_03.png' at thread -1
Loading resource: res://assets/overworld/terrain_masks/mask_corner_b_dominant_03.png remapped: res://assets/overworld/terrain_masks/mask_corner_b_dominant_03.png
Loading resource: res://.godot/imported/mask_corner_b_dominant_03.png-f3af0a7197047079a49c9d86a8a4dd68.ctex remapped: res://.godot/imported/mask_corner_b_dominant_03.png-f3af0a7197047079a49c9d86a8a4dd68.ctex
Completed load for: 'res://assets/overworld/terrain_masks/mask_corner_b_dominant_03.png' remapped 'res://assets/overworld/terrain_masks/mask_corner_b_dominant_03.png' at thread -1
Loading resource: res://assets/overworld/terrain_masks/mask_horizontal_edge_small_02.png remapped: res://assets/overworld/terrain_masks/mask_horizontal_edge_small_02.png
Loading resource: res://.godot/imported/mask_horizontal_edge_small_02.png-61f57c402c9b58e86f60eabe83a6eb85.ctex remapped: res://.godot/imported/mask_horizontal_edge_small_02.png-61f57c402c9b58e86f60eabe83a6eb85.ctex
Completed load for: 'res://assets/overworld/terrain_masks/mask_horizontal_edge_small_02.png' remapped 'res://assets/overworld/terrain_masks/mask_horizontal_edge_small_02.png' at thread -1
Loading resource: res://assets/overworld/terrain_masks/mask_horizontal_edge_small_02.png remapped: res://assets/overworld/terrain_masks/mask_horizontal_edge_small_02.png
Loading resource: res://.godot/imported/mask_horizontal_edge_small_02.png-61f57c402c9b58e86f60eabe83a6eb85.ctex remapped: res://.godot/imported/mask_horizontal_edge_small_02.png-61f57c402c9b58e86f60eabe83a6eb85.ctex
Completed load for: 'res://assets/overworld/terrain_masks/mask_horizontal_edge_small_02.png' remapped 'res://assets/overworld/terrain_masks/mask_horizontal_edge_small_02.png' at thread -1
Loading resource: res://assets/overworld/terrain_masks/mask_vertical_edge_small_02.png remapped: res://assets/overworld/terrain_masks/mask_vertical_edge_small_02.png
Loading resource: res://.godot/imported/mask_vertical_edge_small_02.png-9180eb89955eaa2ca72016667bc9a4f2.ctex remapped: res://.godot/imported/mask_vertical_edge_small_02.png-9180eb89955eaa2ca72016667bc9a4f2.ctex
Completed load for: 'res://assets/overworld/terrain_masks/mask_vertical_edge_small_02.png' remapped 'res://assets/overworld/terrain_masks/mask_vertical_edge_small_02.png' at thread -1
Loading resource: res://assets/overworld/terrain_masks/mask_vertical_edge_small_02.png remapped: res://assets/overworld/terrain_masks/mask_vertical_edge_small_02.png
Loading resource: res://.godot/imported/mask_vertical_edge_small_02.png-9180eb89955eaa2ca72016667bc9a4f2.ctex remapped: res://.godot/imported/mask_vertical_edge_small_02.png-9180eb89955eaa2ca72016667bc9a4f2.ctex
Completed load for: 'res://assets/overworld/terrain_masks/mask_vertical_edge_small_02.png' remapped 'res://assets/overworld/terrain_masks/mask_vertical_edge_small_02.png' at thread -1
Loading resource: res://assets/overworld/terrain_masks/mask_corner_a_dominant_01.png remapped: res://assets/overworld/terrain_masks/mask_corner_a_dominant_01.png
Loading resource: res://.godot/imported/mask_corner_a_dominant_01.png-53ee1f73631e43ff8444faeb79c34332.ctex remapped: res://.godot/imported/mask_corner_a_dominant_01.png-53ee1f73631e43ff8444faeb79c34332.ctex
Completed load for: 'res://assets/overworld/terrain_masks/mask_corner_a_dominant_01.png' remapped 'res://assets/overworld/terrain_masks/mask_corner_a_dominant_01.png' at thread -1
Loading resource: res://assets/overworld/terrain_masks/mask_corner_a_dominant_01.png remapped: res://assets/overworld/terrain_masks/mask_corner_a_dominant_01.png
Loading resource: res://.godot/imported/mask_corner_a_dominant_01.png-53ee1f73631e43ff8444faeb79c34332.ctex remapped: res://.godot/imported/mask_corner_a_dominant_01.png-53ee1f73631e43ff8444faeb79c34332.ctex
Completed load for: 'res://assets/overworld/terrain_masks/mask_corner_a_dominant_01.png' remapped 'res://assets/overworld/terrain_masks/mask_corner_a_dominant_01.png' at thread -1
Loading resource: res://assets/overworld/terrain_masks/mask_corner_b_dominant_03.png remapped: res://assets/overworld/terrain_masks/mask_corner_b_dominant_03.png
Loading resource: res://.godot/imported/mask_corner_b_dominant_03.png-f3af0a7197047079a49c9d86a8a4dd68.ctex remapped: res://.godot/imported/mask_corner_b_dominant_03.png-f3af0a7197047079a49c9d86a8a4dd68.ctex
Completed load for: 'res://assets/overworld/terrain_masks/mask_corner_b_dominant_03.png' remapped 'res://assets/overworld/terrain_masks/mask_corner_b_dominant_03.png' at thread -1
Loading resource: res://assets/overworld/terrain_masks/mask_corner_b_dominant_03.png remapped: res://assets/overworld/terrain_masks/mask_corner_b_dominant_03.png
Loading resource: res://.godot/imported/mask_corner_b_dominant_03.png-f3af0a7197047079a49c9d86a8a4dd68.ctex remapped: res://.godot/imported/mask_corner_b_dominant_03.png-f3af0a7197047079a49c9d86a8a4dd68.ctex
Completed load for: 'res://assets/overworld/terrain_masks/mask_corner_b_dominant_03.png' remapped 'res://assets/overworld/terrain_masks/mask_corner_b_dominant_03.png' at thread -1
Loading resource: res://assets/overworld/terrain_masks/mask_horizontal_edge_small_02.png remapped: res://assets/overworld/terrain_masks/mask_horizontal_edge_small_02.png
Loading resource: res://.godot/imported/mask_horizontal_edge_small_02.png-61f57c402c9b58e86f60eabe83a6eb85.ctex remapped: res://.godot/imported/mask_horizontal_edge_small_02.png-61f57c402c9b58e86f60eabe83a6eb85.ctex
Completed load for: 'res://assets/overworld/terrain_masks/mask_horizontal_edge_small_02.png' remapped 'res://assets/overworld/terrain_masks/mask_horizontal_edge_small_02.png' at thread -1
Loading resource: res://assets/overworld/terrain_masks/mask_horizontal_edge_small_02.png remapped: res://assets/overworld/terrain_masks/mask_horizontal_edge_small_02.png
Loading resource: res://.godot/imported/mask_horizontal_edge_small_02.png-61f57c402c9b58e86f60eabe83a6eb85.ctex remapped: res://.godot/imported/mask_horizontal_edge_small_02.png-61f57c402c9b58e86f60eabe83a6eb85.ctex
Completed load for: 'res://assets/overworld/terrain_masks/mask_horizontal_edge_small_02.png' remapped 'res://assets/overworld/terrain_masks/mask_horizontal_edge_small_02.png' at thread -1
Loading resource: res://assets/overworld/terrain_masks/mask_vertical_edge_small_02.png remapped: res://assets/overworld/terrain_masks/mask_vertical_edge_small_02.png
Loading resource: res://.godot/imported/mask_vertical_edge_small_02.png-9180eb89955eaa2ca72016667bc9a4f2.ctex remapped: res://.godot/imported/mask_vertical_edge_small_02.png-9180eb89955eaa2ca72016667bc9a4f2.ctex
Completed load for: 'res://assets/overworld/terrain_masks/mask_vertical_edge_small_02.png' remapped 'res://assets/overworld/terrain_masks/mask_vertical_edge_small_02.png' at thread -1
Loading resource: res://assets/overworld/terrain_masks/mask_vertical_edge_small_02.png remapped: res://assets/overworld/terrain_masks/mask_vertical_edge_small_02.png
Loading resource: res://.godot/imported/mask_vertical_edge_small_02.png-9180eb89955eaa2ca72016667bc9a4f2.ctex remapped: res://.godot/imported/mask_vertical_edge_small_02.png-9180eb89955eaa2ca72016667bc9a4f2.ctex
Completed load for: 'res://assets/overworld/terrain_masks/mask_vertical_edge_small_02.png' remapped 'res://assets/overworld/terrain_masks/mask_vertical_edge_small_02.png' at thread -1
Loading resource: res://assets/overworld/terrain_masks/mask_corner_b_dominant_00.png remapped: res://assets/overworld/terrain_masks/mask_corner_b_dominant_00.png
Loading resource: res://.godot/imported/mask_corner_b_dominant_00.png-5f15cd5177ba221bdf3a26dbce79fc78.ctex remapped: res://.godot/imported/mask_corner_b_dominant_00.png-5f15cd5177ba221bdf3a26dbce79fc78.ctex
Completed load for: 'res://assets/overworld/terrain_masks/mask_corner_b_dominant_00.png' remapped 'res://assets/overworld/terrain_masks/mask_corner_b_dominant_00.png' at thread -1
Loading resource: res://assets/overworld/terrain_masks/mask_corner_b_dominant_00.png remapped: res://assets/overworld/terrain_masks/mask_corner_b_dominant_00.png
Loading resource: res://.godot/imported/mask_corner_b_dominant_00.png-5f15cd5177ba221bdf3a26dbce79fc78.ctex remapped: res://.godot/imported/mask_corner_b_dominant_00.png-5f15cd5177ba221bdf3a26dbce79fc78.ctex
Completed load for: 'res://assets/overworld/terrain_masks/mask_corner_b_dominant_00.png' remapped 'res://assets/overworld/terrain_masks/mask_corner_b_dominant_00.png' at thread -1
Loading resource: res://assets/overworld/terrain_masks/mask_corner_b_dominant_00.png remapped: res://assets/overworld/terrain_masks/mask_corner_b_dominant_00.png
Loading resource: res://.godot/imported/mask_corner_b_dominant_00.png-5f15cd5177ba221bdf3a26dbce79fc78.ctex remapped: res://.godot/imported/mask_corner_b_dominant_00.png-5f15cd5177ba221bdf3a26dbce79fc78.ctex
Completed load for: 'res://assets/overworld/terrain_masks/mask_corner_b_dominant_00.png' remapped 'res://assets/overworld/terrain_masks/mask_corner_b_dominant_00.png' at thread -1
Loading resource: res://assets/overworld/terrain_masks/mask_corner_b_dominant_00.png remapped: res://assets/overworld/terrain_masks/mask_corner_b_dominant_00.png
Loading resource: res://.godot/imported/mask_corner_b_dominant_00.png-5f15cd5177ba221bdf3a26dbce79fc78.ctex remapped: res://.godot/imported/mask_corner_b_dominant_00.png-5f15cd5177ba221bdf3a26dbce79fc78.ctex
Completed load for: 'res://assets/overworld/terrain_masks/mask_corner_b_dominant_00.png' remapped 'res://assets/overworld/terrain_masks/mask_corner_b_dominant_00.png' at thread -1
Loading resource: res://assets/overworld/terrain_masks/mask_corner_b_dominant_00.png remapped: res://assets/overworld/terrain_masks/mask_corner_b_dominant_00.png
Loading resource: res://.godot/imported/mask_corner_b_dominant_00.png-5f15cd5177ba221bdf3a26dbce79fc78.ctex remapped: res://.godot/imported/mask_corner_b_dominant_00.png-5f15cd5177ba221bdf3a26dbce79fc78.ctex
Completed load for: 'res://assets/overworld/terrain_masks/mask_corner_b_dominant_00.png' remapped 'res://assets/overworld/terrain_masks/mask_corner_b_dominant_00.png' at thread -1
Loading resource: res://assets/overworld/terrain_masks/mask_corner_b_dominant_00.png remapped: res://assets/overworld/terrain_masks/mask_corner_b_dominant_00.png
Loading resource: res://.godot/imported/mask_corner_b_dominant_00.png-5f15cd5177ba221bdf3a26dbce79fc78.ctex remapped: res://.godot/imported/mask_corner_b_dominant_00.png-5f15cd5177ba221bdf3a26dbce79fc78.ctex
Completed load for: 'res://assets/overworld/terrain_masks/mask_corner_b_dominant_00.png' remapped 'res://assets/overworld/terrain_masks/mask_corner_b_dominant_00.png' at thread -1
Loading resource: res://assets/overworld/terrain_masks/mask_corner_b_dominant_00.png remapped: res://assets/overworld/terrain_masks/mask_corner_b_dominant_00.png
Loading resource: res://.godot/imported/mask_corner_b_dominant_00.png-5f15cd5177ba221bdf3a26dbce79fc78.ctex remapped: res://.godot/imported/mask_corner_b_dominant_00.png-5f15cd5177ba221bdf3a26dbce79fc78.ctex
Completed load for: 'res://assets/overworld/terrain_masks/mask_corner_b_dominant_00.png' remapped 'res://assets/overworld/terrain_masks/mask_corner_b_dominant_00.png' at thread -1
Loading resource: res://assets/overworld/terrain_masks/mask_corner_b_dominant_00.png remapped: res://assets/overworld/terrain_masks/mask_corner_b_dominant_00.png
Loading resource: res://.godot/imported/mask_corner_b_dominant_00.png-5f15cd5177ba221bdf3a26dbce79fc78.ctex remapped: res://.godot/imported/mask_corner_b_dominant_00.png-5f15cd5177ba221bdf3a26dbce79fc78.ctex
Completed load for: 'res://assets/overworld/terrain_masks/mask_corner_b_dominant_00.png' remapped 'res://assets/overworld/terrain_masks/mask_corner_b_dominant_00.png' at thread -1
Loading resource: res://assets/overworld/terrain_masks/mask_corner_b_dominant_04.png remapped: res://assets/overworld/terrain_masks/mask_corner_b_dominant_04.png
Loading resource: res://.godot/imported/mask_corner_b_dominant_04.png-41e52e4fb46f6c6f29b43386ce0e6873.ctex remapped: res://.godot/imported/mask_corner_b_dominant_04.png-41e52e4fb46f6c6f29b43386ce0e6873.ctex
Completed load for: 'res://assets/overworld/terrain_masks/mask_corner_b_dominant_04.png' remapped 'res://assets/overworld/terrain_masks/mask_corner_b_dominant_04.png' at thread -1
Loading resource: res://assets/overworld/terrain_masks/mask_corner_b_dominant_04.png remapped: res://assets/overworld/terrain_masks/mask_corner_b_dominant_04.png
Loading resource: res://.godot/imported/mask_corner_b_dominant_04.png-41e52e4fb46f6c6f29b43386ce0e6873.ctex remapped: res://.godot/imported/mask_corner_b_dominant_04.png-41e52e4fb46f6c6f29b43386ce0e6873.ctex
Completed load for: 'res://assets/overworld/terrain_masks/mask_corner_b_dominant_04.png' remapped 'res://assets/overworld/terrain_masks/mask_corner_b_dominant_04.png' at thread -1
Loading resource: res://assets/overworld/terrain_masks/mask_corner_b_dominant_04.png remapped: res://assets/overworld/terrain_masks/mask_corner_b_dominant_04.png
Loading resource: res://.godot/imported/mask_corner_b_dominant_04.png-41e52e4fb46f6c6f29b43386ce0e6873.ctex remapped: res://.godot/imported/mask_corner_b_dominant_04.png-41e52e4fb46f6c6f29b43386ce0e6873.ctex
Completed load for: 'res://assets/overworld/terrain_masks/mask_corner_b_dominant_04.png' remapped 'res://assets/overworld/terrain_masks/mask_corner_b_dominant_04.png' at thread -1
Loading resource: res://assets/overworld/terrain_masks/mask_corner_b_dominant_04.png remapped: res://assets/overworld/terrain_masks/mask_corner_b_dominant_04.png
Loading resource: res://.godot/imported/mask_corner_b_dominant_04.png-41e52e4fb46f6c6f29b43386ce0e6873.ctex remapped: res://.godot/imported/mask_corner_b_dominant_04.png-41e52e4fb46f6c6f29b43386ce0e6873.ctex
Completed load for: 'res://assets/overworld/terrain_masks/mask_corner_b_dominant_04.png' remapped 'res://assets/overworld/terrain_masks/mask_corner_b_dominant_04.png' at thread -1
Loading resource: res://assets/overworld/terrain_masks/mask_corner_b_dominant_04.png remapped: res://assets/overworld/terrain_masks/mask_corner_b_dominant_04.png
Loading resource: res://.godot/imported/mask_corner_b_dominant_04.png-41e52e4fb46f6c6f29b43386ce0e6873.ctex remapped: res://.godot/imported/mask_corner_b_dominant_04.png-41e52e4fb46f6c6f29b43386ce0e6873.ctex
Completed load for: 'res://assets/overworld/terrain_masks/mask_corner_b_dominant_04.png' remapped 'res://assets/overworld/terrain_masks/mask_corner_b_dominant_04.png' at thread -1
Loading resource: res://assets/overworld/terrain_masks/mask_corner_b_dominant_04.png remapped: res://assets/overworld/terrain_masks/mask_corner_b_dominant_04.png
Loading resource: res://.godot/imported/mask_corner_b_dominant_04.png-41e52e4fb46f6c6f29b43386ce0e6873.ctex remapped: res://.godot/imported/mask_corner_b_dominant_04.png-41e52e4fb46f6c6f29b43386ce0e6873.ctex
Completed load for: 'res://assets/overworld/terrain_masks/mask_corner_b_dominant_04.png' remapped 'res://assets/overworld/terrain_masks/mask_corner_b_dominant_04.png' at thread -1
Loading resource: res://assets/overworld/terrain_masks/mask_corner_b_dominant_04.png remapped: res://assets/overworld/terrain_masks/mask_corner_b_dominant_04.png
Loading resource: res://.godot/imported/mask_corner_b_dominant_04.png-41e52e4fb46f6c6f29b43386ce0e6873.ctex remapped: res://.godot/imported/mask_corner_b_dominant_04.png-41e52e4fb46f6c6f29b43386ce0e6873.ctex
Completed load for: 'res://assets/overworld/terrain_masks/mask_corner_b_dominant_04.png' remapped 'res://assets/overworld/terrain_masks/mask_corner_b_dominant_04.png' at thread -1
Loading resource: res://assets/overworld/terrain_masks/mask_corner_b_dominant_04.png remapped: res://assets/overworld/terrain_masks/mask_corner_b_dominant_04.png
Loading resource: res://.godot/imported/mask_corner_b_dominant_04.png-41e52e4fb46f6c6f29b43386ce0e6873.ctex remapped: res://.godot/imported/mask_corner_b_dominant_04.png-41e52e4fb46f6c6f29b43386ce0e6873.ctex
Completed load for: 'res://assets/overworld/terrain_masks/mask_corner_b_dominant_04.png' remapped 'res://assets/overworld/terrain_masks/mask_corner_b_dominant_04.png' at thread -1
Loading resource: res://assets/overworld/terrain_masks/mask_horizontal_edge_small_03.png remapped: res://assets/overworld/terrain_masks/mask_horizontal_edge_small_03.png
Loading resource: res://.godot/imported/mask_horizontal_edge_small_03.png-2d3a294dad3e365ea5b1d80f8273cb53.ctex remapped: res://.godot/imported/mask_horizontal_edge_small_03.png-2d3a294dad3e365ea5b1d80f8273cb53.ctex
Completed load for: 'res://assets/overworld/terrain_masks/mask_horizontal_edge_small_03.png' remapped 'res://assets/overworld/terrain_masks/mask_horizontal_edge_small_03.png' at thread -1
Loading resource: res://assets/overworld/terrain_masks/mask_horizontal_edge_small_03.png remapped: res://assets/overworld/terrain_masks/mask_horizontal_edge_small_03.png
Loading resource: res://.godot/imported/mask_horizontal_edge_small_03.png-2d3a294dad3e365ea5b1d80f8273cb53.ctex remapped: res://.godot/imported/mask_horizontal_edge_small_03.png-2d3a294dad3e365ea5b1d80f8273cb53.ctex
Completed load for: 'res://assets/overworld/terrain_masks/mask_horizontal_edge_small_03.png' remapped 'res://assets/overworld/terrain_masks/mask_horizontal_edge_small_03.png' at thread -1
Loading resource: res://assets/overworld/terrain_masks/mask_horizontal_edge_small_03.png remapped: res://assets/overworld/terrain_masks/mask_horizontal_edge_small_03.png
Loading resource: res://.godot/imported/mask_horizontal_edge_small_03.png-2d3a294dad3e365ea5b1d80f8273cb53.ctex remapped: res://.godot/imported/mask_horizontal_edge_small_03.png-2d3a294dad3e365ea5b1d80f8273cb53.ctex
Completed load for: 'res://assets/overworld/terrain_masks/mask_horizontal_edge_small_03.png' remapped 'res://assets/overworld/terrain_masks/mask_horizontal_edge_small_03.png' at thread -1
Loading resource: res://assets/overworld/terrain_masks/mask_horizontal_edge_small_03.png remapped: res://assets/overworld/terrain_masks/mask_horizontal_edge_small_03.png
Loading resource: res://.godot/imported/mask_horizontal_edge_small_03.png-2d3a294dad3e365ea5b1d80f8273cb53.ctex remapped: res://.godot/imported/mask_horizontal_edge_small_03.png-2d3a294dad3e365ea5b1d80f8273cb53.ctex
Completed load for: 'res://assets/overworld/terrain_masks/mask_horizontal_edge_small_03.png' remapped 'res://assets/overworld/terrain_masks/mask_horizontal_edge_small_03.png' at thread -1
Loading resource: res://assets/overworld/terrain_masks/mask_horizontal_edge_small_03.png remapped: res://assets/overworld/terrain_masks/mask_horizontal_edge_small_03.png
Loading resource: res://.godot/imported/mask_horizontal_edge_small_03.png-2d3a294dad3e365ea5b1d80f8273cb53.ctex remapped: res://.godot/imported/mask_horizontal_edge_small_03.png-2d3a294dad3e365ea5b1d80f8273cb53.ctex
Completed load for: 'res://assets/overworld/terrain_masks/mask_horizontal_edge_small_03.png' remapped 'res://assets/overworld/terrain_masks/mask_horizontal_edge_small_03.png' at thread -1
Loading resource: res://assets/overworld/terrain_masks/mask_horizontal_edge_small_03.png remapped: res://assets/overworld/terrain_masks/mask_horizontal_edge_small_03.png
Loading resource: res://.godot/imported/mask_horizontal_edge_small_03.png-2d3a294dad3e365ea5b1d80f8273cb53.ctex remapped: res://.godot/imported/mask_horizontal_edge_small_03.png-2d3a294dad3e365ea5b1d80f8273cb53.ctex
Completed load for: 'res://assets/overworld/terrain_masks/mask_horizontal_edge_small_03.png' remapped 'res://assets/overworld/terrain_masks/mask_horizontal_edge_small_03.png' at thread -1
Loading resource: res://assets/overworld/terrain_masks/mask_horizontal_edge_small_03.png remapped: res://assets/overworld/terrain_masks/mask_horizontal_edge_small_03.png
Loading resource: res://.godot/imported/mask_horizontal_edge_small_03.png-2d3a294dad3e365ea5b1d80f8273cb53.ctex remapped: res://.godot/imported/mask_horizontal_edge_small_03.png-2d3a294dad3e365ea5b1d80f8273cb53.ctex
Completed load for: 'res://assets/overworld/terrain_masks/mask_horizontal_edge_small_03.png' remapped 'res://assets/overworld/terrain_masks/mask_horizontal_edge_small_03.png' at thread -1
Loading resource: res://assets/overworld/terrain_masks/mask_horizontal_edge_small_03.png remapped: res://assets/overworld/terrain_masks/mask_horizontal_edge_small_03.png
Loading resource: res://.godot/imported/mask_horizontal_edge_small_03.png-2d3a294dad3e365ea5b1d80f8273cb53.ctex remapped: res://.godot/imported/mask_horizontal_edge_small_03.png-2d3a294dad3e365ea5b1d80f8273cb53.ctex
Completed load for: 'res://assets/overworld/terrain_masks/mask_horizontal_edge_small_03.png' remapped 'res://assets/overworld/terrain_masks/mask_horizontal_edge_small_03.png' at thread -1
Loading resource: res://assets/overworld/terrain_masks/mask_corner_a_dominant_03.png remapped: res://assets/overworld/terrain_masks/mask_corner_a_dominant_03.png
Loading resource: res://.godot/imported/mask_corner_a_dominant_03.png-c913f9e2fd4863fc5fbbfdae23700e86.ctex remapped: res://.godot/imported/mask_corner_a_dominant_03.png-c913f9e2fd4863fc5fbbfdae23700e86.ctex
Completed load for: 'res://assets/overworld/terrain_masks/mask_corner_a_dominant_03.png' remapped 'res://assets/overworld/terrain_masks/mask_corner_a_dominant_03.png' at thread -1
Loading resource: res://assets/overworld/terrain_masks/mask_corner_a_dominant_03.png remapped: res://assets/overworld/terrain_masks/mask_corner_a_dominant_03.png
Loading resource: res://.godot/imported/mask_corner_a_dominant_03.png-c913f9e2fd4863fc5fbbfdae23700e86.ctex remapped: res://.godot/imported/mask_corner_a_dominant_03.png-c913f9e2fd4863fc5fbbfdae23700e86.ctex
Completed load for: 'res://assets/overworld/terrain_masks/mask_corner_a_dominant_03.png' remapped 'res://assets/overworld/terrain_masks/mask_corner_a_dominant_03.png' at thread -1
Loading resource: res://assets/overworld/terrain_masks/mask_horizontal_edge_small_00.png remapped: res://assets/overworld/terrain_masks/mask_horizontal_edge_small_00.png
Loading resource: res://.godot/imported/mask_horizontal_edge_small_00.png-c41d7ae1dd8b3c349c09d5890e2d0d16.ctex remapped: res://.godot/imported/mask_horizontal_edge_small_00.png-c41d7ae1dd8b3c349c09d5890e2d0d16.ctex
Completed load for: 'res://assets/overworld/terrain_masks/mask_horizontal_edge_small_00.png' remapped 'res://assets/overworld/terrain_masks/mask_horizontal_edge_small_00.png' at thread -1
Loading resource: res://assets/overworld/terrain_masks/mask_horizontal_edge_small_00.png remapped: res://assets/overworld/terrain_masks/mask_horizontal_edge_small_00.png
Loading resource: res://.godot/imported/mask_horizontal_edge_small_00.png-c41d7ae1dd8b3c349c09d5890e2d0d16.ctex remapped: res://.godot/imported/mask_horizontal_edge_small_00.png-c41d7ae1dd8b3c349c09d5890e2d0d16.ctex
Completed load for: 'res://assets/overworld/terrain_masks/mask_horizontal_edge_small_00.png' remapped 'res://assets/overworld/terrain_masks/mask_horizontal_edge_small_00.png' at thread -1
Loading resource: res://assets/overworld/terrain_masks/mask_corner_a_dominant_03.png remapped: res://assets/overworld/terrain_masks/mask_corner_a_dominant_03.png
Loading resource: res://.godot/imported/mask_corner_a_dominant_03.png-c913f9e2fd4863fc5fbbfdae23700e86.ctex remapped: res://.godot/imported/mask_corner_a_dominant_03.png-c913f9e2fd4863fc5fbbfdae23700e86.ctex
Completed load for: 'res://assets/overworld/terrain_masks/mask_corner_a_dominant_03.png' remapped 'res://assets/overworld/terrain_masks/mask_corner_a_dominant_03.png' at thread -1
Loading resource: res://assets/overworld/terrain_masks/mask_corner_a_dominant_03.png remapped: res://assets/overworld/terrain_masks/mask_corner_a_dominant_03.png
Loading resource: res://.godot/imported/mask_corner_a_dominant_03.png-c913f9e2fd4863fc5fbbfdae23700e86.ctex remapped: res://.godot/imported/mask_corner_a_dominant_03.png-c913f9e2fd4863fc5fbbfdae23700e86.ctex
Completed load for: 'res://assets/overworld/terrain_masks/mask_corner_a_dominant_03.png' remapped 'res://assets/overworld/terrain_masks/mask_corner_a_dominant_03.png' at thread -1
Loading resource: res://assets/overworld/terrain_masks/mask_horizontal_edge_small_00.png remapped: res://assets/overworld/terrain_masks/mask_horizontal_edge_small_00.png
Loading resource: res://.godot/imported/mask_horizontal_edge_small_00.png-c41d7ae1dd8b3c349c09d5890e2d0d16.ctex remapped: res://.godot/imported/mask_horizontal_edge_small_00.png-c41d7ae1dd8b3c349c09d5890e2d0d16.ctex
Completed load for: 'res://assets/overworld/terrain_masks/mask_horizontal_edge_small_00.png' remapped 'res://assets/overworld/terrain_masks/mask_horizontal_edge_small_00.png' at thread -1
Loading resource: res://assets/overworld/terrain_masks/mask_horizontal_edge_small_00.png remapped: res://assets/overworld/terrain_masks/mask_horizontal_edge_small_00.png
Loading resource: res://.godot/imported/mask_horizontal_edge_small_00.png-c41d7ae1dd8b3c349c09d5890e2d0d16.ctex remapped: res://.godot/imported/mask_horizontal_edge_small_00.png-c41d7ae1dd8b3c349c09d5890e2d0d16.ctex
Completed load for: 'res://assets/overworld/terrain_masks/mask_horizontal_edge_small_00.png' remapped 'res://assets/overworld/terrain_masks/mask_horizontal_edge_small_00.png' at thread -1
Loading resource: res://assets/overworld/terrain_masks/mask_corner_a_dominant_03.png remapped: res://assets/overworld/terrain_masks/mask_corner_a_dominant_03.png
Loading resource: res://.godot/imported/mask_corner_a_dominant_03.png-c913f9e2fd4863fc5fbbfdae23700e86.ctex remapped: res://.godot/imported/mask_corner_a_dominant_03.png-c913f9e2fd4863fc5fbbfdae23700e86.ctex
Completed load for: 'res://assets/overworld/terrain_masks/mask_corner_a_dominant_03.png' remapped 'res://assets/overworld/terrain_masks/mask_corner_a_dominant_03.png' at thread -1
Loading resource: res://assets/overworld/terrain_masks/mask_corner_a_dominant_03.png remapped: res://assets/overworld/terrain_masks/mask_corner_a_dominant_03.png
Loading resource: res://.godot/imported/mask_corner_a_dominant_03.png-c913f9e2fd4863fc5fbbfdae23700e86.ctex remapped: res://.godot/imported/mask_corner_a_dominant_03.png-c913f9e2fd4863fc5fbbfdae23700e86.ctex
Completed load for: 'res://assets/overworld/terrain_masks/mask_corner_a_dominant_03.png' remapped 'res://assets/overworld/terrain_masks/mask_corner_a_dominant_03.png' at thread -1
Loading resource: res://assets/overworld/terrain_masks/mask_horizontal_edge_small_00.png remapped: res://assets/overworld/terrain_masks/mask_horizontal_edge_small_00.png
Loading resource: res://.godot/imported/mask_horizontal_edge_small_00.png-c41d7ae1dd8b3c349c09d5890e2d0d16.ctex remapped: res://.godot/imported/mask_horizontal_edge_small_00.png-c41d7ae1dd8b3c349c09d5890e2d0d16.ctex
Completed load for: 'res://assets/overworld/terrain_masks/mask_horizontal_edge_small_00.png' remapped 'res://assets/overworld/terrain_masks/mask_horizontal_edge_small_00.png' at thread -1
Loading resource: res://assets/overworld/terrain_masks/mask_horizontal_edge_small_00.png remapped: res://assets/overworld/terrain_masks/mask_horizontal_edge_small_00.png
Loading resource: res://.godot/imported/mask_horizontal_edge_small_00.png-c41d7ae1dd8b3c349c09d5890e2d0d16.ctex remapped: res://.godot/imported/mask_horizontal_edge_small_00.png-c41d7ae1dd8b3c349c09d5890e2d0d16.ctex
Completed load for: 'res://assets/overworld/terrain_masks/mask_horizontal_edge_small_00.png' remapped 'res://assets/overworld/terrain_masks/mask_horizontal_edge_small_00.png' at thread -1
Loading resource: res://assets/overworld/terrain_masks/mask_corner_a_dominant_03.png remapped: res://assets/overworld/terrain_masks/mask_corner_a_dominant_03.png
Loading resource: res://.godot/imported/mask_corner_a_dominant_03.png-c913f9e2fd4863fc5fbbfdae23700e86.ctex remapped: res://.godot/imported/mask_corner_a_dominant_03.png-c913f9e2fd4863fc5fbbfdae23700e86.ctex
Completed load for: 'res://assets/overworld/terrain_masks/mask_corner_a_dominant_03.png' remapped 'res://assets/overworld/terrain_masks/mask_corner_a_dominant_03.png' at thread -1
Loading resource: res://assets/overworld/terrain_masks/mask_corner_a_dominant_03.png remapped: res://assets/overworld/terrain_masks/mask_corner_a_dominant_03.png
Loading resource: res://.godot/imported/mask_corner_a_dominant_03.png-c913f9e2fd4863fc5fbbfdae23700e86.ctex remapped: res://.godot/imported/mask_corner_a_dominant_03.png-c913f9e2fd4863fc5fbbfdae23700e86.ctex
Completed load for: 'res://assets/overworld/terrain_masks/mask_corner_a_dominant_03.png' remapped 'res://assets/overworld/terrain_masks/mask_corner_a_dominant_03.png' at thread -1
Loading resource: res://assets/overworld/terrain_masks/mask_horizontal_edge_small_00.png remapped: res://assets/overworld/terrain_masks/mask_horizontal_edge_small_00.png
Loading resource: res://.godot/imported/mask_horizontal_edge_small_00.png-c41d7ae1dd8b3c349c09d5890e2d0d16.ctex remapped: res://.godot/imported/mask_horizontal_edge_small_00.png-c41d7ae1dd8b3c349c09d5890e2d0d16.ctex
Completed load for: 'res://assets/overworld/terrain_masks/mask_horizontal_edge_small_00.png' remapped 'res://assets/overworld/terrain_masks/mask_horizontal_edge_small_00.png' at thread -1
Loading resource: res://assets/overworld/terrain_masks/mask_horizontal_edge_small_00.png remapped: res://assets/overworld/terrain_masks/mask_horizontal_edge_small_00.png
Loading resource: res://.godot/imported/mask_horizontal_edge_small_00.png-c41d7ae1dd8b3c349c09d5890e2d0d16.ctex remapped: res://.godot/imported/mask_horizontal_edge_small_00.png-c41d7ae1dd8b3c349c09d5890e2d0d16.ctex
Completed load for: 'res://assets/overworld/terrain_masks/mask_horizontal_edge_small_00.png' remapped 'res://assets/overworld/terrain_masks/mask_horizontal_edge_small_00.png' at thread -1
Loading resource: res://assets/overworld/terrain_masks/mask_corner_b_dominant_03.png remapped: res://assets/overworld/terrain_masks/mask_corner_b_dominant_03.png
Loading resource: res://.godot/imported/mask_corner_b_dominant_03.png-f3af0a7197047079a49c9d86a8a4dd68.ctex remapped: res://.godot/imported/mask_corner_b_dominant_03.png-f3af0a7197047079a49c9d86a8a4dd68.ctex
Completed load for: 'res://assets/overworld/terrain_masks/mask_corner_b_dominant_03.png' remapped 'res://assets/overworld/terrain_masks/mask_corner_b_dominant_03.png' at thread -1
Loading resource: res://assets/overworld/terrain_masks/mask_corner_b_dominant_03.png remapped: res://assets/overworld/terrain_masks/mask_corner_b_dominant_03.png
Loading resource: res://.godot/imported/mask_corner_b_dominant_03.png-f3af0a7197047079a49c9d86a8a4dd68.ctex remapped: res://.godot/imported/mask_corner_b_dominant_03.png-f3af0a7197047079a49c9d86a8a4dd68.ctex
Completed load for: 'res://assets/overworld/terrain_masks/mask_corner_b_dominant_03.png' remapped 'res://assets/overworld/terrain_masks/mask_corner_b_dominant_03.png' at thread -1
Loading resource: res://assets/overworld/terrain_masks/mask_corner_b_dominant_03.png remapped: res://assets/overworld/terrain_masks/mask_corner_b_dominant_03.png
Loading resource: res://.godot/imported/mask_corner_b_dominant_03.png-f3af0a7197047079a49c9d86a8a4dd68.ctex remapped: res://.godot/imported/mask_corner_b_dominant_03.png-f3af0a7197047079a49c9d86a8a4dd68.ctex
Completed load for: 'res://assets/overworld/terrain_masks/mask_corner_b_dominant_03.png' remapped 'res://assets/overworld/terrain_masks/mask_corner_b_dominant_03.png' at thread -1
Loading resource: res://assets/overworld/terrain_masks/mask_corner_b_dominant_03.png remapped: res://assets/overworld/terrain_masks/mask_corner_b_dominant_03.png
Loading resource: res://.godot/imported/mask_corner_b_dominant_03.png-f3af0a7197047079a49c9d86a8a4dd68.ctex remapped: res://.godot/imported/mask_corner_b_dominant_03.png-f3af0a7197047079a49c9d86a8a4dd68.ctex
Completed load for: 'res://assets/overworld/terrain_masks/mask_corner_b_dominant_03.png' remapped 'res://assets/overworld/terrain_masks/mask_corner_b_dominant_03.png' at thread -1
Loading resource: res://assets/overworld/terrain_masks/mask_corner_b_dominant_03.png remapped: res://assets/overworld/terrain_masks/mask_corner_b_dominant_03.png
Loading resource: res://.godot/imported/mask_corner_b_dominant_03.png-f3af0a7197047079a49c9d86a8a4dd68.ctex remapped: res://.godot/imported/mask_corner_b_dominant_03.png-f3af0a7197047079a49c9d86a8a4dd68.ctex
Completed load for: 'res://assets/overworld/terrain_masks/mask_corner_b_dominant_03.png' remapped 'res://assets/overworld/terrain_masks/mask_corner_b_dominant_03.png' at thread -1
Loading resource: res://assets/overworld/terrain_masks/mask_corner_b_dominant_03.png remapped: res://assets/overworld/terrain_masks/mask_corner_b_dominant_03.png
Loading resource: res://.godot/imported/mask_corner_b_dominant_03.png-f3af0a7197047079a49c9d86a8a4dd68.ctex remapped: res://.godot/imported/mask_corner_b_dominant_03.png-f3af0a7197047079a49c9d86a8a4dd68.ctex
Completed load for: 'res://assets/overworld/terrain_masks/mask_corner_b_dominant_03.png' remapped 'res://assets/overworld/terrain_masks/mask_corner_b_dominant_03.png' at thread -1
Loading resource: res://assets/overworld/terrain_masks/mask_corner_b_dominant_03.png remapped: res://assets/overworld/terrain_masks/mask_corner_b_dominant_03.png
Loading resource: res://.godot/imported/mask_corner_b_dominant_03.png-f3af0a7197047079a49c9d86a8a4dd68.ctex remapped: res://.godot/imported/mask_corner_b_dominant_03.png-f3af0a7197047079a49c9d86a8a4dd68.ctex
Completed load for: 'res://assets/overworld/terrain_masks/mask_corner_b_dominant_03.png' remapped 'res://assets/overworld/terrain_masks/mask_corner_b_dominant_03.png' at thread -1
Loading resource: res://assets/overworld/terrain_masks/mask_corner_b_dominant_03.png remapped: res://assets/overworld/terrain_masks/mask_corner_b_dominant_03.png
Loading resource: res://.godot/imported/mask_corner_b_dominant_03.png-f3af0a7197047079a49c9d86a8a4dd68.ctex remapped: res://.godot/imported/mask_corner_b_dominant_03.png-f3af0a7197047079a49c9d86a8a4dd68.ctex
Completed load for: 'res://assets/overworld/terrain_masks/mask_corner_b_dominant_03.png' remapped 'res://assets/overworld/terrain_masks/mask_corner_b_dominant_03.png' at thread -1
Loading resource: res://assets/overworld/terrain_masks/mask_corner_b_dominant_01.png remapped: res://assets/overworld/terrain_masks/mask_corner_b_dominant_01.png
Loading resource: res://.godot/imported/mask_corner_b_dominant_01.png-9ccac3e1013805de544bf58cc660bf70.ctex remapped: res://.godot/imported/mask_corner_b_dominant_01.png-9ccac3e1013805de544bf58cc660bf70.ctex
Completed load for: 'res://assets/overworld/terrain_masks/mask_corner_b_dominant_01.png' remapped 'res://assets/overworld/terrain_masks/mask_corner_b_dominant_01.png' at thread -1
Loading resource: res://assets/overworld/terrain_masks/mask_corner_b_dominant_01.png remapped: res://assets/overworld/terrain_masks/mask_corner_b_dominant_01.png
Loading resource: res://.godot/imported/mask_corner_b_dominant_01.png-9ccac3e1013805de544bf58cc660bf70.ctex remapped: res://.godot/imported/mask_corner_b_dominant_01.png-9ccac3e1013805de544bf58cc660bf70.ctex
Completed load for: 'res://assets/overworld/terrain_masks/mask_corner_b_dominant_01.png' remapped 'res://assets/overworld/terrain_masks/mask_corner_b_dominant_01.png' at thread -1
Loading resource: res://assets/overworld/terrain_masks/mask_corner_b_dominant_01.png remapped: res://assets/overworld/terrain_masks/mask_corner_b_dominant_01.png
Loading resource: res://.godot/imported/mask_corner_b_dominant_01.png-9ccac3e1013805de544bf58cc660bf70.ctex remapped: res://.godot/imported/mask_corner_b_dominant_01.png-9ccac3e1013805de544bf58cc660bf70.ctex
Completed load for: 'res://assets/overworld/terrain_masks/mask_corner_b_dominant_01.png' remapped 'res://assets/overworld/terrain_masks/mask_corner_b_dominant_01.png' at thread -1
Loading resource: res://assets/overworld/terrain_masks/mask_corner_b_dominant_01.png remapped: res://assets/overworld/terrain_masks/mask_corner_b_dominant_01.png
Loading resource: res://.godot/imported/mask_corner_b_dominant_01.png-9ccac3e1013805de544bf58cc660bf70.ctex remapped: res://.godot/imported/mask_corner_b_dominant_01.png-9ccac3e1013805de544bf58cc660bf70.ctex
Completed load for: 'res://assets/overworld/terrain_masks/mask_corner_b_dominant_01.png' remapped 'res://assets/overworld/terrain_masks/mask_corner_b_dominant_01.png' at thread -1
Loading resource: res://assets/overworld/terrain_masks/mask_corner_b_dominant_01.png remapped: res://assets/overworld/terrain_masks/mask_corner_b_dominant_01.png
Loading resource: res://.godot/imported/mask_corner_b_dominant_01.png-9ccac3e1013805de544bf58cc660bf70.ctex remapped: res://.godot/imported/mask_corner_b_dominant_01.png-9ccac3e1013805de544bf58cc660bf70.ctex
Completed load for: 'res://assets/overworld/terrain_masks/mask_corner_b_dominant_01.png' remapped 'res://assets/overworld/terrain_masks/mask_corner_b_dominant_01.png' at thread -1
Loading resource: res://assets/overworld/terrain_masks/mask_corner_b_dominant_01.png remapped: res://assets/overworld/terrain_masks/mask_corner_b_dominant_01.png
Loading resource: res://.godot/imported/mask_corner_b_dominant_01.png-9ccac3e1013805de544bf58cc660bf70.ctex remapped: res://.godot/imported/mask_corner_b_dominant_01.png-9ccac3e1013805de544bf58cc660bf70.ctex
Completed load for: 'res://assets/overworld/terrain_masks/mask_corner_b_dominant_01.png' remapped 'res://assets/overworld/terrain_masks/mask_corner_b_dominant_01.png' at thread -1
Loading resource: res://assets/overworld/terrain_masks/mask_corner_b_dominant_01.png remapped: res://assets/overworld/terrain_masks/mask_corner_b_dominant_01.png
Loading resource: res://.godot/imported/mask_corner_b_dominant_01.png-9ccac3e1013805de544bf58cc660bf70.ctex remapped: res://.godot/imported/mask_corner_b_dominant_01.png-9ccac3e1013805de544bf58cc660bf70.ctex
Completed load for: 'res://assets/overworld/terrain_masks/mask_corner_b_dominant_01.png' remapped 'res://assets/overworld/terrain_masks/mask_corner_b_dominant_01.png' at thread -1
Loading resource: res://assets/overworld/terrain_masks/mask_corner_b_dominant_01.png remapped: res://assets/overworld/terrain_masks/mask_corner_b_dominant_01.png
Loading resource: res://.godot/imported/mask_corner_b_dominant_01.png-9ccac3e1013805de544bf58cc660bf70.ctex remapped: res://.godot/imported/mask_corner_b_dominant_01.png-9ccac3e1013805de544bf58cc660bf70.ctex
Completed load for: 'res://assets/overworld/terrain_masks/mask_corner_b_dominant_01.png' remapped 'res://assets/overworld/terrain_masks/mask_corner_b_dominant_01.png' at thread -1
Loading resource: res://assets/overworld/terrain_masks/mask_horizontal_edge_small_04.png remapped: res://assets/overworld/terrain_masks/mask_horizontal_edge_small_04.png
Loading resource: res://.godot/imported/mask_horizontal_edge_small_04.png-f6eb9f7dd81706a6c39aef25ebafe884.ctex remapped: res://.godot/imported/mask_horizontal_edge_small_04.png-f6eb9f7dd81706a6c39aef25ebafe884.ctex
Completed load for: 'res://assets/overworld/terrain_masks/mask_horizontal_edge_small_04.png' remapped 'res://assets/overworld/terrain_masks/mask_horizontal_edge_small_04.png' at thread -1
Loading resource: res://assets/overworld/terrain_masks/mask_horizontal_edge_small_04.png remapped: res://assets/overworld/terrain_masks/mask_horizontal_edge_small_04.png
Loading resource: res://.godot/imported/mask_horizontal_edge_small_04.png-f6eb9f7dd81706a6c39aef25ebafe884.ctex remapped: res://.godot/imported/mask_horizontal_edge_small_04.png-f6eb9f7dd81706a6c39aef25ebafe884.ctex
Completed load for: 'res://assets/overworld/terrain_masks/mask_horizontal_edge_small_04.png' remapped 'res://assets/overworld/terrain_masks/mask_horizontal_edge_small_04.png' at thread -1
Loading resource: res://assets/overworld/terrain_masks/mask_horizontal_edge_small_04.png remapped: res://assets/overworld/terrain_masks/mask_horizontal_edge_small_04.png
Loading resource: res://.godot/imported/mask_horizontal_edge_small_04.png-f6eb9f7dd81706a6c39aef25ebafe884.ctex remapped: res://.godot/imported/mask_horizontal_edge_small_04.png-f6eb9f7dd81706a6c39aef25ebafe884.ctex
Completed load for: 'res://assets/overworld/terrain_masks/mask_horizontal_edge_small_04.png' remapped 'res://assets/overworld/terrain_masks/mask_horizontal_edge_small_04.png' at thread -1
Loading resource: res://assets/overworld/terrain_masks/mask_horizontal_edge_small_04.png remapped: res://assets/overworld/terrain_masks/mask_horizontal_edge_small_04.png
Loading resource: res://.godot/imported/mask_horizontal_edge_small_04.png-f6eb9f7dd81706a6c39aef25ebafe884.ctex remapped: res://.godot/imported/mask_horizontal_edge_small_04.png-f6eb9f7dd81706a6c39aef25ebafe884.ctex
Completed load for: 'res://assets/overworld/terrain_masks/mask_horizontal_edge_small_04.png' remapped 'res://assets/overworld/terrain_masks/mask_horizontal_edge_small_04.png' at thread -1
Loading resource: res://assets/overworld/terrain_masks/mask_horizontal_edge_small_04.png remapped: res://assets/overworld/terrain_masks/mask_horizontal_edge_small_04.png
Loading resource: res://.godot/imported/mask_horizontal_edge_small_04.png-f6eb9f7dd81706a6c39aef25ebafe884.ctex remapped: res://.godot/imported/mask_horizontal_edge_small_04.png-f6eb9f7dd81706a6c39aef25ebafe884.ctex
Completed load for: 'res://assets/overworld/terrain_masks/mask_horizontal_edge_small_04.png' remapped 'res://assets/overworld/terrain_masks/mask_horizontal_edge_small_04.png' at thread -1
Loading resource: res://assets/overworld/terrain_masks/mask_horizontal_edge_small_04.png remapped: res://assets/overworld/terrain_masks/mask_horizontal_edge_small_04.png
Loading resource: res://.godot/imported/mask_horizontal_edge_small_04.png-f6eb9f7dd81706a6c39aef25ebafe884.ctex remapped: res://.godot/imported/mask_horizontal_edge_small_04.png-f6eb9f7dd81706a6c39aef25ebafe884.ctex
Completed load for: 'res://assets/overworld/terrain_masks/mask_horizontal_edge_small_04.png' remapped 'res://assets/overworld/terrain_masks/mask_horizontal_edge_small_04.png' at thread -1
Loading resource: res://assets/overworld/terrain_masks/mask_horizontal_edge_small_04.png remapped: res://assets/overworld/terrain_masks/mask_horizontal_edge_small_04.png
Loading resource: res://.godot/imported/mask_horizontal_edge_small_04.png-f6eb9f7dd81706a6c39aef25ebafe884.ctex remapped: res://.godot/imported/mask_horizontal_edge_small_04.png-f6eb9f7dd81706a6c39aef25ebafe884.ctex
Completed load for: 'res://assets/overworld/terrain_masks/mask_horizontal_edge_small_04.png' remapped 'res://assets/overworld/terrain_masks/mask_horizontal_edge_small_04.png' at thread -1
Loading resource: res://assets/overworld/terrain_masks/mask_horizontal_edge_small_04.png remapped: res://assets/overworld/terrain_masks/mask_horizontal_edge_small_04.png
Loading resource: res://.godot/imported/mask_horizontal_edge_small_04.png-f6eb9f7dd81706a6c39aef25ebafe884.ctex remapped: res://.godot/imported/mask_horizontal_edge_small_04.png-f6eb9f7dd81706a6c39aef25ebafe884.ctex
Completed load for: 'res://assets/overworld/terrain_masks/mask_horizontal_edge_small_04.png' remapped 'res://assets/overworld/terrain_masks/mask_horizontal_edge_small_04.png' at thread -1
Loading resource: res://assets/overworld/terrain_masks/mask_corner_a_dominant_04.png remapped: res://assets/overworld/terrain_masks/mask_corner_a_dominant_04.png
Loading resource: res://.godot/imported/mask_corner_a_dominant_04.png-175fe2636a4db009da04374f7221d973.ctex remapped: res://.godot/imported/mask_corner_a_dominant_04.png-175fe2636a4db009da04374f7221d973.ctex
Completed load for: 'res://assets/overworld/terrain_masks/mask_corner_a_dominant_04.png' remapped 'res://assets/overworld/terrain_masks/mask_corner_a_dominant_04.png' at thread -1
Loading resource: res://assets/overworld/terrain_masks/mask_corner_a_dominant_04.png remapped: res://assets/overworld/terrain_masks/mask_corner_a_dominant_04.png
Loading resource: res://.godot/imported/mask_corner_a_dominant_04.png-175fe2636a4db009da04374f7221d973.ctex remapped: res://.godot/imported/mask_corner_a_dominant_04.png-175fe2636a4db009da04374f7221d973.ctex
Completed load for: 'res://assets/overworld/terrain_masks/mask_corner_a_dominant_04.png' remapped 'res://assets/overworld/terrain_masks/mask_corner_a_dominant_04.png' at thread -1
Loading resource: res://assets/overworld/terrain_masks/mask_corner_a_dominant_04.png remapped: res://assets/overworld/terrain_masks/mask_corner_a_dominant_04.png
Loading resource: res://.godot/imported/mask_corner_a_dominant_04.png-175fe2636a4db009da04374f7221d973.ctex remapped: res://.godot/imported/mask_corner_a_dominant_04.png-175fe2636a4db009da04374f7221d973.ctex
Completed load for: 'res://assets/overworld/terrain_masks/mask_corner_a_dominant_04.png' remapped 'res://assets/overworld/terrain_masks/mask_corner_a_dominant_04.png' at thread -1
Loading resource: res://assets/overworld/terrain_masks/mask_corner_a_dominant_04.png remapped: res://assets/overworld/terrain_masks/mask_corner_a_dominant_04.png
Loading resource: res://.godot/imported/mask_corner_a_dominant_04.png-175fe2636a4db009da04374f7221d973.ctex remapped: res://.godot/imported/mask_corner_a_dominant_04.png-175fe2636a4db009da04374f7221d973.ctex
Completed load for: 'res://assets/overworld/terrain_masks/mask_corner_a_dominant_04.png' remapped 'res://assets/overworld/terrain_masks/mask_corner_a_dominant_04.png' at thread -1
Loading resource: res://assets/overworld/terrain_masks/mask_corner_a_dominant_04.png remapped: res://assets/overworld/terrain_masks/mask_corner_a_dominant_04.png
Loading resource: res://.godot/imported/mask_corner_a_dominant_04.png-175fe2636a4db009da04374f7221d973.ctex remapped: res://.godot/imported/mask_corner_a_dominant_04.png-175fe2636a4db009da04374f7221d973.ctex
Completed load for: 'res://assets/overworld/terrain_masks/mask_corner_a_dominant_04.png' remapped 'res://assets/overworld/terrain_masks/mask_corner_a_dominant_04.png' at thread -1
Loading resource: res://assets/overworld/terrain_masks/mask_corner_a_dominant_04.png remapped: res://assets/overworld/terrain_masks/mask_corner_a_dominant_04.png
Loading resource: res://.godot/imported/mask_corner_a_dominant_04.png-175fe2636a4db009da04374f7221d973.ctex remapped: res://.godot/imported/mask_corner_a_dominant_04.png-175fe2636a4db009da04374f7221d973.ctex
Completed load for: 'res://assets/overworld/terrain_masks/mask_corner_a_dominant_04.png' remapped 'res://assets/overworld/terrain_masks/mask_corner_a_dominant_04.png' at thread -1
Loading resource: res://assets/overworld/terrain_masks/mask_corner_a_dominant_04.png remapped: res://assets/overworld/terrain_masks/mask_corner_a_dominant_04.png
Loading resource: res://.godot/imported/mask_corner_a_dominant_04.png-175fe2636a4db009da04374f7221d973.ctex remapped: res://.godot/imported/mask_corner_a_dominant_04.png-175fe2636a4db009da04374f7221d973.ctex
Completed load for: 'res://assets/overworld/terrain_masks/mask_corner_a_dominant_04.png' remapped 'res://assets/overworld/terrain_masks/mask_corner_a_dominant_04.png' at thread -1
Loading resource: res://assets/overworld/terrain_masks/mask_corner_a_dominant_04.png remapped: res://assets/overworld/terrain_masks/mask_corner_a_dominant_04.png
Loading resource: res://.godot/imported/mask_corner_a_dominant_04.png-175fe2636a4db009da04374f7221d973.ctex remapped: res://.godot/imported/mask_corner_a_dominant_04.png-175fe2636a4db009da04374f7221d973.ctex
Completed load for: 'res://assets/overworld/terrain_masks/mask_corner_a_dominant_04.png' remapped 'res://assets/overworld/terrain_masks/mask_corner_a_dominant_04.png' at thread -1
Loading resource: res://assets/overworld/terrain_masks/mask_corner_a_dominant_04.png remapped: res://assets/overworld/terrain_masks/mask_corner_a_dominant_04.png
Loading resource: res://.godot/imported/mask_corner_a_dominant_04.png-175fe2636a4db009da04374f7221d973.ctex remapped: res://.godot/imported/mask_corner_a_dominant_04.png-175fe2636a4db009da04374f7221d973.ctex
Completed load for: 'res://assets/overworld/terrain_masks/mask_corner_a_dominant_04.png' remapped 'res://assets/overworld/terrain_masks/mask_corner_a_dominant_04.png' at thread -1
Loading resource: res://assets/overworld/terrain_masks/mask_corner_a_dominant_04.png remapped: res://assets/overworld/terrain_masks/mask_corner_a_dominant_04.png
Loading resource: res://.godot/imported/mask_corner_a_dominant_04.png-175fe2636a4db009da04374f7221d973.ctex remapped: res://.godot/imported/mask_corner_a_dominant_04.png-175fe2636a4db009da04374f7221d973.ctex
Completed load for: 'res://assets/overworld/terrain_masks/mask_corner_a_dominant_04.png' remapped 'res://assets/overworld/terrain_masks/mask_corner_a_dominant_04.png' at thread -1
Loading resource: res://assets/overworld/terrain_masks/mask_corner_a_dominant_04.png remapped: res://assets/overworld/terrain_masks/mask_corner_a_dominant_04.png
Loading resource: res://.godot/imported/mask_corner_a_dominant_04.png-175fe2636a4db009da04374f7221d973.ctex remapped: res://.godot/imported/mask_corner_a_dominant_04.png-175fe2636a4db009da04374f7221d973.ctex
Completed load for: 'res://assets/overworld/terrain_masks/mask_corner_a_dominant_04.png' remapped 'res://assets/overworld/terrain_masks/mask_corner_a_dominant_04.png' at thread -1
Loading resource: res://assets/overworld/terrain_masks/mask_corner_a_dominant_04.png remapped: res://assets/overworld/terrain_masks/mask_corner_a_dominant_04.png
Loading resource: res://.godot/imported/mask_corner_a_dominant_04.png-175fe2636a4db009da04374f7221d973.ctex remapped: res://.godot/imported/mask_corner_a_dominant_04.png-175fe2636a4db009da04374f7221d973.ctex
Completed load for: 'res://assets/overworld/terrain_masks/mask_corner_a_dominant_04.png' remapped 'res://assets/overworld/terrain_masks/mask_corner_a_dominant_04.png' at thread -1
Loading resource: res://assets/overworld/terrain_masks/mask_vertical_edge_small_01.png remapped: res://assets/overworld/terrain_masks/mask_vertical_edge_small_01.png
Loading resource: res://.godot/imported/mask_vertical_edge_small_01.png-ca781f158bc3ba2f46054307b17ca229.ctex remapped: res://.godot/imported/mask_vertical_edge_small_01.png-ca781f158bc3ba2f46054307b17ca229.ctex
Completed load for: 'res://assets/overworld/terrain_masks/mask_vertical_edge_small_01.png' remapped 'res://assets/overworld/terrain_masks/mask_vertical_edge_small_01.png' at thread -1
Loading resource: res://assets/overworld/terrain_masks/mask_vertical_edge_small_01.png remapped: res://assets/overworld/terrain_masks/mask_vertical_edge_small_01.png
Loading resource: res://.godot/imported/mask_vertical_edge_small_01.png-ca781f158bc3ba2f46054307b17ca229.ctex remapped: res://.godot/imported/mask_vertical_edge_small_01.png-ca781f158bc3ba2f46054307b17ca229.ctex
Completed load for: 'res://assets/overworld/terrain_masks/mask_vertical_edge_small_01.png' remapped 'res://assets/overworld/terrain_masks/mask_vertical_edge_small_01.png' at thread -1
Loading resource: res://assets/overworld/terrain_masks/mask_corner_a_dominant_04.png remapped: res://assets/overworld/terrain_masks/mask_corner_a_dominant_04.png
Loading resource: res://.godot/imported/mask_corner_a_dominant_04.png-175fe2636a4db009da04374f7221d973.ctex remapped: res://.godot/imported/mask_corner_a_dominant_04.png-175fe2636a4db009da04374f7221d973.ctex
Completed load for: 'res://assets/overworld/terrain_masks/mask_corner_a_dominant_04.png' remapped 'res://assets/overworld/terrain_masks/mask_corner_a_dominant_04.png' at thread -1
Loading resource: res://assets/overworld/terrain_masks/mask_corner_a_dominant_04.png remapped: res://assets/overworld/terrain_masks/mask_corner_a_dominant_04.png
Loading resource: res://.godot/imported/mask_corner_a_dominant_04.png-175fe2636a4db009da04374f7221d973.ctex remapped: res://.godot/imported/mask_corner_a_dominant_04.png-175fe2636a4db009da04374f7221d973.ctex
Completed load for: 'res://assets/overworld/terrain_masks/mask_corner_a_dominant_04.png' remapped 'res://assets/overworld/terrain_masks/mask_corner_a_dominant_04.png' at thread -1
Loading resource: res://assets/overworld/terrain_masks/mask_vertical_edge_small_01.png remapped: res://assets/overworld/terrain_masks/mask_vertical_edge_small_01.png
Loading resource: res://.godot/imported/mask_vertical_edge_small_01.png-ca781f158bc3ba2f46054307b17ca229.ctex remapped: res://.godot/imported/mask_vertical_edge_small_01.png-ca781f158bc3ba2f46054307b17ca229.ctex
Completed load for: 'res://assets/overworld/terrain_masks/mask_vertical_edge_small_01.png' remapped 'res://assets/overworld/terrain_masks/mask_vertical_edge_small_01.png' at thread -1
Loading resource: res://assets/overworld/terrain_masks/mask_vertical_edge_small_01.png remapped: res://assets/overworld/terrain_masks/mask_vertical_edge_small_01.png
Loading resource: res://.godot/imported/mask_vertical_edge_small_01.png-ca781f158bc3ba2f46054307b17ca229.ctex remapped: res://.godot/imported/mask_vertical_edge_small_01.png-ca781f158bc3ba2f46054307b17ca229.ctex
Completed load for: 'res://assets/overworld/terrain_masks/mask_vertical_edge_small_01.png' remapped 'res://assets/overworld/terrain_masks/mask_vertical_edge_small_01.png' at thread -1
Loading resource: res://assets/overworld/terrain_masks/mask_corner_a_dominant_04.png remapped: res://assets/overworld/terrain_masks/mask_corner_a_dominant_04.png
Loading resource: res://.godot/imported/mask_corner_a_dominant_04.png-175fe2636a4db009da04374f7221d973.ctex remapped: res://.godot/imported/mask_corner_a_dominant_04.png-175fe2636a4db009da04374f7221d973.ctex
Completed load for: 'res://assets/overworld/terrain_masks/mask_corner_a_dominant_04.png' remapped 'res://assets/overworld/terrain_masks/mask_corner_a_dominant_04.png' at thread -1
Loading resource: res://assets/overworld/terrain_masks/mask_corner_a_dominant_04.png remapped: res://assets/overworld/terrain_masks/mask_corner_a_dominant_04.png
Loading resource: res://.godot/imported/mask_corner_a_dominant_04.png-175fe2636a4db009da04374f7221d973.ctex remapped: res://.godot/imported/mask_corner_a_dominant_04.png-175fe2636a4db009da04374f7221d973.ctex
Completed load for: 'res://assets/overworld/terrain_masks/mask_corner_a_dominant_04.png' remapped 'res://assets/overworld/terrain_masks/mask_corner_a_dominant_04.png' at thread -1
Loading resource: res://assets/overworld/terrain_masks/mask_vertical_edge_small_01.png remapped: res://assets/overworld/terrain_masks/mask_vertical_edge_small_01.png
Loading resource: res://.godot/imported/mask_vertical_edge_small_01.png-ca781f158bc3ba2f46054307b17ca229.ctex remapped: res://.godot/imported/mask_vertical_edge_small_01.png-ca781f158bc3ba2f46054307b17ca229.ctex
Completed load for: 'res://assets/overworld/terrain_masks/mask_vertical_edge_small_01.png' remapped 'res://assets/overworld/terrain_masks/mask_vertical_edge_small_01.png' at thread -1
Loading resource: res://assets/overworld/terrain_masks/mask_vertical_edge_small_01.png remapped: res://assets/overworld/terrain_masks/mask_vertical_edge_small_01.png
Loading resource: res://.godot/imported/mask_vertical_edge_small_01.png-ca781f158bc3ba2f46054307b17ca229.ctex remapped: res://.godot/imported/mask_vertical_edge_small_01.png-ca781f158bc3ba2f46054307b17ca229.ctex
Completed load for: 'res://assets/overworld/terrain_masks/mask_vertical_edge_small_01.png' remapped 'res://assets/overworld/terrain_masks/mask_vertical_edge_small_01.png' at thread -1
Loading resource: res://assets/overworld/terrain_masks/mask_corner_a_dominant_04.png remapped: res://assets/overworld/terrain_masks/mask_corner_a_dominant_04.png
Loading resource: res://.godot/imported/mask_corner_a_dominant_04.png-175fe2636a4db009da04374f7221d973.ctex remapped: res://.godot/imported/mask_corner_a_dominant_04.png-175fe2636a4db009da04374f7221d973.ctex
Completed load for: 'res://assets/overworld/terrain_masks/mask_corner_a_dominant_04.png' remapped 'res://assets/overworld/terrain_masks/mask_corner_a_dominant_04.png' at thread -1
Loading resource: res://assets/overworld/terrain_masks/mask_corner_a_dominant_04.png remapped: res://assets/overworld/terrain_masks/mask_corner_a_dominant_04.png
Loading resource: res://.godot/imported/mask_corner_a_dominant_04.png-175fe2636a4db009da04374f7221d973.ctex remapped: res://.godot/imported/mask_corner_a_dominant_04.png-175fe2636a4db009da04374f7221d973.ctex
Completed load for: 'res://assets/overworld/terrain_masks/mask_corner_a_dominant_04.png' remapped 'res://assets/overworld/terrain_masks/mask_corner_a_dominant_04.png' at thread -1
Loading resource: res://assets/overworld/terrain_masks/mask_vertical_edge_small_01.png remapped: res://assets/overworld/terrain_masks/mask_vertical_edge_small_01.png
Loading resource: res://.godot/imported/mask_vertical_edge_small_01.png-ca781f158bc3ba2f46054307b17ca229.ctex remapped: res://.godot/imported/mask_vertical_edge_small_01.png-ca781f158bc3ba2f46054307b17ca229.ctex
Completed load for: 'res://assets/overworld/terrain_masks/mask_vertical_edge_small_01.png' remapped 'res://assets/overworld/terrain_masks/mask_vertical_edge_small_01.png' at thread -1
Loading resource: res://assets/overworld/terrain_masks/mask_vertical_edge_small_01.png remapped: res://assets/overworld/terrain_masks/mask_vertical_edge_small_01.png
Loading resource: res://.godot/imported/mask_vertical_edge_small_01.png-ca781f158bc3ba2f46054307b17ca229.ctex remapped: res://.godot/imported/mask_vertical_edge_small_01.png-ca781f158bc3ba2f46054307b17ca229.ctex
Completed load for: 'res://assets/overworld/terrain_masks/mask_vertical_edge_small_01.png' remapped 'res://assets/overworld/terrain_masks/mask_vertical_edge_small_01.png' at thread -1
Loading resource: res://assets/overworld/terrain_masks/mask_horizontal_edge_small_01.png remapped: res://assets/overworld/terrain_masks/mask_horizontal_edge_small_01.png
Loading resource: res://.godot/imported/mask_horizontal_edge_small_01.png-925c7a67195149bb83a41d96227ef297.ctex remapped: res://.godot/imported/mask_horizontal_edge_small_01.png-925c7a67195149bb83a41d96227ef297.ctex
Completed load for: 'res://assets/overworld/terrain_masks/mask_horizontal_edge_small_01.png' remapped 'res://assets/overworld/terrain_masks/mask_horizontal_edge_small_01.png' at thread -1
Loading resource: res://assets/overworld/terrain_masks/mask_horizontal_edge_small_01.png remapped: res://assets/overworld/terrain_masks/mask_horizontal_edge_small_01.png
Loading resource: res://.godot/imported/mask_horizontal_edge_small_01.png-925c7a67195149bb83a41d96227ef297.ctex remapped: res://.godot/imported/mask_horizontal_edge_small_01.png-925c7a67195149bb83a41d96227ef297.ctex
Completed load for: 'res://assets/overworld/terrain_masks/mask_horizontal_edge_small_01.png' remapped 'res://assets/overworld/terrain_masks/mask_horizontal_edge_small_01.png' at thread -1
Loading resource: res://assets/overworld/terrain_masks/mask_horizontal_edge_small_01.png remapped: res://assets/overworld/terrain_masks/mask_horizontal_edge_small_01.png
Loading resource: res://.godot/imported/mask_horizontal_edge_small_01.png-925c7a67195149bb83a41d96227ef297.ctex remapped: res://.godot/imported/mask_horizontal_edge_small_01.png-925c7a67195149bb83a41d96227ef297.ctex
Completed load for: 'res://assets/overworld/terrain_masks/mask_horizontal_edge_small_01.png' remapped 'res://assets/overworld/terrain_masks/mask_horizontal_edge_small_01.png' at thread -1
Loading resource: res://assets/overworld/terrain_masks/mask_horizontal_edge_small_01.png remapped: res://assets/overworld/terrain_masks/mask_horizontal_edge_small_01.png
Loading resource: res://.godot/imported/mask_horizontal_edge_small_01.png-925c7a67195149bb83a41d96227ef297.ctex remapped: res://.godot/imported/mask_horizontal_edge_small_01.png-925c7a67195149bb83a41d96227ef297.ctex
Completed load for: 'res://assets/overworld/terrain_masks/mask_horizontal_edge_small_01.png' remapped 'res://assets/overworld/terrain_masks/mask_horizontal_edge_small_01.png' at thread -1
Loading resource: res://assets/overworld/terrain_masks/mask_horizontal_edge_small_01.png remapped: res://assets/overworld/terrain_masks/mask_horizontal_edge_small_01.png
Loading resource: res://.godot/imported/mask_horizontal_edge_small_01.png-925c7a67195149bb83a41d96227ef297.ctex remapped: res://.godot/imported/mask_horizontal_edge_small_01.png-925c7a67195149bb83a41d96227ef297.ctex
Completed load for: 'res://assets/overworld/terrain_masks/mask_horizontal_edge_small_01.png' remapped 'res://assets/overworld/terrain_masks/mask_horizontal_edge_small_01.png' at thread -1
Loading resource: res://assets/overworld/terrain_masks/mask_horizontal_edge_small_01.png remapped: res://assets/overworld/terrain_masks/mask_horizontal_edge_small_01.png
Loading resource: res://.godot/imported/mask_horizontal_edge_small_01.png-925c7a67195149bb83a41d96227ef297.ctex remapped: res://.godot/imported/mask_horizontal_edge_small_01.png-925c7a67195149bb83a41d96227ef297.ctex
Completed load for: 'res://assets/overworld/terrain_masks/mask_horizontal_edge_small_01.png' remapped 'res://assets/overworld/terrain_masks/mask_horizontal_edge_small_01.png' at thread -1
Loading resource: res://assets/overworld/terrain_masks/mask_horizontal_edge_small_01.png remapped: res://assets/overworld/terrain_masks/mask_horizontal_edge_small_01.png
Loading resource: res://.godot/imported/mask_horizontal_edge_small_01.png-925c7a67195149bb83a41d96227ef297.ctex remapped: res://.godot/imported/mask_horizontal_edge_small_01.png-925c7a67195149bb83a41d96227ef297.ctex
Completed load for: 'res://assets/overworld/terrain_masks/mask_horizontal_edge_small_01.png' remapped 'res://assets/overworld/terrain_masks/mask_horizontal_edge_small_01.png' at thread -1
Loading resource: res://assets/overworld/terrain_masks/mask_horizontal_edge_small_01.png remapped: res://assets/overworld/terrain_masks/mask_horizontal_edge_small_01.png
Loading resource: res://.godot/imported/mask_horizontal_edge_small_01.png-925c7a67195149bb83a41d96227ef297.ctex remapped: res://.godot/imported/mask_horizontal_edge_small_01.png-925c7a67195149bb83a41d96227ef297.ctex
Completed load for: 'res://assets/overworld/terrain_masks/mask_horizontal_edge_small_01.png' remapped 'res://assets/overworld/terrain_masks/mask_horizontal_edge_small_01.png' at thread -1
Loading resource: res://assets/overworld/terrain_masks/mask_horizontal_edge_small_04.png remapped: res://assets/overworld/terrain_masks/mask_horizontal_edge_small_04.png
Loading resource: res://.godot/imported/mask_horizontal_edge_small_04.png-f6eb9f7dd81706a6c39aef25ebafe884.ctex remapped: res://.godot/imported/mask_horizontal_edge_small_04.png-f6eb9f7dd81706a6c39aef25ebafe884.ctex
Completed load for: 'res://assets/overworld/terrain_masks/mask_horizontal_edge_small_04.png' remapped 'res://assets/overworld/terrain_masks/mask_horizontal_edge_small_04.png' at thread -1
Loading resource: res://assets/overworld/terrain_masks/mask_horizontal_edge_small_04.png remapped: res://assets/overworld/terrain_masks/mask_horizontal_edge_small_04.png
Loading resource: res://.godot/imported/mask_horizontal_edge_small_04.png-f6eb9f7dd81706a6c39aef25ebafe884.ctex remapped: res://.godot/imported/mask_horizontal_edge_small_04.png-f6eb9f7dd81706a6c39aef25ebafe884.ctex
Completed load for: 'res://assets/overworld/terrain_masks/mask_horizontal_edge_small_04.png' remapped 'res://assets/overworld/terrain_masks/mask_horizontal_edge_small_04.png' at thread -1
Loading resource: res://assets/overworld/terrain_masks/mask_horizontal_edge_small_04.png remapped: res://assets/overworld/terrain_masks/mask_horizontal_edge_small_04.png
Loading resource: res://.godot/imported/mask_horizontal_edge_small_04.png-f6eb9f7dd81706a6c39aef25ebafe884.ctex remapped: res://.godot/imported/mask_horizontal_edge_small_04.png-f6eb9f7dd81706a6c39aef25ebafe884.ctex
Completed load for: 'res://assets/overworld/terrain_masks/mask_horizontal_edge_small_04.png' remapped 'res://assets/overworld/terrain_masks/mask_horizontal_edge_small_04.png' at thread -1
Loading resource: res://assets/overworld/terrain_masks/mask_horizontal_edge_small_04.png remapped: res://assets/overworld/terrain_masks/mask_horizontal_edge_small_04.png
Loading resource: res://.godot/imported/mask_horizontal_edge_small_04.png-f6eb9f7dd81706a6c39aef25ebafe884.ctex remapped: res://.godot/imported/mask_horizontal_edge_small_04.png-f6eb9f7dd81706a6c39aef25ebafe884.ctex
Completed load for: 'res://assets/overworld/terrain_masks/mask_horizontal_edge_small_04.png' remapped 'res://assets/overworld/terrain_masks/mask_horizontal_edge_small_04.png' at thread -1
Loading resource: res://assets/overworld/terrain_masks/mask_horizontal_edge_small_04.png remapped: res://assets/overworld/terrain_masks/mask_horizontal_edge_small_04.png
Loading resource: res://.godot/imported/mask_horizontal_edge_small_04.png-f6eb9f7dd81706a6c39aef25ebafe884.ctex remapped: res://.godot/imported/mask_horizontal_edge_small_04.png-f6eb9f7dd81706a6c39aef25ebafe884.ctex
Completed load for: 'res://assets/overworld/terrain_masks/mask_horizontal_edge_small_04.png' remapped 'res://assets/overworld/terrain_masks/mask_horizontal_edge_small_04.png' at thread -1
Loading resource: res://assets/overworld/terrain_masks/mask_horizontal_edge_small_04.png remapped: res://assets/overworld/terrain_masks/mask_horizontal_edge_small_04.png
Loading resource: res://.godot/imported/mask_horizontal_edge_small_04.png-f6eb9f7dd81706a6c39aef25ebafe884.ctex remapped: res://.godot/imported/mask_horizontal_edge_small_04.png-f6eb9f7dd81706a6c39aef25ebafe884.ctex
Completed load for: 'res://assets/overworld/terrain_masks/mask_horizontal_edge_small_04.png' remapped 'res://assets/overworld/terrain_masks/mask_horizontal_edge_small_04.png' at thread -1
Loading resource: res://assets/overworld/terrain_masks/mask_horizontal_edge_small_04.png remapped: res://assets/overworld/terrain_masks/mask_horizontal_edge_small_04.png
Loading resource: res://.godot/imported/mask_horizontal_edge_small_04.png-f6eb9f7dd81706a6c39aef25ebafe884.ctex remapped: res://.godot/imported/mask_horizontal_edge_small_04.png-f6eb9f7dd81706a6c39aef25ebafe884.ctex
Completed load for: 'res://assets/overworld/terrain_masks/mask_horizontal_edge_small_04.png' remapped 'res://assets/overworld/terrain_masks/mask_horizontal_edge_small_04.png' at thread -1
Loading resource: res://assets/overworld/terrain_masks/mask_horizontal_edge_small_04.png remapped: res://assets/overworld/terrain_masks/mask_horizontal_edge_small_04.png
Loading resource: res://.godot/imported/mask_horizontal_edge_small_04.png-f6eb9f7dd81706a6c39aef25ebafe884.ctex remapped: res://.godot/imported/mask_horizontal_edge_small_04.png-f6eb9f7dd81706a6c39aef25ebafe884.ctex
Completed load for: 'res://assets/overworld/terrain_masks/mask_horizontal_edge_small_04.png' remapped 'res://assets/overworld/terrain_masks/mask_horizontal_edge_small_04.png' at thread -1
Loading resource: res://assets/overworld/terrain_masks/mask_horizontal_edge_small_02.png remapped: res://assets/overworld/terrain_masks/mask_horizontal_edge_small_02.png
Loading resource: res://.godot/imported/mask_horizontal_edge_small_02.png-61f57c402c9b58e86f60eabe83a6eb85.ctex remapped: res://.godot/imported/mask_horizontal_edge_small_02.png-61f57c402c9b58e86f60eabe83a6eb85.ctex
Completed load for: 'res://assets/overworld/terrain_masks/mask_horizontal_edge_small_02.png' remapped 'res://assets/overworld/terrain_masks/mask_horizontal_edge_small_02.png' at thread -1
Loading resource: res://assets/overworld/terrain_masks/mask_horizontal_edge_small_02.png remapped: res://assets/overworld/terrain_masks/mask_horizontal_edge_small_02.png
Loading resource: res://.godot/imported/mask_horizontal_edge_small_02.png-61f57c402c9b58e86f60eabe83a6eb85.ctex remapped: res://.godot/imported/mask_horizontal_edge_small_02.png-61f57c402c9b58e86f60eabe83a6eb85.ctex
Completed load for: 'res://assets/overworld/terrain_masks/mask_horizontal_edge_small_02.png' remapped 'res://assets/overworld/terrain_masks/mask_horizontal_edge_small_02.png' at thread -1
Loading resource: res://assets/overworld/terrain_masks/mask_horizontal_edge_small_02.png remapped: res://assets/overworld/terrain_masks/mask_horizontal_edge_small_02.png
Loading resource: res://.godot/imported/mask_horizontal_edge_small_02.png-61f57c402c9b58e86f60eabe83a6eb85.ctex remapped: res://.godot/imported/mask_horizontal_edge_small_02.png-61f57c402c9b58e86f60eabe83a6eb85.ctex
Completed load for: 'res://assets/overworld/terrain_masks/mask_horizontal_edge_small_02.png' remapped 'res://assets/overworld/terrain_masks/mask_horizontal_edge_small_02.png' at thread -1
Loading resource: res://assets/overworld/terrain_masks/mask_horizontal_edge_small_02.png remapped: res://assets/overworld/terrain_masks/mask_horizontal_edge_small_02.png
Loading resource: res://.godot/imported/mask_horizontal_edge_small_02.png-61f57c402c9b58e86f60eabe83a6eb85.ctex remapped: res://.godot/imported/mask_horizontal_edge_small_02.png-61f57c402c9b58e86f60eabe83a6eb85.ctex
Completed load for: 'res://assets/overworld/terrain_masks/mask_horizontal_edge_small_02.png' remapped 'res://assets/overworld/terrain_masks/mask_horizontal_edge_small_02.png' at thread -1
Loading resource: res://assets/overworld/terrain_masks/mask_horizontal_edge_small_02.png remapped: res://assets/overworld/terrain_masks/mask_horizontal_edge_small_02.png
Loading resource: res://.godot/imported/mask_horizontal_edge_small_02.png-61f57c402c9b58e86f60eabe83a6eb85.ctex remapped: res://.godot/imported/mask_horizontal_edge_small_02.png-61f57c402c9b58e86f60eabe83a6eb85.ctex
Completed load for: 'res://assets/overworld/terrain_masks/mask_horizontal_edge_small_02.png' remapped 'res://assets/overworld/terrain_masks/mask_horizontal_edge_small_02.png' at thread -1
Loading resource: res://assets/overworld/terrain_masks/mask_horizontal_edge_small_02.png remapped: res://assets/overworld/terrain_masks/mask_horizontal_edge_small_02.png
Loading resource: res://.godot/imported/mask_horizontal_edge_small_02.png-61f57c402c9b58e86f60eabe83a6eb85.ctex remapped: res://.godot/imported/mask_horizontal_edge_small_02.png-61f57c402c9b58e86f60eabe83a6eb85.ctex
Completed load for: 'res://assets/overworld/terrain_masks/mask_horizontal_edge_small_02.png' remapped 'res://assets/overworld/terrain_masks/mask_horizontal_edge_small_02.png' at thread -1
Loading resource: res://assets/overworld/terrain_masks/mask_horizontal_edge_small_02.png remapped: res://assets/overworld/terrain_masks/mask_horizontal_edge_small_02.png
Loading resource: res://.godot/imported/mask_horizontal_edge_small_02.png-61f57c402c9b58e86f60eabe83a6eb85.ctex remapped: res://.godot/imported/mask_horizontal_edge_small_02.png-61f57c402c9b58e86f60eabe83a6eb85.ctex
Completed load for: 'res://assets/overworld/terrain_masks/mask_horizontal_edge_small_02.png' remapped 'res://assets/overworld/terrain_masks/mask_horizontal_edge_small_02.png' at thread -1
Loading resource: res://assets/overworld/terrain_masks/mask_horizontal_edge_small_02.png remapped: res://assets/overworld/terrain_masks/mask_horizontal_edge_small_02.png
Loading resource: res://.godot/imported/mask_horizontal_edge_small_02.png-61f57c402c9b58e86f60eabe83a6eb85.ctex remapped: res://.godot/imported/mask_horizontal_edge_small_02.png-61f57c402c9b58e86f60eabe83a6eb85.ctex
Completed load for: 'res://assets/overworld/terrain_masks/mask_horizontal_edge_small_02.png' remapped 'res://assets/overworld/terrain_masks/mask_horizontal_edge_small_02.png' at thread -1
Loading resource: res://assets/overworld/terrain_masks/mask_corner_a_dominant_02.png remapped: res://assets/overworld/terrain_masks/mask_corner_a_dominant_02.png
Loading resource: res://.godot/imported/mask_corner_a_dominant_02.png-bd3c38b63920202f67915a9c479c0559.ctex remapped: res://.godot/imported/mask_corner_a_dominant_02.png-bd3c38b63920202f67915a9c479c0559.ctex
Completed load for: 'res://assets/overworld/terrain_masks/mask_corner_a_dominant_02.png' remapped 'res://assets/overworld/terrain_masks/mask_corner_a_dominant_02.png' at thread -1
Loading resource: res://assets/overworld/terrain_masks/mask_corner_a_dominant_02.png remapped: res://assets/overworld/terrain_masks/mask_corner_a_dominant_02.png
Loading resource: res://.godot/imported/mask_corner_a_dominant_02.png-bd3c38b63920202f67915a9c479c0559.ctex remapped: res://.godot/imported/mask_corner_a_dominant_02.png-bd3c38b63920202f67915a9c479c0559.ctex
Completed load for: 'res://assets/overworld/terrain_masks/mask_corner_a_dominant_02.png' remapped 'res://assets/overworld/terrain_masks/mask_corner_a_dominant_02.png' at thread -1
Loading resource: res://assets/overworld/terrain_masks/mask_corner_a_dominant_02.png remapped: res://assets/overworld/terrain_masks/mask_corner_a_dominant_02.png
Loading resource: res://.godot/imported/mask_corner_a_dominant_02.png-bd3c38b63920202f67915a9c479c0559.ctex remapped: res://.godot/imported/mask_corner_a_dominant_02.png-bd3c38b63920202f67915a9c479c0559.ctex
Completed load for: 'res://assets/overworld/terrain_masks/mask_corner_a_dominant_02.png' remapped 'res://assets/overworld/terrain_masks/mask_corner_a_dominant_02.png' at thread -1
Loading resource: res://assets/overworld/terrain_masks/mask_corner_a_dominant_02.png remapped: res://assets/overworld/terrain_masks/mask_corner_a_dominant_02.png
Loading resource: res://.godot/imported/mask_corner_a_dominant_02.png-bd3c38b63920202f67915a9c479c0559.ctex remapped: res://.godot/imported/mask_corner_a_dominant_02.png-bd3c38b63920202f67915a9c479c0559.ctex
Completed load for: 'res://assets/overworld/terrain_masks/mask_corner_a_dominant_02.png' remapped 'res://assets/overworld/terrain_masks/mask_corner_a_dominant_02.png' at thread -1
Loading resource: res://assets/overworld/terrain_masks/mask_corner_a_dominant_02.png remapped: res://assets/overworld/terrain_masks/mask_corner_a_dominant_02.png
Loading resource: res://.godot/imported/mask_corner_a_dominant_02.png-bd3c38b63920202f67915a9c479c0559.ctex remapped: res://.godot/imported/mask_corner_a_dominant_02.png-bd3c38b63920202f67915a9c479c0559.ctex
Completed load for: 'res://assets/overworld/terrain_masks/mask_corner_a_dominant_02.png' remapped 'res://assets/overworld/terrain_masks/mask_corner_a_dominant_02.png' at thread -1
Loading resource: res://assets/overworld/terrain_masks/mask_corner_a_dominant_02.png remapped: res://assets/overworld/terrain_masks/mask_corner_a_dominant_02.png
Loading resource: res://.godot/imported/mask_corner_a_dominant_02.png-bd3c38b63920202f67915a9c479c0559.ctex remapped: res://.godot/imported/mask_corner_a_dominant_02.png-bd3c38b63920202f67915a9c479c0559.ctex
Completed load for: 'res://assets/overworld/terrain_masks/mask_corner_a_dominant_02.png' remapped 'res://assets/overworld/terrain_masks/mask_corner_a_dominant_02.png' at thread -1
Loading resource: res://assets/overworld/terrain_masks/mask_corner_a_dominant_02.png remapped: res://assets/overworld/terrain_masks/mask_corner_a_dominant_02.png
Loading resource: res://.godot/imported/mask_corner_a_dominant_02.png-bd3c38b63920202f67915a9c479c0559.ctex remapped: res://.godot/imported/mask_corner_a_dominant_02.png-bd3c38b63920202f67915a9c479c0559.ctex
Completed load for: 'res://assets/overworld/terrain_masks/mask_corner_a_dominant_02.png' remapped 'res://assets/overworld/terrain_masks/mask_corner_a_dominant_02.png' at thread -1
Loading resource: res://assets/overworld/terrain_masks/mask_corner_a_dominant_02.png remapped: res://assets/overworld/terrain_masks/mask_corner_a_dominant_02.png
Loading resource: res://.godot/imported/mask_corner_a_dominant_02.png-bd3c38b63920202f67915a9c479c0559.ctex remapped: res://.godot/imported/mask_corner_a_dominant_02.png-bd3c38b63920202f67915a9c479c0559.ctex
Completed load for: 'res://assets/overworld/terrain_masks/mask_corner_a_dominant_02.png' remapped 'res://assets/overworld/terrain_masks/mask_corner_a_dominant_02.png' at thread -1
Loading resource: res://assets/overworld/terrain_masks/mask_corner_b_dominant_01.png remapped: res://assets/overworld/terrain_masks/mask_corner_b_dominant_01.png
Loading resource: res://.godot/imported/mask_corner_b_dominant_01.png-9ccac3e1013805de544bf58cc660bf70.ctex remapped: res://.godot/imported/mask_corner_b_dominant_01.png-9ccac3e1013805de544bf58cc660bf70.ctex
Completed load for: 'res://assets/overworld/terrain_masks/mask_corner_b_dominant_01.png' remapped 'res://assets/overworld/terrain_masks/mask_corner_b_dominant_01.png' at thread -1
Loading resource: res://assets/overworld/terrain_masks/mask_corner_b_dominant_01.png remapped: res://assets/overworld/terrain_masks/mask_corner_b_dominant_01.png
Loading resource: res://.godot/imported/mask_corner_b_dominant_01.png-9ccac3e1013805de544bf58cc660bf70.ctex remapped: res://.godot/imported/mask_corner_b_dominant_01.png-9ccac3e1013805de544bf58cc660bf70.ctex
Completed load for: 'res://assets/overworld/terrain_masks/mask_corner_b_dominant_01.png' remapped 'res://assets/overworld/terrain_masks/mask_corner_b_dominant_01.png' at thread -1
Loading resource: res://assets/overworld/terrain_masks/mask_horizontal_edge_small_04.png remapped: res://assets/overworld/terrain_masks/mask_horizontal_edge_small_04.png
Loading resource: res://.godot/imported/mask_horizontal_edge_small_04.png-f6eb9f7dd81706a6c39aef25ebafe884.ctex remapped: res://.godot/imported/mask_horizontal_edge_small_04.png-f6eb9f7dd81706a6c39aef25ebafe884.ctex
Completed load for: 'res://assets/overworld/terrain_masks/mask_horizontal_edge_small_04.png' remapped 'res://assets/overworld/terrain_masks/mask_horizontal_edge_small_04.png' at thread -1
Loading resource: res://assets/overworld/terrain_masks/mask_horizontal_edge_small_04.png remapped: res://assets/overworld/terrain_masks/mask_horizontal_edge_small_04.png
Loading resource: res://.godot/imported/mask_horizontal_edge_small_04.png-f6eb9f7dd81706a6c39aef25ebafe884.ctex remapped: res://.godot/imported/mask_horizontal_edge_small_04.png-f6eb9f7dd81706a6c39aef25ebafe884.ctex
Completed load for: 'res://assets/overworld/terrain_masks/mask_horizontal_edge_small_04.png' remapped 'res://assets/overworld/terrain_masks/mask_horizontal_edge_small_04.png' at thread -1
Loading resource: res://assets/overworld/terrain_masks/mask_corner_a_dominant_04.png remapped: res://assets/overworld/terrain_masks/mask_corner_a_dominant_04.png
Loading resource: res://.godot/imported/mask_corner_a_dominant_04.png-175fe2636a4db009da04374f7221d973.ctex remapped: res://.godot/imported/mask_corner_a_dominant_04.png-175fe2636a4db009da04374f7221d973.ctex
Completed load for: 'res://assets/overworld/terrain_masks/mask_corner_a_dominant_04.png' remapped 'res://assets/overworld/terrain_masks/mask_corner_a_dominant_04.png' at thread -1
Loading resource: res://assets/overworld/terrain_masks/mask_corner_a_dominant_04.png remapped: res://assets/overworld/terrain_masks/mask_corner_a_dominant_04.png
Loading resource: res://.godot/imported/mask_corner_a_dominant_04.png-175fe2636a4db009da04374f7221d973.ctex remapped: res://.godot/imported/mask_corner_a_dominant_04.png-175fe2636a4db009da04374f7221d973.ctex
Completed load for: 'res://assets/overworld/terrain_masks/mask_corner_a_dominant_04.png' remapped 'res://assets/overworld/terrain_masks/mask_corner_a_dominant_04.png' at thread -1
Loading resource: res://assets/overworld/terrain_masks/mask_corner_a_dominant_04.png remapped: res://assets/overworld/terrain_masks/mask_corner_a_dominant_04.png
Loading resource: res://.godot/imported/mask_corner_a_dominant_04.png-175fe2636a4db009da04374f7221d973.ctex remapped: res://.godot/imported/mask_corner_a_dominant_04.png-175fe2636a4db009da04374f7221d973.ctex
Completed load for: 'res://assets/overworld/terrain_masks/mask_corner_a_dominant_04.png' remapped 'res://assets/overworld/terrain_masks/mask_corner_a_dominant_04.png' at thread -1
Loading resource: res://assets/overworld/terrain_masks/mask_corner_a_dominant_04.png remapped: res://assets/overworld/terrain_masks/mask_corner_a_dominant_04.png
Loading resource: res://.godot/imported/mask_corner_a_dominant_04.png-175fe2636a4db009da04374f7221d973.ctex remapped: res://.godot/imported/mask_corner_a_dominant_04.png-175fe2636a4db009da04374f7221d973.ctex
Completed load for: 'res://assets/overworld/terrain_masks/mask_corner_a_dominant_04.png' remapped 'res://assets/overworld/terrain_masks/mask_corner_a_dominant_04.png' at thread -1
Loading resource: res://assets/overworld/terrain_masks/mask_horizontal_edge_small_00.png remapped: res://assets/overworld/terrain_masks/mask_horizontal_edge_small_00.png
Loading resource: res://.godot/imported/mask_horizontal_edge_small_00.png-c41d7ae1dd8b3c349c09d5890e2d0d16.ctex remapped: res://.godot/imported/mask_horizontal_edge_small_00.png-c41d7ae1dd8b3c349c09d5890e2d0d16.ctex
Completed load for: 'res://assets/overworld/terrain_masks/mask_horizontal_edge_small_00.png' remapped 'res://assets/overworld/terrain_masks/mask_horizontal_edge_small_00.png' at thread -1
Loading resource: res://assets/overworld/terrain_masks/mask_horizontal_edge_small_00.png remapped: res://assets/overworld/terrain_masks/mask_horizontal_edge_small_00.png
Loading resource: res://.godot/imported/mask_horizontal_edge_small_00.png-c41d7ae1dd8b3c349c09d5890e2d0d16.ctex remapped: res://.godot/imported/mask_horizontal_edge_small_00.png-c41d7ae1dd8b3c349c09d5890e2d0d16.ctex
Completed load for: 'res://assets/overworld/terrain_masks/mask_horizontal_edge_small_00.png' remapped 'res://assets/overworld/terrain_masks/mask_horizontal_edge_small_00.png' at thread -1
Loading resource: res://assets/overworld/terrain_masks/mask_corner_a_dominant_04.png remapped: res://assets/overworld/terrain_masks/mask_corner_a_dominant_04.png
Loading resource: res://.godot/imported/mask_corner_a_dominant_04.png-175fe2636a4db009da04374f7221d973.ctex remapped: res://.godot/imported/mask_corner_a_dominant_04.png-175fe2636a4db009da04374f7221d973.ctex
Completed load for: 'res://assets/overworld/terrain_masks/mask_corner_a_dominant_04.png' remapped 'res://assets/overworld/terrain_masks/mask_corner_a_dominant_04.png' at thread -1
Loading resource: res://assets/overworld/terrain_masks/mask_corner_a_dominant_04.png remapped: res://assets/overworld/terrain_masks/mask_corner_a_dominant_04.png
Loading resource: res://.godot/imported/mask_corner_a_dominant_04.png-175fe2636a4db009da04374f7221d973.ctex remapped: res://.godot/imported/mask_corner_a_dominant_04.png-175fe2636a4db009da04374f7221d973.ctex
Completed load for: 'res://assets/overworld/terrain_masks/mask_corner_a_dominant_04.png' remapped 'res://assets/overworld/terrain_masks/mask_corner_a_dominant_04.png' at thread -1
Loading resource: res://assets/overworld/terrain_masks/mask_horizontal_edge_small_00.png remapped: res://assets/overworld/terrain_masks/mask_horizontal_edge_small_00.png
Loading resource: res://.godot/imported/mask_horizontal_edge_small_00.png-c41d7ae1dd8b3c349c09d5890e2d0d16.ctex remapped: res://.godot/imported/mask_horizontal_edge_small_00.png-c41d7ae1dd8b3c349c09d5890e2d0d16.ctex
Completed load for: 'res://assets/overworld/terrain_masks/mask_horizontal_edge_small_00.png' remapped 'res://assets/overworld/terrain_masks/mask_horizontal_edge_small_00.png' at thread -1
Loading resource: res://assets/overworld/terrain_masks/mask_horizontal_edge_small_00.png remapped: res://assets/overworld/terrain_masks/mask_horizontal_edge_small_00.png
Loading resource: res://.godot/imported/mask_horizontal_edge_small_00.png-c41d7ae1dd8b3c349c09d5890e2d0d16.ctex remapped: res://.godot/imported/mask_horizontal_edge_small_00.png-c41d7ae1dd8b3c349c09d5890e2d0d16.ctex
Completed load for: 'res://assets/overworld/terrain_masks/mask_horizontal_edge_small_00.png' remapped 'res://assets/overworld/terrain_masks/mask_horizontal_edge_small_00.png' at thread -1
Loading resource: res://assets/overworld/terrain_masks/mask_corner_a_dominant_04.png remapped: res://assets/overworld/terrain_masks/mask_corner_a_dominant_04.png
Loading resource: res://.godot/imported/mask_corner_a_dominant_04.png-175fe2636a4db009da04374f7221d973.ctex remapped: res://.godot/imported/mask_corner_a_dominant_04.png-175fe2636a4db009da04374f7221d973.ctex
Completed load for: 'res://assets/overworld/terrain_masks/mask_corner_a_dominant_04.png' remapped 'res://assets/overworld/terrain_masks/mask_corner_a_dominant_04.png' at thread -1
Loading resource: res://assets/overworld/terrain_masks/mask_corner_a_dominant_04.png remapped: res://assets/overworld/terrain_masks/mask_corner_a_dominant_04.png
Loading resource: res://.godot/imported/mask_corner_a_dominant_04.png-175fe2636a4db009da04374f7221d973.ctex remapped: res://.godot/imported/mask_corner_a_dominant_04.png-175fe2636a4db009da04374f7221d973.ctex
Completed load for: 'res://assets/overworld/terrain_masks/mask_corner_a_dominant_04.png' remapped 'res://assets/overworld/terrain_masks/mask_corner_a_dominant_04.png' at thread -1
Loading resource: res://assets/overworld/terrain_masks/mask_horizontal_edge_small_00.png remapped: res://assets/overworld/terrain_masks/mask_horizontal_edge_small_00.png
Loading resource: res://.godot/imported/mask_horizontal_edge_small_00.png-c41d7ae1dd8b3c349c09d5890e2d0d16.ctex remapped: res://.godot/imported/mask_horizontal_edge_small_00.png-c41d7ae1dd8b3c349c09d5890e2d0d16.ctex
Completed load for: 'res://assets/overworld/terrain_masks/mask_horizontal_edge_small_00.png' remapped 'res://assets/overworld/terrain_masks/mask_horizontal_edge_small_00.png' at thread -1
Loading resource: res://assets/overworld/terrain_masks/mask_horizontal_edge_small_00.png remapped: res://assets/overworld/terrain_masks/mask_horizontal_edge_small_00.png
Loading resource: res://.godot/imported/mask_horizontal_edge_small_00.png-c41d7ae1dd8b3c349c09d5890e2d0d16.ctex remapped: res://.godot/imported/mask_horizontal_edge_small_00.png-c41d7ae1dd8b3c349c09d5890e2d0d16.ctex
Completed load for: 'res://assets/overworld/terrain_masks/mask_horizontal_edge_small_00.png' remapped 'res://assets/overworld/terrain_masks/mask_horizontal_edge_small_00.png' at thread -1
Loading resource: res://assets/overworld/terrain_masks/mask_corner_a_dominant_04.png remapped: res://assets/overworld/terrain_masks/mask_corner_a_dominant_04.png
Loading resource: res://.godot/imported/mask_corner_a_dominant_04.png-175fe2636a4db009da04374f7221d973.ctex remapped: res://.godot/imported/mask_corner_a_dominant_04.png-175fe2636a4db009da04374f7221d973.ctex
Completed load for: 'res://assets/overworld/terrain_masks/mask_corner_a_dominant_04.png' remapped 'res://assets/overworld/terrain_masks/mask_corner_a_dominant_04.png' at thread -1
Loading resource: res://assets/overworld/terrain_masks/mask_corner_a_dominant_04.png remapped: res://assets/overworld/terrain_masks/mask_corner_a_dominant_04.png
Loading resource: res://.godot/imported/mask_corner_a_dominant_04.png-175fe2636a4db009da04374f7221d973.ctex remapped: res://.godot/imported/mask_corner_a_dominant_04.png-175fe2636a4db009da04374f7221d973.ctex
Completed load for: 'res://assets/overworld/terrain_masks/mask_corner_a_dominant_04.png' remapped 'res://assets/overworld/terrain_masks/mask_corner_a_dominant_04.png' at thread -1
Loading resource: res://assets/overworld/terrain_masks/mask_horizontal_edge_small_00.png remapped: res://assets/overworld/terrain_masks/mask_horizontal_edge_small_00.png
Loading resource: res://.godot/imported/mask_horizontal_edge_small_00.png-c41d7ae1dd8b3c349c09d5890e2d0d16.ctex remapped: res://.godot/imported/mask_horizontal_edge_small_00.png-c41d7ae1dd8b3c349c09d5890e2d0d16.ctex
Completed load for: 'res://assets/overworld/terrain_masks/mask_horizontal_edge_small_00.png' remapped 'res://assets/overworld/terrain_masks/mask_horizontal_edge_small_00.png' at thread -1
Loading resource: res://assets/overworld/terrain_masks/mask_horizontal_edge_small_00.png remapped: res://assets/overworld/terrain_masks/mask_horizontal_edge_small_00.png
Loading resource: res://.godot/imported/mask_horizontal_edge_small_00.png-c41d7ae1dd8b3c349c09d5890e2d0d16.ctex remapped: res://.godot/imported/mask_horizontal_edge_small_00.png-c41d7ae1dd8b3c349c09d5890e2d0d16.ctex
Completed load for: 'res://assets/overworld/terrain_masks/mask_horizontal_edge_small_00.png' remapped 'res://assets/overworld/terrain_masks/mask_horizontal_edge_small_00.png' at thread -1
Loading resource: res://assets/overworld/terrain_masks/mask_horizontal_edge_small_03.png remapped: res://assets/overworld/terrain_masks/mask_horizontal_edge_small_03.png
Loading resource: res://.godot/imported/mask_horizontal_edge_small_03.png-2d3a294dad3e365ea5b1d80f8273cb53.ctex remapped: res://.godot/imported/mask_horizontal_edge_small_03.png-2d3a294dad3e365ea5b1d80f8273cb53.ctex
Completed load for: 'res://assets/overworld/terrain_masks/mask_horizontal_edge_small_03.png' remapped 'res://assets/overworld/terrain_masks/mask_horizontal_edge_small_03.png' at thread -1
Loading resource: res://assets/overworld/terrain_masks/mask_horizontal_edge_small_03.png remapped: res://assets/overworld/terrain_masks/mask_horizontal_edge_small_03.png
Loading resource: res://.godot/imported/mask_horizontal_edge_small_03.png-2d3a294dad3e365ea5b1d80f8273cb53.ctex remapped: res://.godot/imported/mask_horizontal_edge_small_03.png-2d3a294dad3e365ea5b1d80f8273cb53.ctex
Completed load for: 'res://assets/overworld/terrain_masks/mask_horizontal_edge_small_03.png' remapped 'res://assets/overworld/terrain_masks/mask_horizontal_edge_small_03.png' at thread -1
Loading resource: res://assets/overworld/terrain_masks/mask_horizontal_edge_small_03.png remapped: res://assets/overworld/terrain_masks/mask_horizontal_edge_small_03.png
Loading resource: res://.godot/imported/mask_horizontal_edge_small_03.png-2d3a294dad3e365ea5b1d80f8273cb53.ctex remapped: res://.godot/imported/mask_horizontal_edge_small_03.png-2d3a294dad3e365ea5b1d80f8273cb53.ctex
Completed load for: 'res://assets/overworld/terrain_masks/mask_horizontal_edge_small_03.png' remapped 'res://assets/overworld/terrain_masks/mask_horizontal_edge_small_03.png' at thread -1
Loading resource: res://assets/overworld/terrain_masks/mask_horizontal_edge_small_03.png remapped: res://assets/overworld/terrain_masks/mask_horizontal_edge_small_03.png
Loading resource: res://.godot/imported/mask_horizontal_edge_small_03.png-2d3a294dad3e365ea5b1d80f8273cb53.ctex remapped: res://.godot/imported/mask_horizontal_edge_small_03.png-2d3a294dad3e365ea5b1d80f8273cb53.ctex
Completed load for: 'res://assets/overworld/terrain_masks/mask_horizontal_edge_small_03.png' remapped 'res://assets/overworld/terrain_masks/mask_horizontal_edge_small_03.png' at thread -1
Loading resource: res://assets/overworld/terrain_masks/mask_horizontal_edge_small_03.png remapped: res://assets/overworld/terrain_masks/mask_horizontal_edge_small_03.png
Loading resource: res://.godot/imported/mask_horizontal_edge_small_03.png-2d3a294dad3e365ea5b1d80f8273cb53.ctex remapped: res://.godot/imported/mask_horizontal_edge_small_03.png-2d3a294dad3e365ea5b1d80f8273cb53.ctex
Completed load for: 'res://assets/overworld/terrain_masks/mask_horizontal_edge_small_03.png' remapped 'res://assets/overworld/terrain_masks/mask_horizontal_edge_small_03.png' at thread -1
Loading resource: res://assets/overworld/terrain_masks/mask_horizontal_edge_small_03.png remapped: res://assets/overworld/terrain_masks/mask_horizontal_edge_small_03.png
Loading resource: res://.godot/imported/mask_horizontal_edge_small_03.png-2d3a294dad3e365ea5b1d80f8273cb53.ctex remapped: res://.godot/imported/mask_horizontal_edge_small_03.png-2d3a294dad3e365ea5b1d80f8273cb53.ctex
Completed load for: 'res://assets/overworld/terrain_masks/mask_horizontal_edge_small_03.png' remapped 'res://assets/overworld/terrain_masks/mask_horizontal_edge_small_03.png' at thread -1
Loading resource: res://assets/overworld/terrain_masks/mask_horizontal_edge_small_03.png remapped: res://assets/overworld/terrain_masks/mask_horizontal_edge_small_03.png
Loading resource: res://.godot/imported/mask_horizontal_edge_small_03.png-2d3a294dad3e365ea5b1d80f8273cb53.ctex remapped: res://.godot/imported/mask_horizontal_edge_small_03.png-2d3a294dad3e365ea5b1d80f8273cb53.ctex
Completed load for: 'res://assets/overworld/terrain_masks/mask_horizontal_edge_small_03.png' remapped 'res://assets/overworld/terrain_masks/mask_horizontal_edge_small_03.png' at thread -1
Loading resource: res://assets/overworld/terrain_masks/mask_horizontal_edge_small_03.png remapped: res://assets/overworld/terrain_masks/mask_horizontal_edge_small_03.png
Loading resource: res://.godot/imported/mask_horizontal_edge_small_03.png-2d3a294dad3e365ea5b1d80f8273cb53.ctex remapped: res://.godot/imported/mask_horizontal_edge_small_03.png-2d3a294dad3e365ea5b1d80f8273cb53.ctex
Completed load for: 'res://assets/overworld/terrain_masks/mask_horizontal_edge_small_03.png' remapped 'res://assets/overworld/terrain_masks/mask_horizontal_edge_small_03.png' at thread -1
Loading resource: res://assets/overworld/terrain_masks/mask_horizontal_edge_small_00.png remapped: res://assets/overworld/terrain_masks/mask_horizontal_edge_small_00.png
Loading resource: res://.godot/imported/mask_horizontal_edge_small_00.png-c41d7ae1dd8b3c349c09d5890e2d0d16.ctex remapped: res://.godot/imported/mask_horizontal_edge_small_00.png-c41d7ae1dd8b3c349c09d5890e2d0d16.ctex
Completed load for: 'res://assets/overworld/terrain_masks/mask_horizontal_edge_small_00.png' remapped 'res://assets/overworld/terrain_masks/mask_horizontal_edge_small_00.png' at thread -1
Loading resource: res://assets/overworld/terrain_masks/mask_horizontal_edge_small_00.png remapped: res://assets/overworld/terrain_masks/mask_horizontal_edge_small_00.png
Loading resource: res://.godot/imported/mask_horizontal_edge_small_00.png-c41d7ae1dd8b3c349c09d5890e2d0d16.ctex remapped: res://.godot/imported/mask_horizontal_edge_small_00.png-c41d7ae1dd8b3c349c09d5890e2d0d16.ctex
Completed load for: 'res://assets/overworld/terrain_masks/mask_horizontal_edge_small_00.png' remapped 'res://assets/overworld/terrain_masks/mask_horizontal_edge_small_00.png' at thread -1
Loading resource: res://assets/overworld/terrain_masks/mask_horizontal_edge_small_03.png remapped: res://assets/overworld/terrain_masks/mask_horizontal_edge_small_03.png
Loading resource: res://.godot/imported/mask_horizontal_edge_small_03.png-2d3a294dad3e365ea5b1d80f8273cb53.ctex remapped: res://.godot/imported/mask_horizontal_edge_small_03.png-2d3a294dad3e365ea5b1d80f8273cb53.ctex
Completed load for: 'res://assets/overworld/terrain_masks/mask_horizontal_edge_small_03.png' remapped 'res://assets/overworld/terrain_masks/mask_horizontal_edge_small_03.png' at thread -1
Loading resource: res://assets/overworld/terrain_masks/mask_horizontal_edge_small_03.png remapped: res://assets/overworld/terrain_masks/mask_horizontal_edge_small_03.png
Loading resource: res://.godot/imported/mask_horizontal_edge_small_03.png-2d3a294dad3e365ea5b1d80f8273cb53.ctex remapped: res://.godot/imported/mask_horizontal_edge_small_03.png-2d3a294dad3e365ea5b1d80f8273cb53.ctex
Completed load for: 'res://assets/overworld/terrain_masks/mask_horizontal_edge_small_03.png' remapped 'res://assets/overworld/terrain_masks/mask_horizontal_edge_small_03.png' at thread -1
Loading resource: res://assets/overworld/habitat_scorchic_fallen_log.png remapped: res://assets/overworld/habitat_scorchic_fallen_log.png
Loading resource: res://.godot/imported/habitat_scorchic_fallen_log.png-464b43603b9e1512b57c97c7add60223.ctex remapped: res://.godot/imported/habitat_scorchic_fallen_log.png-464b43603b9e1512b57c97c7add60223.ctex
Completed load for: 'res://assets/overworld/habitat_scorchic_fallen_log.png' remapped 'res://assets/overworld/habitat_scorchic_fallen_log.png' at thread -1
Loading resource: res://assets/overworld/sunflower_cluster_00.png remapped: res://assets/overworld/sunflower_cluster_00.png
Loading resource: res://.godot/imported/sunflower_cluster_00.png-4c92430cd75ca4f6c1e4851aaff2bddd.ctex remapped: res://.godot/imported/sunflower_cluster_00.png-4c92430cd75ca4f6c1e4851aaff2bddd.ctex
Completed load for: 'res://assets/overworld/sunflower_cluster_00.png' remapped 'res://assets/overworld/sunflower_cluster_00.png' at thread -1
Loading resource: res://assets/overworld/moss_rose_00.png remapped: res://assets/overworld/moss_rose_00.png
Loading resource: res://.godot/imported/moss_rose_00.png-9d6268b0d9982034886241f62fe2b2e5.ctex remapped: res://.godot/imported/moss_rose_00.png-9d6268b0d9982034886241f62fe2b2e5.ctex
Completed load for: 'res://assets/overworld/moss_rose_00.png' remapped 'res://assets/overworld/moss_rose_00.png' at thread -1
Loading resource: res://assets/overworld/moss_rose_01.png remapped: res://assets/overworld/moss_rose_01.png
Loading resource: res://.godot/imported/moss_rose_01.png-4386109f12dbb604c630f09c6aad80e1.ctex remapped: res://.godot/imported/moss_rose_01.png-4386109f12dbb604c630f09c6aad80e1.ctex
Completed load for: 'res://assets/overworld/moss_rose_01.png' remapped 'res://assets/overworld/moss_rose_01.png' at thread -1
Loading resource: res://assets/overworld/Rocks_Sunscorched_00.png remapped: res://assets/overworld/Rocks_Sunscorched_00.png
Loading resource: res://.godot/imported/Rocks_Sunscorched_00.png-bdea6ee3cff2a7c5a881b7b27c2600d7.ctex remapped: res://.godot/imported/Rocks_Sunscorched_00.png-bdea6ee3cff2a7c5a881b7b27c2600d7.ctex
Completed load for: 'res://assets/overworld/Rocks_Sunscorched_00.png' remapped 'res://assets/overworld/Rocks_Sunscorched_00.png' at thread -1
Loading resource: res://assets/overworld/Habitat_Scorchic_Sunning_Rock.png remapped: res://assets/overworld/Habitat_Scorchic_Sunning_Rock.png
Loading resource: res://.godot/imported/Habitat_Scorchic_Sunning_Rock.png-b157298aaacb55914661a748722f31dc.ctex remapped: res://.godot/imported/Habitat_Scorchic_Sunning_Rock.png-b157298aaacb55914661a748722f31dc.ctex
Completed load for: 'res://assets/overworld/Habitat_Scorchic_Sunning_Rock.png' remapped 'res://assets/overworld/Habitat_Scorchic_Sunning_Rock.png' at thread -1
Loading resource: res://assets/overworld/Rocks_Sunscorched_01.png remapped: res://assets/overworld/Rocks_Sunscorched_01.png
Loading resource: res://.godot/imported/Rocks_Sunscorched_01.png-cbd1d7f7bc5586d0ec983bc9648d1783.ctex remapped: res://.godot/imported/Rocks_Sunscorched_01.png-cbd1d7f7bc5586d0ec983bc9648d1783.ctex
Completed load for: 'res://assets/overworld/Rocks_Sunscorched_01.png' remapped 'res://assets/overworld/Rocks_Sunscorched_01.png' at thread -1
Loading resource: res://assets/overworld/Rocks_Sunscorched_05.png remapped: res://assets/overworld/Rocks_Sunscorched_05.png
Loading resource: res://.godot/imported/Rocks_Sunscorched_05.png-d495df16c2d12d6952506eb659ff1cb4.ctex remapped: res://.godot/imported/Rocks_Sunscorched_05.png-d495df16c2d12d6952506eb659ff1cb4.ctex
Completed load for: 'res://assets/overworld/Rocks_Sunscorched_05.png' remapped 'res://assets/overworld/Rocks_Sunscorched_05.png' at thread -1
Loading resource: res://assets/overworld/Rocks_Sunscorched_06.png remapped: res://assets/overworld/Rocks_Sunscorched_06.png
Loading resource: res://.godot/imported/Rocks_Sunscorched_06.png-1afa5046345ae9904bcd1ec97f73217e.ctex remapped: res://.godot/imported/Rocks_Sunscorched_06.png-1afa5046345ae9904bcd1ec97f73217e.ctex
Completed load for: 'res://assets/overworld/Rocks_Sunscorched_06.png' remapped 'res://assets/overworld/Rocks_Sunscorched_06.png' at thread -1
Loading resource: res://assets/overworld/Habitat_Scorchic_Sun_Sensor.png remapped: res://assets/overworld/Habitat_Scorchic_Sun_Sensor.png
Loading resource: res://.godot/imported/Habitat_Scorchic_Sun_Sensor.png-ae9be99567cd169c3d476d1bc73a0aef.ctex remapped: res://.godot/imported/Habitat_Scorchic_Sun_Sensor.png-ae9be99567cd169c3d476d1bc73a0aef.ctex
Completed load for: 'res://assets/overworld/Habitat_Scorchic_Sun_Sensor.png' remapped 'res://assets/overworld/Habitat_Scorchic_Sun_Sensor.png' at thread -1
Loading resource: res://assets/overworld/aloe_large.png remapped: res://assets/overworld/aloe_large.png
Loading resource: res://.godot/imported/aloe_large.png-10154240912b3e75caffd45d97372f82.ctex remapped: res://.godot/imported/aloe_large.png-10154240912b3e75caffd45d97372f82.ctex
Completed load for: 'res://assets/overworld/aloe_large.png' remapped 'res://assets/overworld/aloe_large.png' at thread -1
Loading resource: res://assets/overworld/aloe_small.png remapped: res://assets/overworld/aloe_small.png
Loading resource: res://.godot/imported/aloe_small.png-9910713cd4368c290a16dc8e2214e3f0.ctex remapped: res://.godot/imported/aloe_small.png-9910713cd4368c290a16dc8e2214e3f0.ctex
Completed load for: 'res://assets/overworld/aloe_small.png' remapped 'res://assets/overworld/aloe_small.png' at thread -1
Loading resource: res://assets/overworld/desert_rose.png remapped: res://assets/overworld/desert_rose.png
Loading resource: res://.godot/imported/desert_rose.png-be71d0b73dc0f5912c6b7f6eff9830a6.ctex remapped: res://.godot/imported/desert_rose.png-be71d0b73dc0f5912c6b7f6eff9830a6.ctex
Completed load for: 'res://assets/overworld/desert_rose.png' remapped 'res://assets/overworld/desert_rose.png' at thread -1
Loading resource: res://assets/overworld/habitat_keklid_overlook.png remapped: res://assets/overworld/habitat_keklid_overlook.png
Loading resource: res://.godot/imported/habitat_keklid_overlook.png-3421fb94ebab54507b612e129bb1c11d.ctex remapped: res://.godot/imported/habitat_keklid_overlook.png-3421fb94ebab54507b612e129bb1c11d.ctex
Completed load for: 'res://assets/overworld/habitat_keklid_overlook.png' remapped 'res://assets/overworld/habitat_keklid_overlook.png' at thread -1
Loading resource: res://assets/overworld/overlay_roots_00.png remapped: res://assets/overworld/overlay_roots_00.png
Loading resource: res://.godot/imported/overlay_roots_00.png-4e905d1f632a5c15774d8e9de73491be.ctex remapped: res://.godot/imported/overlay_roots_00.png-4e905d1f632a5c15774d8e9de73491be.ctex
Completed load for: 'res://assets/overworld/overlay_roots_00.png' remapped 'res://assets/overworld/overlay_roots_00.png' at thread -1
Loading resource: res://assets/overworld/overlay_roots_03.png remapped: res://assets/overworld/overlay_roots_03.png
Loading resource: res://.godot/imported/overlay_roots_03.png-4ad53f141761ae0e3333964ff7ba9314.ctex remapped: res://.godot/imported/overlay_roots_03.png-4ad53f141761ae0e3333964ff7ba9314.ctex
Completed load for: 'res://assets/overworld/overlay_roots_03.png' remapped 'res://assets/overworld/overlay_roots_03.png' at thread -1
Loading resource: res://assets/overworld/overlay_roots_01.png remapped: res://assets/overworld/overlay_roots_01.png
Loading resource: res://.godot/imported/overlay_roots_01.png-ea01957e7ae1245ad971289dd05d8c9c.ctex remapped: res://.godot/imported/overlay_roots_01.png-ea01957e7ae1245ad971289dd05d8c9c.ctex
Completed load for: 'res://assets/overworld/overlay_roots_01.png' remapped 'res://assets/overworld/overlay_roots_01.png' at thread -1
Loading resource: res://assets/overworld/overlay_bromeliad.png remapped: res://assets/overworld/overlay_bromeliad.png
Loading resource: res://.godot/imported/overlay_bromeliad.png-9f386b7065a94503b5bbdbb0b4aa6aaa.ctex remapped: res://.godot/imported/overlay_bromeliad.png-9f386b7065a94503b5bbdbb0b4aa6aaa.ctex
Completed load for: 'res://assets/overworld/overlay_bromeliad.png' remapped 'res://assets/overworld/overlay_bromeliad.png' at thread -1
Loading resource: res://assets/overworld/overlay_vine_passionflower_trailing_00.png remapped: res://assets/overworld/overlay_vine_passionflower_trailing_00.png
Loading resource: res://.godot/imported/overlay_vine_passionflower_trailing_00.png-35264ad8b377c7c6ffa45847fcf3aa29.ctex remapped: res://.godot/imported/overlay_vine_passionflower_trailing_00.png-35264ad8b377c7c6ffa45847fcf3aa29.ctex
Completed load for: 'res://assets/overworld/overlay_vine_passionflower_trailing_00.png' remapped 'res://assets/overworld/overlay_vine_passionflower_trailing_00.png' at thread -1
Loading resource: res://assets/overworld/overlay_vine_leafy_trailing_00.png remapped: res://assets/overworld/overlay_vine_leafy_trailing_00.png
Loading resource: res://.godot/imported/overlay_vine_leafy_trailing_00.png-db18afea5886bb121febc0ebcbb5b5f7.ctex remapped: res://.godot/imported/overlay_vine_leafy_trailing_00.png-db18afea5886bb121febc0ebcbb5b5f7.ctex
Completed load for: 'res://assets/overworld/overlay_vine_leafy_trailing_00.png' remapped 'res://assets/overworld/overlay_vine_leafy_trailing_00.png' at thread -1
Loading resource: res://assets/overworld/overlay_terrain_stream_opening.png remapped: res://assets/overworld/overlay_terrain_stream_opening.png
Loading resource: res://.godot/imported/overlay_terrain_stream_opening.png-1f53622e5f73169cb5f80d8e227ead8a.ctex remapped: res://.godot/imported/overlay_terrain_stream_opening.png-1f53622e5f73169cb5f80d8e227ead8a.ctex
Completed load for: 'res://assets/overworld/overlay_terrain_stream_opening.png' remapped 'res://assets/overworld/overlay_terrain_stream_opening.png' at thread -1
Loading resource: res://assets/overworld/overlay_stream_north.png remapped: res://assets/overworld/overlay_stream_north.png
Loading resource: res://.godot/imported/overlay_stream_north.png-37db9edc6fb5f26a73c723ea95dd2acb.ctex remapped: res://.godot/imported/overlay_stream_north.png-37db9edc6fb5f26a73c723ea95dd2acb.ctex
Completed load for: 'res://assets/overworld/overlay_stream_north.png' remapped 'res://assets/overworld/overlay_stream_north.png' at thread -1
Loading resource: res://assets/overworld/overlay_orchid_swan.png remapped: res://assets/overworld/overlay_orchid_swan.png
Loading resource: res://.godot/imported/overlay_orchid_swan.png-e23d070d56db2a766a04398fc4b4c334.ctex remapped: res://.godot/imported/overlay_orchid_swan.png-e23d070d56db2a766a04398fc4b4c334.ctex
Completed load for: 'res://assets/overworld/overlay_orchid_swan.png' remapped 'res://assets/overworld/overlay_orchid_swan.png' at thread -1
Loading resource: res://assets/overworld/vegitation_orchid_ground.png remapped: res://assets/overworld/vegitation_orchid_ground.png
Loading resource: res://.godot/imported/vegitation_orchid_ground.png-05722e4bd59db0d3cfbe482528fe1f94.ctex remapped: res://.godot/imported/vegitation_orchid_ground.png-05722e4bd59db0d3cfbe482528fe1f94.ctex
Completed load for: 'res://assets/overworld/vegitation_orchid_ground.png' remapped 'res://assets/overworld/vegitation_orchid_ground.png' at thread -1
Loading resource: res://assets/overworld/vegitation_holy_ghost_orchid.png remapped: res://assets/overworld/vegitation_holy_ghost_orchid.png
Loading resource: res://.godot/imported/vegitation_holy_ghost_orchid.png-6e1a0935eb2875d0bfab21822fe9e669.ctex remapped: res://.godot/imported/vegitation_holy_ghost_orchid.png-6e1a0935eb2875d0bfab21822fe9e669.ctex
Completed load for: 'res://assets/overworld/vegitation_holy_ghost_orchid.png' remapped 'res://assets/overworld/vegitation_holy_ghost_orchid.png' at thread -1
Loading resource: res://assets/overworld/overlay_orchid_tree_yellow.png remapped: res://assets/overworld/overlay_orchid_tree_yellow.png
Loading resource: res://.godot/imported/overlay_orchid_tree_yellow.png-bfae824a058bd360089b994376b02473.ctex remapped: res://.godot/imported/overlay_orchid_tree_yellow.png-bfae824a058bd360089b994376b02473.ctex
Completed load for: 'res://assets/overworld/overlay_orchid_tree_yellow.png' remapped 'res://assets/overworld/overlay_orchid_tree_yellow.png' at thread -1
Loading resource: res://assets/overworld/overlay_terrain_stream_y.png remapped: res://assets/overworld/overlay_terrain_stream_y.png
Loading resource: res://.godot/imported/overlay_terrain_stream_y.png-bc75e5bd8466ffa847cb7465ba4c50fa.ctex remapped: res://.godot/imported/overlay_terrain_stream_y.png-bc75e5bd8466ffa847cb7465ba4c50fa.ctex
Completed load for: 'res://assets/overworld/overlay_terrain_stream_y.png' remapped 'res://assets/overworld/overlay_terrain_stream_y.png' at thread -1
Loading resource: res://assets/overworld/overlay_terrain_stream_opening_rocky.png remapped: res://assets/overworld/overlay_terrain_stream_opening_rocky.png
Loading resource: res://.godot/imported/overlay_terrain_stream_opening_rocky.png-52ac3708f3296fcc561b774f7439ebcc.ctex remapped: res://.godot/imported/overlay_terrain_stream_opening_rocky.png-52ac3708f3296fcc561b774f7439ebcc.ctex
Completed load for: 'res://assets/overworld/overlay_terrain_stream_opening_rocky.png' remapped 'res://assets/overworld/overlay_terrain_stream_opening_rocky.png' at thread -1
Loading resource: res://assets/overworld/vegitation_fern_large_00.png remapped: res://assets/overworld/vegitation_fern_large_00.png
Loading resource: res://.godot/imported/vegitation_fern_large_00.png-0e3c7fdd8036dce71354124ea58cd645.ctex remapped: res://.godot/imported/vegitation_fern_large_00.png-0e3c7fdd8036dce71354124ea58cd645.ctex
Completed load for: 'res://assets/overworld/vegitation_fern_large_00.png' remapped 'res://assets/overworld/vegitation_fern_large_00.png' at thread -1
Loading resource: res://assets/overworld/vegitation_fern_small_00.png remapped: res://assets/overworld/vegitation_fern_small_00.png
Loading resource: res://.godot/imported/vegitation_fern_small_00.png-c229b55788f32d35eb862d2c0fde5a69.ctex remapped: res://.godot/imported/vegitation_fern_small_00.png-c229b55788f32d35eb862d2c0fde5a69.ctex
Completed load for: 'res://assets/overworld/vegitation_fern_small_00.png' remapped 'res://assets/overworld/vegitation_fern_small_00.png' at thread -1
Loading resource: res://assets/overworld/vegitation_fern_small_01.png remapped: res://assets/overworld/vegitation_fern_small_01.png
Loading resource: res://.godot/imported/vegitation_fern_small_01.png-67f55f68f2ce74af6091ad5947c69612.ctex remapped: res://.godot/imported/vegitation_fern_small_01.png-67f55f68f2ce74af6091ad5947c69612.ctex
Completed load for: 'res://assets/overworld/vegitation_fern_small_01.png' remapped 'res://assets/overworld/vegitation_fern_small_01.png' at thread -1
Loading resource: res://assets/overworld/terrain_masks/mask_corner_a_dominant_03.png remapped: res://assets/overworld/terrain_masks/mask_corner_a_dominant_03.png
Loading resource: res://.godot/imported/mask_corner_a_dominant_03.png-c913f9e2fd4863fc5fbbfdae23700e86.ctex remapped: res://.godot/imported/mask_corner_a_dominant_03.png-c913f9e2fd4863fc5fbbfdae23700e86.ctex
Completed load for: 'res://assets/overworld/terrain_masks/mask_corner_a_dominant_03.png' remapped 'res://assets/overworld/terrain_masks/mask_corner_a_dominant_03.png' at thread -1
Loading resource: res://assets/overworld/terrain_masks/mask_corner_a_dominant_03.png remapped: res://assets/overworld/terrain_masks/mask_corner_a_dominant_03.png
Loading resource: res://.godot/imported/mask_corner_a_dominant_03.png-c913f9e2fd4863fc5fbbfdae23700e86.ctex remapped: res://.godot/imported/mask_corner_a_dominant_03.png-c913f9e2fd4863fc5fbbfdae23700e86.ctex
Completed load for: 'res://assets/overworld/terrain_masks/mask_corner_a_dominant_03.png' remapped 'res://assets/overworld/terrain_masks/mask_corner_a_dominant_03.png' at thread -1
Loading resource: res://assets/overworld/terrain_masks/mask_corner_a_dominant_00.png remapped: res://assets/overworld/terrain_masks/mask_corner_a_dominant_00.png
Loading resource: res://.godot/imported/mask_corner_a_dominant_00.png-426a5c6fbd50f9b4141f6e1c0de6309a.ctex remapped: res://.godot/imported/mask_corner_a_dominant_00.png-426a5c6fbd50f9b4141f6e1c0de6309a.ctex
Completed load for: 'res://assets/overworld/terrain_masks/mask_corner_a_dominant_00.png' remapped 'res://assets/overworld/terrain_masks/mask_corner_a_dominant_00.png' at thread -1
Loading resource: res://assets/overworld/terrain_masks/mask_corner_a_dominant_00.png remapped: res://assets/overworld/terrain_masks/mask_corner_a_dominant_00.png
Loading resource: res://.godot/imported/mask_corner_a_dominant_00.png-426a5c6fbd50f9b4141f6e1c0de6309a.ctex remapped: res://.godot/imported/mask_corner_a_dominant_00.png-426a5c6fbd50f9b4141f6e1c0de6309a.ctex
Completed load for: 'res://assets/overworld/terrain_masks/mask_corner_a_dominant_00.png' remapped 'res://assets/overworld/terrain_masks/mask_corner_a_dominant_00.png' at thread -1
Loading resource: res://assets/overworld/terrain_masks/mask_corner_a_dominant_00.png remapped: res://assets/overworld/terrain_masks/mask_corner_a_dominant_00.png
Loading resource: res://.godot/imported/mask_corner_a_dominant_00.png-426a5c6fbd50f9b4141f6e1c0de6309a.ctex remapped: res://.godot/imported/mask_corner_a_dominant_00.png-426a5c6fbd50f9b4141f6e1c0de6309a.ctex
Completed load for: 'res://assets/overworld/terrain_masks/mask_corner_a_dominant_00.png' remapped 'res://assets/overworld/terrain_masks/mask_corner_a_dominant_00.png' at thread -1
Loading resource: res://assets/overworld/terrain_masks/mask_corner_a_dominant_00.png remapped: res://assets/overworld/terrain_masks/mask_corner_a_dominant_00.png
Loading resource: res://.godot/imported/mask_corner_a_dominant_00.png-426a5c6fbd50f9b4141f6e1c0de6309a.ctex remapped: res://.godot/imported/mask_corner_a_dominant_00.png-426a5c6fbd50f9b4141f6e1c0de6309a.ctex
Completed load for: 'res://assets/overworld/terrain_masks/mask_corner_a_dominant_00.png' remapped 'res://assets/overworld/terrain_masks/mask_corner_a_dominant_00.png' at thread -1
Loading resource: res://assets/overworld/terrain_masks/mask_corner_a_dominant_00.png remapped: res://assets/overworld/terrain_masks/mask_corner_a_dominant_00.png
Loading resource: res://.godot/imported/mask_corner_a_dominant_00.png-426a5c6fbd50f9b4141f6e1c0de6309a.ctex remapped: res://.godot/imported/mask_corner_a_dominant_00.png-426a5c6fbd50f9b4141f6e1c0de6309a.ctex
Completed load for: 'res://assets/overworld/terrain_masks/mask_corner_a_dominant_00.png' remapped 'res://assets/overworld/terrain_masks/mask_corner_a_dominant_00.png' at thread -1
Loading resource: res://assets/overworld/terrain_masks/mask_corner_a_dominant_00.png remapped: res://assets/overworld/terrain_masks/mask_corner_a_dominant_00.png
Loading resource: res://.godot/imported/mask_corner_a_dominant_00.png-426a5c6fbd50f9b4141f6e1c0de6309a.ctex remapped: res://.godot/imported/mask_corner_a_dominant_00.png-426a5c6fbd50f9b4141f6e1c0de6309a.ctex
Completed load for: 'res://assets/overworld/terrain_masks/mask_corner_a_dominant_00.png' remapped 'res://assets/overworld/terrain_masks/mask_corner_a_dominant_00.png' at thread -1
Loading resource: res://assets/overworld/terrain_masks/mask_corner_a_dominant_00.png remapped: res://assets/overworld/terrain_masks/mask_corner_a_dominant_00.png
Loading resource: res://.godot/imported/mask_corner_a_dominant_00.png-426a5c6fbd50f9b4141f6e1c0de6309a.ctex remapped: res://.godot/imported/mask_corner_a_dominant_00.png-426a5c6fbd50f9b4141f6e1c0de6309a.ctex
Completed load for: 'res://assets/overworld/terrain_masks/mask_corner_a_dominant_00.png' remapped 'res://assets/overworld/terrain_masks/mask_corner_a_dominant_00.png' at thread -1
Loading resource: res://assets/overworld/terrain_masks/mask_corner_a_dominant_00.png remapped: res://assets/overworld/terrain_masks/mask_corner_a_dominant_00.png
Loading resource: res://.godot/imported/mask_corner_a_dominant_00.png-426a5c6fbd50f9b4141f6e1c0de6309a.ctex remapped: res://.godot/imported/mask_corner_a_dominant_00.png-426a5c6fbd50f9b4141f6e1c0de6309a.ctex
Completed load for: 'res://assets/overworld/terrain_masks/mask_corner_a_dominant_00.png' remapped 'res://assets/overworld/terrain_masks/mask_corner_a_dominant_00.png' at thread -1
Loading resource: res://assets/overworld/terrain_masks/mask_corner_a_dominant_03.png remapped: res://assets/overworld/terrain_masks/mask_corner_a_dominant_03.png
Loading resource: res://.godot/imported/mask_corner_a_dominant_03.png-c913f9e2fd4863fc5fbbfdae23700e86.ctex remapped: res://.godot/imported/mask_corner_a_dominant_03.png-c913f9e2fd4863fc5fbbfdae23700e86.ctex
Completed load for: 'res://assets/overworld/terrain_masks/mask_corner_a_dominant_03.png' remapped 'res://assets/overworld/terrain_masks/mask_corner_a_dominant_03.png' at thread -1
Loading resource: res://assets/overworld/terrain_masks/mask_corner_a_dominant_03.png remapped: res://assets/overworld/terrain_masks/mask_corner_a_dominant_03.png
Loading resource: res://.godot/imported/mask_corner_a_dominant_03.png-c913f9e2fd4863fc5fbbfdae23700e86.ctex remapped: res://.godot/imported/mask_corner_a_dominant_03.png-c913f9e2fd4863fc5fbbfdae23700e86.ctex
Completed load for: 'res://assets/overworld/terrain_masks/mask_corner_a_dominant_03.png' remapped 'res://assets/overworld/terrain_masks/mask_corner_a_dominant_03.png' at thread -1
Loading resource: res://assets/overworld/terrain_masks/mask_corner_a_dominant_03.png remapped: res://assets/overworld/terrain_masks/mask_corner_a_dominant_03.png
Loading resource: res://.godot/imported/mask_corner_a_dominant_03.png-c913f9e2fd4863fc5fbbfdae23700e86.ctex remapped: res://.godot/imported/mask_corner_a_dominant_03.png-c913f9e2fd4863fc5fbbfdae23700e86.ctex
Completed load for: 'res://assets/overworld/terrain_masks/mask_corner_a_dominant_03.png' remapped 'res://assets/overworld/terrain_masks/mask_corner_a_dominant_03.png' at thread -1
Loading resource: res://assets/overworld/terrain_masks/mask_corner_a_dominant_03.png remapped: res://assets/overworld/terrain_masks/mask_corner_a_dominant_03.png
Loading resource: res://.godot/imported/mask_corner_a_dominant_03.png-c913f9e2fd4863fc5fbbfdae23700e86.ctex remapped: res://.godot/imported/mask_corner_a_dominant_03.png-c913f9e2fd4863fc5fbbfdae23700e86.ctex
Completed load for: 'res://assets/overworld/terrain_masks/mask_corner_a_dominant_03.png' remapped 'res://assets/overworld/terrain_masks/mask_corner_a_dominant_03.png' at thread -1
Loading resource: res://assets/overworld/terrain_masks/mask_corner_a_dominant_03.png remapped: res://assets/overworld/terrain_masks/mask_corner_a_dominant_03.png
Loading resource: res://.godot/imported/mask_corner_a_dominant_03.png-c913f9e2fd4863fc5fbbfdae23700e86.ctex remapped: res://.godot/imported/mask_corner_a_dominant_03.png-c913f9e2fd4863fc5fbbfdae23700e86.ctex
Completed load for: 'res://assets/overworld/terrain_masks/mask_corner_a_dominant_03.png' remapped 'res://assets/overworld/terrain_masks/mask_corner_a_dominant_03.png' at thread -1
Loading resource: res://assets/overworld/terrain_masks/mask_corner_a_dominant_03.png remapped: res://assets/overworld/terrain_masks/mask_corner_a_dominant_03.png
Loading resource: res://.godot/imported/mask_corner_a_dominant_03.png-c913f9e2fd4863fc5fbbfdae23700e86.ctex remapped: res://.godot/imported/mask_corner_a_dominant_03.png-c913f9e2fd4863fc5fbbfdae23700e86.ctex
Completed load for: 'res://assets/overworld/terrain_masks/mask_corner_a_dominant_03.png' remapped 'res://assets/overworld/terrain_masks/mask_corner_a_dominant_03.png' at thread -1
Loading resource: res://assets/overworld/terrain_masks/mask_corner_a_dominant_03.png remapped: res://assets/overworld/terrain_masks/mask_corner_a_dominant_03.png
Loading resource: res://.godot/imported/mask_corner_a_dominant_03.png-c913f9e2fd4863fc5fbbfdae23700e86.ctex remapped: res://.godot/imported/mask_corner_a_dominant_03.png-c913f9e2fd4863fc5fbbfdae23700e86.ctex
Completed load for: 'res://assets/overworld/terrain_masks/mask_corner_a_dominant_03.png' remapped 'res://assets/overworld/terrain_masks/mask_corner_a_dominant_03.png' at thread -1
Loading resource: res://assets/overworld/terrain_masks/mask_corner_a_dominant_03.png remapped: res://assets/overworld/terrain_masks/mask_corner_a_dominant_03.png
Loading resource: res://.godot/imported/mask_corner_a_dominant_03.png-c913f9e2fd4863fc5fbbfdae23700e86.ctex remapped: res://.godot/imported/mask_corner_a_dominant_03.png-c913f9e2fd4863fc5fbbfdae23700e86.ctex
Completed load for: 'res://assets/overworld/terrain_masks/mask_corner_a_dominant_03.png' remapped 'res://assets/overworld/terrain_masks/mask_corner_a_dominant_03.png' at thread -1
SCRIPT ERROR: Assertion failed: Water encounters must use a 5% Moach-only table.
   at: _initialize (res://tests/world_smoke_test.gd:21)
   GDScript backtrace (most recent call first):
       [0] _initialize (res://tests/world_smoke_test.gd:21)
