Godot Engine v4.7.1.stable.official.a13da4feb - https://godotengine.org
TextServer: Added interface "Dummy"
TextServer: Added interface "ICU / HarfBuzz / Graphite (Built-in)"
Using "default" pen tablet driver...

TextServer: Primary interface set to: "ICU / HarfBuzz / Graphite (Built-in)".
CORE API HASH: 3769296884
EDITOR API HASH: 3146738256
Loading resource: res://tests/overworld_texture_animation_test.gd remapped: res://tests/overworld_texture_animation_test.gd
Completed load for: 'res://tests/overworld_texture_animation_test.gd' remapped 'res://tests/overworld_texture_animation_test.gd' at thread -1
SceneTreeFTI: traversal method DEFAULT
Loading resource: res://world/world_clock.gd remapped: res://world/world_clock.gd
Completed load for: 'res://world/world_clock.gd' remapped 'res://world/world_clock.gd' at thread -1
ERROR: Failed to read the root certificate store.
   at: get_system_ca_certificates (platform/windows/os_windows.cpp:2582)
Loaded builtin CA certificates
Loading resource: res://assets/overworld/anim/water_generic_glisten_00.png remapped: res://assets/overworld/anim/water_generic_glisten_00.png
Loading resource: res://.godot/imported/water_generic_glisten_00.png-359629bccadda70c6ae5a5e5d08201d3.ctex remapped: res://.godot/imported/water_generic_glisten_00.png-359629bccadda70c6ae5a5e5d08201d3.ctex
Completed load for: 'res://assets/overworld/anim/water_generic_glisten_00.png' remapped 'res://assets/overworld/anim/water_generic_glisten_00.png' at thread -1
Loading resource: res://assets/overworld/anim/water_generic_glisten_01.png remapped: res://assets/overworld/anim/water_generic_glisten_01.png
Loading resource: res://.godot/imported/water_generic_glisten_01.png-bb9e0b7d1636bb3b98fa4a19ce868013.ctex remapped: res://.godot/imported/water_generic_glisten_01.png-bb9e0b7d1636bb3b98fa4a19ce868013.ctex
Completed load for: 'res://assets/overworld/anim/water_generic_glisten_01.png' remapped 'res://assets/overworld/anim/water_generic_glisten_01.png' at thread -1
Loading resource: res://assets/overworld/anim/water_generic_glisten_02.png remapped: res://assets/overworld/anim/water_generic_glisten_02.png
Loading resource: res://.godot/imported/water_generic_glisten_02.png-0ee8bd001fe9d01518aa45ea1cc077cf.ctex remapped: res://.godot/imported/water_generic_glisten_02.png-0ee8bd001fe9d01518aa45ea1cc077cf.ctex
Completed load for: 'res://assets/overworld/anim/water_generic_glisten_02.png' remapped 'res://assets/overworld/anim/water_generic_glisten_02.png' at thread -1
Loading resource: res://assets/overworld/anim/water_generic_glisten_03.png remapped: res://assets/overworld/anim/water_generic_glisten_03.png
Loading resource: res://.godot/imported/water_generic_glisten_03.png-ed841ee567f7c8000ac1c0e33c67f205.ctex remapped: res://.godot/imported/water_generic_glisten_03.png-ed841ee567f7c8000ac1c0e33c67f205.ctex
Completed load for: 'res://assets/overworld/anim/water_generic_glisten_03.png' remapped 'res://assets/overworld/anim/water_generic_glisten_03.png' at thread -1
Loading resource: res://assets/overworld/tile_sand_generic.png remapped: res://assets/overworld/tile_sand_generic.png
Loading resource: res://.godot/imported/tile_sand_generic.png-60c3c38f8443909ef7829dddf4a7b4ec.ctex remapped: res://.godot/imported/tile_sand_generic.png-60c3c38f8443909ef7829dddf4a7b4ec.ctex
Completed load for: 'res://assets/overworld/tile_sand_generic.png' remapped 'res://assets/overworld/tile_sand_generic.png' at thread -1
Loading resource: res://assets/overworld/tile_sand_generic.png remapped: res://assets/overworld/tile_sand_generic.png
Loading resource: res://.godot/imported/tile_sand_generic.png-60c3c38f8443909ef7829dddf4a7b4ec.ctex remapped: res://.godot/imported/tile_sand_generic.png-60c3c38f8443909ef7829dddf4a7b4ec.ctex
Completed load for: 'res://assets/overworld/tile_sand_generic.png' remapped 'res://assets/overworld/tile_sand_generic.png' at thread -1
Loading resource: res://assets/overworld/terrain_masks/mask_vertical_edge_small_00.png remapped: res://assets/overworld/terrain_masks/mask_vertical_edge_small_00.png
Loading resource: res://.godot/imported/mask_vertical_edge_small_00.png-0b73df9dc81033f0c6967b585d968555.ctex remapped: res://.godot/imported/mask_vertical_edge_small_00.png-0b73df9dc81033f0c6967b585d968555.ctex
Completed load for: 'res://assets/overworld/terrain_masks/mask_vertical_edge_small_00.png' remapped 'res://assets/overworld/terrain_masks/mask_vertical_edge_small_00.png' at thread -1
Loading resource: res://assets/overworld/terrain_masks/mask_vertical_edge_small_00.png remapped: res://assets/overworld/terrain_masks/mask_vertical_edge_small_00.png
Loading resource: res://.godot/imported/mask_vertical_edge_small_00.png-0b73df9dc81033f0c6967b585d968555.ctex remapped: res://.godot/imported/mask_vertical_edge_small_00.png-0b73df9dc81033f0c6967b585d968555.ctex
Completed load for: 'res://assets/overworld/terrain_masks/mask_vertical_edge_small_00.png' remapped 'res://assets/overworld/terrain_masks/mask_vertical_edge_small_00.png' at thread -1
Loading resource: res://assets/overworld/tile_sand_generic.png remapped: res://assets/overworld/tile_sand_generic.png
Loading resource: res://.godot/imported/tile_sand_generic.png-60c3c38f8443909ef7829dddf4a7b4ec.ctex remapped: res://.godot/imported/tile_sand_generic.png-60c3c38f8443909ef7829dddf4a7b4ec.ctex
Completed load for: 'res://assets/overworld/tile_sand_generic.png' remapped 'res://assets/overworld/tile_sand_generic.png' at thread -1
Loading resource: res://assets/overworld/terrain_masks/mask_vertical_edge_small_00.png remapped: res://assets/overworld/terrain_masks/mask_vertical_edge_small_00.png
Loading resource: res://.godot/imported/mask_vertical_edge_small_00.png-0b73df9dc81033f0c6967b585d968555.ctex remapped: res://.godot/imported/mask_vertical_edge_small_00.png-0b73df9dc81033f0c6967b585d968555.ctex
Completed load for: 'res://assets/overworld/terrain_masks/mask_vertical_edge_small_00.png' remapped 'res://assets/overworld/terrain_masks/mask_vertical_edge_small_00.png' at thread -1
Loading resource: res://assets/overworld/terrain_masks/mask_vertical_edge_small_00.png remapped: res://assets/overworld/terrain_masks/mask_vertical_edge_small_00.png
Loading resource: res://.godot/imported/mask_vertical_edge_small_00.png-0b73df9dc81033f0c6967b585d968555.ctex remapped: res://.godot/imported/mask_vertical_edge_small_00.png-0b73df9dc81033f0c6967b585d968555.ctex
Completed load for: 'res://assets/overworld/terrain_masks/mask_vertical_edge_small_00.png' remapped 'res://assets/overworld/terrain_masks/mask_vertical_edge_small_00.png' at thread -1
Loading resource: res://assets/overworld/tile_sand_generic.png remapped: res://assets/overworld/tile_sand_generic.png
Loading resource: res://.godot/imported/tile_sand_generic.png-60c3c38f8443909ef7829dddf4a7b4ec.ctex remapped: res://.godot/imported/tile_sand_generic.png-60c3c38f8443909ef7829dddf4a7b4ec.ctex
Completed load for: 'res://assets/overworld/tile_sand_generic.png' remapped 'res://assets/overworld/tile_sand_generic.png' at thread -1
Loading resource: res://assets/overworld/terrain_masks/mask_vertical_edge_small_00.png remapped: res://assets/overworld/terrain_masks/mask_vertical_edge_small_00.png
Loading resource: res://.godot/imported/mask_vertical_edge_small_00.png-0b73df9dc81033f0c6967b585d968555.ctex remapped: res://.godot/imported/mask_vertical_edge_small_00.png-0b73df9dc81033f0c6967b585d968555.ctex
Completed load for: 'res://assets/overworld/terrain_masks/mask_vertical_edge_small_00.png' remapped 'res://assets/overworld/terrain_masks/mask_vertical_edge_small_00.png' at thread -1
Loading resource: res://assets/overworld/terrain_masks/mask_vertical_edge_small_00.png remapped: res://assets/overworld/terrain_masks/mask_vertical_edge_small_00.png
Loading resource: res://.godot/imported/mask_vertical_edge_small_00.png-0b73df9dc81033f0c6967b585d968555.ctex remapped: res://.godot/imported/mask_vertical_edge_small_00.png-0b73df9dc81033f0c6967b585d968555.ctex
Completed load for: 'res://assets/overworld/terrain_masks/mask_vertical_edge_small_00.png' remapped 'res://assets/overworld/terrain_masks/mask_vertical_edge_small_00.png' at thread -1
Loading resource: res://assets/overworld/tile_sand_generic.png remapped: res://assets/overworld/tile_sand_generic.png
Loading resource: res://.godot/imported/tile_sand_generic.png-60c3c38f8443909ef7829dddf4a7b4ec.ctex remapped: res://.godot/imported/tile_sand_generic.png-60c3c38f8443909ef7829dddf4a7b4ec.ctex
Completed load for: 'res://assets/overworld/tile_sand_generic.png' remapped 'res://assets/overworld/tile_sand_generic.png' at thread -1
Loading resource: res://assets/overworld/terrain_masks/mask_vertical_edge_small_00.png remapped: res://assets/overworld/terrain_masks/mask_vertical_edge_small_00.png
Loading resource: res://.godot/imported/mask_vertical_edge_small_00.png-0b73df9dc81033f0c6967b585d968555.ctex remapped: res://.godot/imported/mask_vertical_edge_small_00.png-0b73df9dc81033f0c6967b585d968555.ctex
Completed load for: 'res://assets/overworld/terrain_masks/mask_vertical_edge_small_00.png' remapped 'res://assets/overworld/terrain_masks/mask_vertical_edge_small_00.png' at thread -1
Loading resource: res://assets/overworld/terrain_masks/mask_vertical_edge_small_00.png remapped: res://assets/overworld/terrain_masks/mask_vertical_edge_small_00.png
Loading resource: res://.godot/imported/mask_vertical_edge_small_00.png-0b73df9dc81033f0c6967b585d968555.ctex remapped: res://.godot/imported/mask_vertical_edge_small_00.png-0b73df9dc81033f0c6967b585d968555.ctex
Completed load for: 'res://assets/overworld/terrain_masks/mask_vertical_edge_small_00.png' remapped 'res://assets/overworld/terrain_masks/mask_vertical_edge_small_00.png' at thread -1
Loading resource: res://assets/overworld/tile_sand_generic.png remapped: res://assets/overworld/tile_sand_generic.png
Loading resource: res://.godot/imported/tile_sand_generic.png-60c3c38f8443909ef7829dddf4a7b4ec.ctex remapped: res://.godot/imported/tile_sand_generic.png-60c3c38f8443909ef7829dddf4a7b4ec.ctex
Completed load for: 'res://assets/overworld/tile_sand_generic.png' remapped 'res://assets/overworld/tile_sand_generic.png' at thread -1
Loading resource: res://assets/overworld/terrain_masks/mask_vertical_edge_small_00.png remapped: res://assets/overworld/terrain_masks/mask_vertical_edge_small_00.png
Loading resource: res://.godot/imported/mask_vertical_edge_small_00.png-0b73df9dc81033f0c6967b585d968555.ctex remapped: res://.godot/imported/mask_vertical_edge_small_00.png-0b73df9dc81033f0c6967b585d968555.ctex
Completed load for: 'res://assets/overworld/terrain_masks/mask_vertical_edge_small_00.png' remapped 'res://assets/overworld/terrain_masks/mask_vertical_edge_small_00.png' at thread -1
Loading resource: res://assets/overworld/tile_sand_generic.png remapped: res://assets/overworld/tile_sand_generic.png
Loading resource: res://.godot/imported/tile_sand_generic.png-60c3c38f8443909ef7829dddf4a7b4ec.ctex remapped: res://.godot/imported/tile_sand_generic.png-60c3c38f8443909ef7829dddf4a7b4ec.ctex
Completed load for: 'res://assets/overworld/tile_sand_generic.png' remapped 'res://assets/overworld/tile_sand_generic.png' at thread -1
Loading resource: res://assets/overworld/terrain_masks/mask_vertical_edge_small_00.png remapped: res://assets/overworld/terrain_masks/mask_vertical_edge_small_00.png
Loading resource: res://.godot/imported/mask_vertical_edge_small_00.png-0b73df9dc81033f0c6967b585d968555.ctex remapped: res://.godot/imported/mask_vertical_edge_small_00.png-0b73df9dc81033f0c6967b585d968555.ctex
Completed load for: 'res://assets/overworld/terrain_masks/mask_vertical_edge_small_00.png' remapped 'res://assets/overworld/terrain_masks/mask_vertical_edge_small_00.png' at thread -1
Loading resource: res://assets/overworld/tile_sand_generic.png remapped: res://assets/overworld/tile_sand_generic.png
Loading resource: res://.godot/imported/tile_sand_generic.png-60c3c38f8443909ef7829dddf4a7b4ec.ctex remapped: res://.godot/imported/tile_sand_generic.png-60c3c38f8443909ef7829dddf4a7b4ec.ctex
Completed load for: 'res://assets/overworld/tile_sand_generic.png' remapped 'res://assets/overworld/tile_sand_generic.png' at thread -1
Loading resource: res://assets/overworld/terrain_masks/mask_vertical_edge_small_00.png remapped: res://assets/overworld/terrain_masks/mask_vertical_edge_small_00.png
Loading resource: res://.godot/imported/mask_vertical_edge_small_00.png-0b73df9dc81033f0c6967b585d968555.ctex remapped: res://.godot/imported/mask_vertical_edge_small_00.png-0b73df9dc81033f0c6967b585d968555.ctex
Completed load for: 'res://assets/overworld/terrain_masks/mask_vertical_edge_small_00.png' remapped 'res://assets/overworld/terrain_masks/mask_vertical_edge_small_00.png' at thread -1
Loading resource: res://assets/overworld/tile_sand_generic.png remapped: res://assets/overworld/tile_sand_generic.png
Loading resource: res://.godot/imported/tile_sand_generic.png-60c3c38f8443909ef7829dddf4a7b4ec.ctex remapped: res://.godot/imported/tile_sand_generic.png-60c3c38f8443909ef7829dddf4a7b4ec.ctex
Completed load for: 'res://assets/overworld/tile_sand_generic.png' remapped 'res://assets/overworld/tile_sand_generic.png' at thread -1
Loading resource: res://assets/overworld/terrain_masks/mask_vertical_edge_small_00.png remapped: res://assets/overworld/terrain_masks/mask_vertical_edge_small_00.png
Loading resource: res://.godot/imported/mask_vertical_edge_small_00.png-0b73df9dc81033f0c6967b585d968555.ctex remapped: res://.godot/imported/mask_vertical_edge_small_00.png-0b73df9dc81033f0c6967b585d968555.ctex
Completed load for: 'res://assets/overworld/terrain_masks/mask_vertical_edge_small_00.png' remapped 'res://assets/overworld/terrain_masks/mask_vertical_edge_small_00.png' at thread -1
Loading resource: res://assets/overworld/tile_sand_generic.png remapped: res://assets/overworld/tile_sand_generic.png
Loading resource: res://.godot/imported/tile_sand_generic.png-60c3c38f8443909ef7829dddf4a7b4ec.ctex remapped: res://.godot/imported/tile_sand_generic.png-60c3c38f8443909ef7829dddf4a7b4ec.ctex
Completed load for: 'res://assets/overworld/tile_sand_generic.png' remapped 'res://assets/overworld/tile_sand_generic.png' at thread -1
Loading resource: res://assets/overworld/terrain_masks/mask_vertical_edge_small_01.png remapped: res://assets/overworld/terrain_masks/mask_vertical_edge_small_01.png
Loading resource: res://.godot/imported/mask_vertical_edge_small_01.png-ca781f158bc3ba2f46054307b17ca229.ctex remapped: res://.godot/imported/mask_vertical_edge_small_01.png-ca781f158bc3ba2f46054307b17ca229.ctex
Completed load for: 'res://assets/overworld/terrain_masks/mask_vertical_edge_small_01.png' remapped 'res://assets/overworld/terrain_masks/mask_vertical_edge_small_01.png' at thread -1
Loading resource: res://assets/overworld/terrain_masks/mask_vertical_edge_small_01.png remapped: res://assets/overworld/terrain_masks/mask_vertical_edge_small_01.png
Loading resource: res://.godot/imported/mask_vertical_edge_small_01.png-ca781f158bc3ba2f46054307b17ca229.ctex remapped: res://.godot/imported/mask_vertical_edge_small_01.png-ca781f158bc3ba2f46054307b17ca229.ctex
Completed load for: 'res://assets/overworld/terrain_masks/mask_vertical_edge_small_01.png' remapped 'res://assets/overworld/terrain_masks/mask_vertical_edge_small_01.png' at thread -1
Loading resource: res://assets/overworld/tile_sand_generic.png remapped: res://assets/overworld/tile_sand_generic.png
Loading resource: res://.godot/imported/tile_sand_generic.png-60c3c38f8443909ef7829dddf4a7b4ec.ctex remapped: res://.godot/imported/tile_sand_generic.png-60c3c38f8443909ef7829dddf4a7b4ec.ctex
Completed load for: 'res://assets/overworld/tile_sand_generic.png' remapped 'res://assets/overworld/tile_sand_generic.png' at thread -1
Loading resource: res://assets/overworld/terrain_masks/mask_vertical_edge_small_01.png remapped: res://assets/overworld/terrain_masks/mask_vertical_edge_small_01.png
Loading resource: res://.godot/imported/mask_vertical_edge_small_01.png-ca781f158bc3ba2f46054307b17ca229.ctex remapped: res://.godot/imported/mask_vertical_edge_small_01.png-ca781f158bc3ba2f46054307b17ca229.ctex
Completed load for: 'res://assets/overworld/terrain_masks/mask_vertical_edge_small_01.png' remapped 'res://assets/overworld/terrain_masks/mask_vertical_edge_small_01.png' at thread -1
Loading resource: res://assets/overworld/terrain_masks/mask_vertical_edge_small_01.png remapped: res://assets/overworld/terrain_masks/mask_vertical_edge_small_01.png
Loading resource: res://.godot/imported/mask_vertical_edge_small_01.png-ca781f158bc3ba2f46054307b17ca229.ctex remapped: res://.godot/imported/mask_vertical_edge_small_01.png-ca781f158bc3ba2f46054307b17ca229.ctex
Completed load for: 'res://assets/overworld/terrain_masks/mask_vertical_edge_small_01.png' remapped 'res://assets/overworld/terrain_masks/mask_vertical_edge_small_01.png' at thread -1
Loading resource: res://assets/overworld/tile_sand_generic.png remapped: res://assets/overworld/tile_sand_generic.png
Loading resource: res://.godot/imported/tile_sand_generic.png-60c3c38f8443909ef7829dddf4a7b4ec.ctex remapped: res://.godot/imported/tile_sand_generic.png-60c3c38f8443909ef7829dddf4a7b4ec.ctex
Completed load for: 'res://assets/overworld/tile_sand_generic.png' remapped 'res://assets/overworld/tile_sand_generic.png' at thread -1
Loading resource: res://assets/overworld/terrain_masks/mask_vertical_edge_small_01.png remapped: res://assets/overworld/terrain_masks/mask_vertical_edge_small_01.png
Loading resource: res://.godot/imported/mask_vertical_edge_small_01.png-ca781f158bc3ba2f46054307b17ca229.ctex remapped: res://.godot/imported/mask_vertical_edge_small_01.png-ca781f158bc3ba2f46054307b17ca229.ctex
Completed load for: 'res://assets/overworld/terrain_masks/mask_vertical_edge_small_01.png' remapped 'res://assets/overworld/terrain_masks/mask_vertical_edge_small_01.png' at thread -1
Loading resource: res://assets/overworld/terrain_masks/mask_vertical_edge_small_01.png remapped: res://assets/overworld/terrain_masks/mask_vertical_edge_small_01.png
Loading resource: res://.godot/imported/mask_vertical_edge_small_01.png-ca781f158bc3ba2f46054307b17ca229.ctex remapped: res://.godot/imported/mask_vertical_edge_small_01.png-ca781f158bc3ba2f46054307b17ca229.ctex
Completed load for: 'res://assets/overworld/terrain_masks/mask_vertical_edge_small_01.png' remapped 'res://assets/overworld/terrain_masks/mask_vertical_edge_small_01.png' at thread -1
Loading resource: res://assets/overworld/tile_sand_generic.png remapped: res://assets/overworld/tile_sand_generic.png
Loading resource: res://.godot/imported/tile_sand_generic.png-60c3c38f8443909ef7829dddf4a7b4ec.ctex remapped: res://.godot/imported/tile_sand_generic.png-60c3c38f8443909ef7829dddf4a7b4ec.ctex
Completed load for: 'res://assets/overworld/tile_sand_generic.png' remapped 'res://assets/overworld/tile_sand_generic.png' at thread -1
Loading resource: res://assets/overworld/terrain_masks/mask_vertical_edge_small_01.png remapped: res://assets/overworld/terrain_masks/mask_vertical_edge_small_01.png
Loading resource: res://.godot/imported/mask_vertical_edge_small_01.png-ca781f158bc3ba2f46054307b17ca229.ctex remapped: res://.godot/imported/mask_vertical_edge_small_01.png-ca781f158bc3ba2f46054307b17ca229.ctex
Completed load for: 'res://assets/overworld/terrain_masks/mask_vertical_edge_small_01.png' remapped 'res://assets/overworld/terrain_masks/mask_vertical_edge_small_01.png' at thread -1
Loading resource: res://assets/overworld/terrain_masks/mask_vertical_edge_small_01.png remapped: res://assets/overworld/terrain_masks/mask_vertical_edge_small_01.png
Loading resource: res://.godot/imported/mask_vertical_edge_small_01.png-ca781f158bc3ba2f46054307b17ca229.ctex remapped: res://.godot/imported/mask_vertical_edge_small_01.png-ca781f158bc3ba2f46054307b17ca229.ctex
Completed load for: 'res://assets/overworld/terrain_masks/mask_vertical_edge_small_01.png' remapped 'res://assets/overworld/terrain_masks/mask_vertical_edge_small_01.png' at thread -1
Loading resource: res://assets/overworld/tile_sand_generic.png remapped: res://assets/overworld/tile_sand_generic.png
Loading resource: res://.godot/imported/tile_sand_generic.png-60c3c38f8443909ef7829dddf4a7b4ec.ctex remapped: res://.godot/imported/tile_sand_generic.png-60c3c38f8443909ef7829dddf4a7b4ec.ctex
Completed load for: 'res://assets/overworld/tile_sand_generic.png' remapped 'res://assets/overworld/tile_sand_generic.png' at thread -1
Loading resource: res://assets/overworld/terrain_masks/mask_vertical_edge_small_01.png remapped: res://assets/overworld/terrain_masks/mask_vertical_edge_small_01.png
Loading resource: res://.godot/imported/mask_vertical_edge_small_01.png-ca781f158bc3ba2f46054307b17ca229.ctex remapped: res://.godot/imported/mask_vertical_edge_small_01.png-ca781f158bc3ba2f46054307b17ca229.ctex
Completed load for: 'res://assets/overworld/terrain_masks/mask_vertical_edge_small_01.png' remapped 'res://assets/overworld/terrain_masks/mask_vertical_edge_small_01.png' at thread -1
Loading resource: res://assets/overworld/tile_sand_generic.png remapped: res://assets/overworld/tile_sand_generic.png
Loading resource: res://.godot/imported/tile_sand_generic.png-60c3c38f8443909ef7829dddf4a7b4ec.ctex remapped: res://.godot/imported/tile_sand_generic.png-60c3c38f8443909ef7829dddf4a7b4ec.ctex
Completed load for: 'res://assets/overworld/tile_sand_generic.png' remapped 'res://assets/overworld/tile_sand_generic.png' at thread -1
Loading resource: res://assets/overworld/terrain_masks/mask_vertical_edge_small_01.png remapped: res://assets/overworld/terrain_masks/mask_vertical_edge_small_01.png
Loading resource: res://.godot/imported/mask_vertical_edge_small_01.png-ca781f158bc3ba2f46054307b17ca229.ctex remapped: res://.godot/imported/mask_vertical_edge_small_01.png-ca781f158bc3ba2f46054307b17ca229.ctex
Completed load for: 'res://assets/overworld/terrain_masks/mask_vertical_edge_small_01.png' remapped 'res://assets/overworld/terrain_masks/mask_vertical_edge_small_01.png' at thread -1
Loading resource: res://assets/overworld/tile_sand_generic.png remapped: res://assets/overworld/tile_sand_generic.png
Loading resource: res://.godot/imported/tile_sand_generic.png-60c3c38f8443909ef7829dddf4a7b4ec.ctex remapped: res://.godot/imported/tile_sand_generic.png-60c3c38f8443909ef7829dddf4a7b4ec.ctex
Completed load for: 'res://assets/overworld/tile_sand_generic.png' remapped 'res://assets/overworld/tile_sand_generic.png' at thread -1
Loading resource: res://assets/overworld/terrain_masks/mask_vertical_edge_small_01.png remapped: res://assets/overworld/terrain_masks/mask_vertical_edge_small_01.png
Loading resource: res://.godot/imported/mask_vertical_edge_small_01.png-ca781f158bc3ba2f46054307b17ca229.ctex remapped: res://.godot/imported/mask_vertical_edge_small_01.png-ca781f158bc3ba2f46054307b17ca229.ctex
Completed load for: 'res://assets/overworld/terrain_masks/mask_vertical_edge_small_01.png' remapped 'res://assets/overworld/terrain_masks/mask_vertical_edge_small_01.png' at thread -1
Loading resource: res://assets/overworld/tile_sand_generic.png remapped: res://assets/overworld/tile_sand_generic.png
Loading resource: res://.godot/imported/tile_sand_generic.png-60c3c38f8443909ef7829dddf4a7b4ec.ctex remapped: res://.godot/imported/tile_sand_generic.png-60c3c38f8443909ef7829dddf4a7b4ec.ctex
Completed load for: 'res://assets/overworld/tile_sand_generic.png' remapped 'res://assets/overworld/tile_sand_generic.png' at thread -1
Loading resource: res://assets/overworld/terrain_masks/mask_vertical_edge_small_01.png remapped: res://assets/overworld/terrain_masks/mask_vertical_edge_small_01.png
Loading resource: res://.godot/imported/mask_vertical_edge_small_01.png-ca781f158bc3ba2f46054307b17ca229.ctex remapped: res://.godot/imported/mask_vertical_edge_small_01.png-ca781f158bc3ba2f46054307b17ca229.ctex
Completed load for: 'res://assets/overworld/terrain_masks/mask_vertical_edge_small_01.png' remapped 'res://assets/overworld/terrain_masks/mask_vertical_edge_small_01.png' at thread -1
Loading resource: res://assets/overworld/tile_sand_generic.png remapped: res://assets/overworld/tile_sand_generic.png
Loading resource: res://.godot/imported/tile_sand_generic.png-60c3c38f8443909ef7829dddf4a7b4ec.ctex remapped: res://.godot/imported/tile_sand_generic.png-60c3c38f8443909ef7829dddf4a7b4ec.ctex
Completed load for: 'res://assets/overworld/tile_sand_generic.png' remapped 'res://assets/overworld/tile_sand_generic.png' at thread -1
Loading resource: res://assets/overworld/terrain_masks/mask_vertical_edge_small_02.png remapped: res://assets/overworld/terrain_masks/mask_vertical_edge_small_02.png
Loading resource: res://.godot/imported/mask_vertical_edge_small_02.png-9180eb89955eaa2ca72016667bc9a4f2.ctex remapped: res://.godot/imported/mask_vertical_edge_small_02.png-9180eb89955eaa2ca72016667bc9a4f2.ctex
Completed load for: 'res://assets/overworld/terrain_masks/mask_vertical_edge_small_02.png' remapped 'res://assets/overworld/terrain_masks/mask_vertical_edge_small_02.png' at thread -1
Loading resource: res://assets/overworld/terrain_masks/mask_vertical_edge_small_02.png remapped: res://assets/overworld/terrain_masks/mask_vertical_edge_small_02.png
Loading resource: res://.godot/imported/mask_vertical_edge_small_02.png-9180eb89955eaa2ca72016667bc9a4f2.ctex remapped: res://.godot/imported/mask_vertical_edge_small_02.png-9180eb89955eaa2ca72016667bc9a4f2.ctex
Completed load for: 'res://assets/overworld/terrain_masks/mask_vertical_edge_small_02.png' remapped 'res://assets/overworld/terrain_masks/mask_vertical_edge_small_02.png' at thread -1
Loading resource: res://assets/overworld/tile_sand_generic.png remapped: res://assets/overworld/tile_sand_generic.png
Loading resource: res://.godot/imported/tile_sand_generic.png-60c3c38f8443909ef7829dddf4a7b4ec.ctex remapped: res://.godot/imported/tile_sand_generic.png-60c3c38f8443909ef7829dddf4a7b4ec.ctex
Completed load for: 'res://assets/overworld/tile_sand_generic.png' remapped 'res://assets/overworld/tile_sand_generic.png' at thread -1
Loading resource: res://assets/overworld/terrain_masks/mask_vertical_edge_small_02.png remapped: res://assets/overworld/terrain_masks/mask_vertical_edge_small_02.png
Loading resource: res://.godot/imported/mask_vertical_edge_small_02.png-9180eb89955eaa2ca72016667bc9a4f2.ctex remapped: res://.godot/imported/mask_vertical_edge_small_02.png-9180eb89955eaa2ca72016667bc9a4f2.ctex
Completed load for: 'res://assets/overworld/terrain_masks/mask_vertical_edge_small_02.png' remapped 'res://assets/overworld/terrain_masks/mask_vertical_edge_small_02.png' at thread -1
Loading resource: res://assets/overworld/terrain_masks/mask_vertical_edge_small_02.png remapped: res://assets/overworld/terrain_masks/mask_vertical_edge_small_02.png
Loading resource: res://.godot/imported/mask_vertical_edge_small_02.png-9180eb89955eaa2ca72016667bc9a4f2.ctex remapped: res://.godot/imported/mask_vertical_edge_small_02.png-9180eb89955eaa2ca72016667bc9a4f2.ctex
Completed load for: 'res://assets/overworld/terrain_masks/mask_vertical_edge_small_02.png' remapped 'res://assets/overworld/terrain_masks/mask_vertical_edge_small_02.png' at thread -1
Loading resource: res://assets/overworld/tile_sand_generic.png remapped: res://assets/overworld/tile_sand_generic.png
Loading resource: res://.godot/imported/tile_sand_generic.png-60c3c38f8443909ef7829dddf4a7b4ec.ctex remapped: res://.godot/imported/tile_sand_generic.png-60c3c38f8443909ef7829dddf4a7b4ec.ctex
Completed load for: 'res://assets/overworld/tile_sand_generic.png' remapped 'res://assets/overworld/tile_sand_generic.png' at thread -1
Loading resource: res://assets/overworld/terrain_masks/mask_vertical_edge_small_02.png remapped: res://assets/overworld/terrain_masks/mask_vertical_edge_small_02.png
Loading resource: res://.godot/imported/mask_vertical_edge_small_02.png-9180eb89955eaa2ca72016667bc9a4f2.ctex remapped: res://.godot/imported/mask_vertical_edge_small_02.png-9180eb89955eaa2ca72016667bc9a4f2.ctex
Completed load for: 'res://assets/overworld/terrain_masks/mask_vertical_edge_small_02.png' remapped 'res://assets/overworld/terrain_masks/mask_vertical_edge_small_02.png' at thread -1
Loading resource: res://assets/overworld/terrain_masks/mask_vertical_edge_small_02.png remapped: res://assets/overworld/terrain_masks/mask_vertical_edge_small_02.png
Loading resource: res://.godot/imported/mask_vertical_edge_small_02.png-9180eb89955eaa2ca72016667bc9a4f2.ctex remapped: res://.godot/imported/mask_vertical_edge_small_02.png-9180eb89955eaa2ca72016667bc9a4f2.ctex
Completed load for: 'res://assets/overworld/terrain_masks/mask_vertical_edge_small_02.png' remapped 'res://assets/overworld/terrain_masks/mask_vertical_edge_small_02.png' at thread -1
Loading resource: res://assets/overworld/tile_sand_generic.png remapped: res://assets/overworld/tile_sand_generic.png
Loading resource: res://.godot/imported/tile_sand_generic.png-60c3c38f8443909ef7829dddf4a7b4ec.ctex remapped: res://.godot/imported/tile_sand_generic.png-60c3c38f8443909ef7829dddf4a7b4ec.ctex
Completed load for: 'res://assets/overworld/tile_sand_generic.png' remapped 'res://assets/overworld/tile_sand_generic.png' at thread -1
Loading resource: res://assets/overworld/terrain_masks/mask_vertical_edge_small_02.png remapped: res://assets/overworld/terrain_masks/mask_vertical_edge_small_02.png
Loading resource: res://.godot/imported/mask_vertical_edge_small_02.png-9180eb89955eaa2ca72016667bc9a4f2.ctex remapped: res://.godot/imported/mask_vertical_edge_small_02.png-9180eb89955eaa2ca72016667bc9a4f2.ctex
Completed load for: 'res://assets/overworld/terrain_masks/mask_vertical_edge_small_02.png' remapped 'res://assets/overworld/terrain_masks/mask_vertical_edge_small_02.png' at thread -1
Loading resource: res://assets/overworld/terrain_masks/mask_vertical_edge_small_02.png remapped: res://assets/overworld/terrain_masks/mask_vertical_edge_small_02.png
Loading resource: res://.godot/imported/mask_vertical_edge_small_02.png-9180eb89955eaa2ca72016667bc9a4f2.ctex remapped: res://.godot/imported/mask_vertical_edge_small_02.png-9180eb89955eaa2ca72016667bc9a4f2.ctex
Completed load for: 'res://assets/overworld/terrain_masks/mask_vertical_edge_small_02.png' remapped 'res://assets/overworld/terrain_masks/mask_vertical_edge_small_02.png' at thread -1
Loading resource: res://assets/overworld/tile_sand_generic.png remapped: res://assets/overworld/tile_sand_generic.png
Loading resource: res://.godot/imported/tile_sand_generic.png-60c3c38f8443909ef7829dddf4a7b4ec.ctex remapped: res://.godot/imported/tile_sand_generic.png-60c3c38f8443909ef7829dddf4a7b4ec.ctex
Completed load for: 'res://assets/overworld/tile_sand_generic.png' remapped 'res://assets/overworld/tile_sand_generic.png' at thread -1
Loading resource: res://assets/overworld/terrain_masks/mask_vertical_edge_small_02.png remapped: res://assets/overworld/terrain_masks/mask_vertical_edge_small_02.png
Loading resource: res://.godot/imported/mask_vertical_edge_small_02.png-9180eb89955eaa2ca72016667bc9a4f2.ctex remapped: res://.godot/imported/mask_vertical_edge_small_02.png-9180eb89955eaa2ca72016667bc9a4f2.ctex
Completed load for: 'res://assets/overworld/terrain_masks/mask_vertical_edge_small_02.png' remapped 'res://assets/overworld/terrain_masks/mask_vertical_edge_small_02.png' at thread -1
Loading resource: res://assets/overworld/tile_sand_generic.png remapped: res://assets/overworld/tile_sand_generic.png
Loading resource: res://.godot/imported/tile_sand_generic.png-60c3c38f8443909ef7829dddf4a7b4ec.ctex remapped: res://.godot/imported/tile_sand_generic.png-60c3c38f8443909ef7829dddf4a7b4ec.ctex
Completed load for: 'res://assets/overworld/tile_sand_generic.png' remapped 'res://assets/overworld/tile_sand_generic.png' at thread -1
Loading resource: res://assets/overworld/terrain_masks/mask_vertical_edge_small_02.png remapped: res://assets/overworld/terrain_masks/mask_vertical_edge_small_02.png
Loading resource: res://.godot/imported/mask_vertical_edge_small_02.png-9180eb89955eaa2ca72016667bc9a4f2.ctex remapped: res://.godot/imported/mask_vertical_edge_small_02.png-9180eb89955eaa2ca72016667bc9a4f2.ctex
Completed load for: 'res://assets/overworld/terrain_masks/mask_vertical_edge_small_02.png' remapped 'res://assets/overworld/terrain_masks/mask_vertical_edge_small_02.png' at thread -1
Loading resource: res://assets/overworld/tile_sand_generic.png remapped: res://assets/overworld/tile_sand_generic.png
Loading resource: res://.godot/imported/tile_sand_generic.png-60c3c38f8443909ef7829dddf4a7b4ec.ctex remapped: res://.godot/imported/tile_sand_generic.png-60c3c38f8443909ef7829dddf4a7b4ec.ctex
Completed load for: 'res://assets/overworld/tile_sand_generic.png' remapped 'res://assets/overworld/tile_sand_generic.png' at thread -1
Loading resource: res://assets/overworld/terrain_masks/mask_vertical_edge_small_02.png remapped: res://assets/overworld/terrain_masks/mask_vertical_edge_small_02.png
Loading resource: res://.godot/imported/mask_vertical_edge_small_02.png-9180eb89955eaa2ca72016667bc9a4f2.ctex remapped: res://.godot/imported/mask_vertical_edge_small_02.png-9180eb89955eaa2ca72016667bc9a4f2.ctex
Completed load for: 'res://assets/overworld/terrain_masks/mask_vertical_edge_small_02.png' remapped 'res://assets/overworld/terrain_masks/mask_vertical_edge_small_02.png' at thread -1
Loading resource: res://assets/overworld/tile_sand_generic.png remapped: res://assets/overworld/tile_sand_generic.png
Loading resource: res://.godot/imported/tile_sand_generic.png-60c3c38f8443909ef7829dddf4a7b4ec.ctex remapped: res://.godot/imported/tile_sand_generic.png-60c3c38f8443909ef7829dddf4a7b4ec.ctex
Completed load for: 'res://assets/overworld/tile_sand_generic.png' remapped 'res://assets/overworld/tile_sand_generic.png' at thread -1
Loading resource: res://assets/overworld/terrain_masks/mask_vertical_edge_small_02.png remapped: res://assets/overworld/terrain_masks/mask_vertical_edge_small_02.png
Loading resource: res://.godot/imported/mask_vertical_edge_small_02.png-9180eb89955eaa2ca72016667bc9a4f2.ctex remapped: res://.godot/imported/mask_vertical_edge_small_02.png-9180eb89955eaa2ca72016667bc9a4f2.ctex
Completed load for: 'res://assets/overworld/terrain_masks/mask_vertical_edge_small_02.png' remapped 'res://assets/overworld/terrain_masks/mask_vertical_edge_small_02.png' at thread -1
Loading resource: res://assets/overworld/tile_sand_generic.png remapped: res://assets/overworld/tile_sand_generic.png
Loading resource: res://.godot/imported/tile_sand_generic.png-60c3c38f8443909ef7829dddf4a7b4ec.ctex remapped: res://.godot/imported/tile_sand_generic.png-60c3c38f8443909ef7829dddf4a7b4ec.ctex
Completed load for: 'res://assets/overworld/tile_sand_generic.png' remapped 'res://assets/overworld/tile_sand_generic.png' at thread -1
Loading resource: res://assets/overworld/terrain_masks/mask_vertical_edge_small_03.png remapped: res://assets/overworld/terrain_masks/mask_vertical_edge_small_03.png
Loading resource: res://.godot/imported/mask_vertical_edge_small_03.png-292b023af94446e5b4bcd26a88e46bb2.ctex remapped: res://.godot/imported/mask_vertical_edge_small_03.png-292b023af94446e5b4bcd26a88e46bb2.ctex
Completed load for: 'res://assets/overworld/terrain_masks/mask_vertical_edge_small_03.png' remapped 'res://assets/overworld/terrain_masks/mask_vertical_edge_small_03.png' at thread -1
Loading resource: res://assets/overworld/terrain_masks/mask_vertical_edge_small_03.png remapped: res://assets/overworld/terrain_masks/mask_vertical_edge_small_03.png
Loading resource: res://.godot/imported/mask_vertical_edge_small_03.png-292b023af94446e5b4bcd26a88e46bb2.ctex remapped: res://.godot/imported/mask_vertical_edge_small_03.png-292b023af94446e5b4bcd26a88e46bb2.ctex
Completed load for: 'res://assets/overworld/terrain_masks/mask_vertical_edge_small_03.png' remapped 'res://assets/overworld/terrain_masks/mask_vertical_edge_small_03.png' at thread -1
Loading resource: res://assets/overworld/tile_sand_generic.png remapped: res://assets/overworld/tile_sand_generic.png
Loading resource: res://.godot/imported/tile_sand_generic.png-60c3c38f8443909ef7829dddf4a7b4ec.ctex remapped: res://.godot/imported/tile_sand_generic.png-60c3c38f8443909ef7829dddf4a7b4ec.ctex
Completed load for: 'res://assets/overworld/tile_sand_generic.png' remapped 'res://assets/overworld/tile_sand_generic.png' at thread -1
Loading resource: res://assets/overworld/terrain_masks/mask_vertical_edge_small_03.png remapped: res://assets/overworld/terrain_masks/mask_vertical_edge_small_03.png
Loading resource: res://.godot/imported/mask_vertical_edge_small_03.png-292b023af94446e5b4bcd26a88e46bb2.ctex remapped: res://.godot/imported/mask_vertical_edge_small_03.png-292b023af94446e5b4bcd26a88e46bb2.ctex
Completed load for: 'res://assets/overworld/terrain_masks/mask_vertical_edge_small_03.png' remapped 'res://assets/overworld/terrain_masks/mask_vertical_edge_small_03.png' at thread -1
Loading resource: res://assets/overworld/terrain_masks/mask_vertical_edge_small_03.png remapped: res://assets/overworld/terrain_masks/mask_vertical_edge_small_03.png
Loading resource: res://.godot/imported/mask_vertical_edge_small_03.png-292b023af94446e5b4bcd26a88e46bb2.ctex remapped: res://.godot/imported/mask_vertical_edge_small_03.png-292b023af94446e5b4bcd26a88e46bb2.ctex
Completed load for: 'res://assets/overworld/terrain_masks/mask_vertical_edge_small_03.png' remapped 'res://assets/overworld/terrain_masks/mask_vertical_edge_small_03.png' at thread -1
Loading resource: res://assets/overworld/tile_sand_generic.png remapped: res://assets/overworld/tile_sand_generic.png
Loading resource: res://.godot/imported/tile_sand_generic.png-60c3c38f8443909ef7829dddf4a7b4ec.ctex remapped: res://.godot/imported/tile_sand_generic.png-60c3c38f8443909ef7829dddf4a7b4ec.ctex
Completed load for: 'res://assets/overworld/tile_sand_generic.png' remapped 'res://assets/overworld/tile_sand_generic.png' at thread -1
Loading resource: res://assets/overworld/terrain_masks/mask_vertical_edge_small_03.png remapped: res://assets/overworld/terrain_masks/mask_vertical_edge_small_03.png
Loading resource: res://.godot/imported/mask_vertical_edge_small_03.png-292b023af94446e5b4bcd26a88e46bb2.ctex remapped: res://.godot/imported/mask_vertical_edge_small_03.png-292b023af94446e5b4bcd26a88e46bb2.ctex
Completed load for: 'res://assets/overworld/terrain_masks/mask_vertical_edge_small_03.png' remapped 'res://assets/overworld/terrain_masks/mask_vertical_edge_small_03.png' at thread -1
Loading resource: res://assets/overworld/terrain_masks/mask_vertical_edge_small_03.png remapped: res://assets/overworld/terrain_masks/mask_vertical_edge_small_03.png
Loading resource: res://.godot/imported/mask_vertical_edge_small_03.png-292b023af94446e5b4bcd26a88e46bb2.ctex remapped: res://.godot/imported/mask_vertical_edge_small_03.png-292b023af94446e5b4bcd26a88e46bb2.ctex
Completed load for: 'res://assets/overworld/terrain_masks/mask_vertical_edge_small_03.png' remapped 'res://assets/overworld/terrain_masks/mask_vertical_edge_small_03.png' at thread -1
Loading resource: res://assets/overworld/tile_sand_generic.png remapped: res://assets/overworld/tile_sand_generic.png
Loading resource: res://.godot/imported/tile_sand_generic.png-60c3c38f8443909ef7829dddf4a7b4ec.ctex remapped: res://.godot/imported/tile_sand_generic.png-60c3c38f8443909ef7829dddf4a7b4ec.ctex
Completed load for: 'res://assets/overworld/tile_sand_generic.png' remapped 'res://assets/overworld/tile_sand_generic.png' at thread -1
Loading resource: res://assets/overworld/terrain_masks/mask_vertical_edge_small_03.png remapped: res://assets/overworld/terrain_masks/mask_vertical_edge_small_03.png
Loading resource: res://.godot/imported/mask_vertical_edge_small_03.png-292b023af94446e5b4bcd26a88e46bb2.ctex remapped: res://.godot/imported/mask_vertical_edge_small_03.png-292b023af94446e5b4bcd26a88e46bb2.ctex
Completed load for: 'res://assets/overworld/terrain_masks/mask_vertical_edge_small_03.png' remapped 'res://assets/overworld/terrain_masks/mask_vertical_edge_small_03.png' at thread -1
Loading resource: res://assets/overworld/terrain_masks/mask_vertical_edge_small_03.png remapped: res://assets/overworld/terrain_masks/mask_vertical_edge_small_03.png
Loading resource: res://.godot/imported/mask_vertical_edge_small_03.png-292b023af94446e5b4bcd26a88e46bb2.ctex remapped: res://.godot/imported/mask_vertical_edge_small_03.png-292b023af94446e5b4bcd26a88e46bb2.ctex
Completed load for: 'res://assets/overworld/terrain_masks/mask_vertical_edge_small_03.png' remapped 'res://assets/overworld/terrain_masks/mask_vertical_edge_small_03.png' at thread -1
Loading resource: res://assets/overworld/tile_sand_generic.png remapped: res://assets/overworld/tile_sand_generic.png
Loading resource: res://.godot/imported/tile_sand_generic.png-60c3c38f8443909ef7829dddf4a7b4ec.ctex remapped: res://.godot/imported/tile_sand_generic.png-60c3c38f8443909ef7829dddf4a7b4ec.ctex
Completed load for: 'res://assets/overworld/tile_sand_generic.png' remapped 'res://assets/overworld/tile_sand_generic.png' at thread -1
Loading resource: res://assets/overworld/terrain_masks/mask_vertical_edge_small_03.png remapped: res://assets/overworld/terrain_masks/mask_vertical_edge_small_03.png
Loading resource: res://.godot/imported/mask_vertical_edge_small_03.png-292b023af94446e5b4bcd26a88e46bb2.ctex remapped: res://.godot/imported/mask_vertical_edge_small_03.png-292b023af94446e5b4bcd26a88e46bb2.ctex
Completed load for: 'res://assets/overworld/terrain_masks/mask_vertical_edge_small_03.png' remapped 'res://assets/overworld/terrain_masks/mask_vertical_edge_small_03.png' at thread -1
Loading resource: res://assets/overworld/tile_sand_generic.png remapped: res://assets/overworld/tile_sand_generic.png
Loading resource: res://.godot/imported/tile_sand_generic.png-60c3c38f8443909ef7829dddf4a7b4ec.ctex remapped: res://.godot/imported/tile_sand_generic.png-60c3c38f8443909ef7829dddf4a7b4ec.ctex
Completed load for: 'res://assets/overworld/tile_sand_generic.png' remapped 'res://assets/overworld/tile_sand_generic.png' at thread -1
Loading resource: res://assets/overworld/terrain_masks/mask_vertical_edge_small_03.png remapped: res://assets/overworld/terrain_masks/mask_vertical_edge_small_03.png
Loading resource: res://.godot/imported/mask_vertical_edge_small_03.png-292b023af94446e5b4bcd26a88e46bb2.ctex remapped: res://.godot/imported/mask_vertical_edge_small_03.png-292b023af94446e5b4bcd26a88e46bb2.ctex
Completed load for: 'res://assets/overworld/terrain_masks/mask_vertical_edge_small_03.png' remapped 'res://assets/overworld/terrain_masks/mask_vertical_edge_small_03.png' at thread -1
Loading resource: res://assets/overworld/tile_sand_generic.png remapped: res://assets/overworld/tile_sand_generic.png
Loading resource: res://.godot/imported/tile_sand_generic.png-60c3c38f8443909ef7829dddf4a7b4ec.ctex remapped: res://.godot/imported/tile_sand_generic.png-60c3c38f8443909ef7829dddf4a7b4ec.ctex
Completed load for: 'res://assets/overworld/tile_sand_generic.png' remapped 'res://assets/overworld/tile_sand_generic.png' at thread -1
Loading resource: res://assets/overworld/terrain_masks/mask_vertical_edge_small_03.png remapped: res://assets/overworld/terrain_masks/mask_vertical_edge_small_03.png
Loading resource: res://.godot/imported/mask_vertical_edge_small_03.png-292b023af94446e5b4bcd26a88e46bb2.ctex remapped: res://.godot/imported/mask_vertical_edge_small_03.png-292b023af94446e5b4bcd26a88e46bb2.ctex
Completed load for: 'res://assets/overworld/terrain_masks/mask_vertical_edge_small_03.png' remapped 'res://assets/overworld/terrain_masks/mask_vertical_edge_small_03.png' at thread -1
Loading resource: res://assets/overworld/tile_sand_generic.png remapped: res://assets/overworld/tile_sand_generic.png
Loading resource: res://.godot/imported/tile_sand_generic.png-60c3c38f8443909ef7829dddf4a7b4ec.ctex remapped: res://.godot/imported/tile_sand_generic.png-60c3c38f8443909ef7829dddf4a7b4ec.ctex
Completed load for: 'res://assets/overworld/tile_sand_generic.png' remapped 'res://assets/overworld/tile_sand_generic.png' at thread -1
Loading resource: res://assets/overworld/terrain_masks/mask_vertical_edge_small_03.png remapped: res://assets/overworld/terrain_masks/mask_vertical_edge_small_03.png
Loading resource: res://.godot/imported/mask_vertical_edge_small_03.png-292b023af94446e5b4bcd26a88e46bb2.ctex remapped: res://.godot/imported/mask_vertical_edge_small_03.png-292b023af94446e5b4bcd26a88e46bb2.ctex
Completed load for: 'res://assets/overworld/terrain_masks/mask_vertical_edge_small_03.png' remapped 'res://assets/overworld/terrain_masks/mask_vertical_edge_small_03.png' at thread -1
Loading resource: res://assets/overworld/tile_sand_generic.png remapped: res://assets/overworld/tile_sand_generic.png
Loading resource: res://.godot/imported/tile_sand_generic.png-60c3c38f8443909ef7829dddf4a7b4ec.ctex remapped: res://.godot/imported/tile_sand_generic.png-60c3c38f8443909ef7829dddf4a7b4ec.ctex
Completed load for: 'res://assets/overworld/tile_sand_generic.png' remapped 'res://assets/overworld/tile_sand_generic.png' at thread -1
Loading resource: res://assets/overworld/terrain_masks/mask_vertical_edge_small_04.png remapped: res://assets/overworld/terrain_masks/mask_vertical_edge_small_04.png
Loading resource: res://.godot/imported/mask_vertical_edge_small_04.png-1607ba2fd4f203d5d2b7386d4c801884.ctex remapped: res://.godot/imported/mask_vertical_edge_small_04.png-1607ba2fd4f203d5d2b7386d4c801884.ctex
Completed load for: 'res://assets/overworld/terrain_masks/mask_vertical_edge_small_04.png' remapped 'res://assets/overworld/terrain_masks/mask_vertical_edge_small_04.png' at thread -1
Loading resource: res://assets/overworld/terrain_masks/mask_vertical_edge_small_04.png remapped: res://assets/overworld/terrain_masks/mask_vertical_edge_small_04.png
Loading resource: res://.godot/imported/mask_vertical_edge_small_04.png-1607ba2fd4f203d5d2b7386d4c801884.ctex remapped: res://.godot/imported/mask_vertical_edge_small_04.png-1607ba2fd4f203d5d2b7386d4c801884.ctex
Completed load for: 'res://assets/overworld/terrain_masks/mask_vertical_edge_small_04.png' remapped 'res://assets/overworld/terrain_masks/mask_vertical_edge_small_04.png' at thread -1
Loading resource: res://assets/overworld/tile_sand_generic.png remapped: res://assets/overworld/tile_sand_generic.png
Loading resource: res://.godot/imported/tile_sand_generic.png-60c3c38f8443909ef7829dddf4a7b4ec.ctex remapped: res://.godot/imported/tile_sand_generic.png-60c3c38f8443909ef7829dddf4a7b4ec.ctex
Completed load for: 'res://assets/overworld/tile_sand_generic.png' remapped 'res://assets/overworld/tile_sand_generic.png' at thread -1
Loading resource: res://assets/overworld/terrain_masks/mask_vertical_edge_small_04.png remapped: res://assets/overworld/terrain_masks/mask_vertical_edge_small_04.png
Loading resource: res://.godot/imported/mask_vertical_edge_small_04.png-1607ba2fd4f203d5d2b7386d4c801884.ctex remapped: res://.godot/imported/mask_vertical_edge_small_04.png-1607ba2fd4f203d5d2b7386d4c801884.ctex
Completed load for: 'res://assets/overworld/terrain_masks/mask_vertical_edge_small_04.png' remapped 'res://assets/overworld/terrain_masks/mask_vertical_edge_small_04.png' at thread -1
Loading resource: res://assets/overworld/terrain_masks/mask_vertical_edge_small_04.png remapped: res://assets/overworld/terrain_masks/mask_vertical_edge_small_04.png
Loading resource: res://.godot/imported/mask_vertical_edge_small_04.png-1607ba2fd4f203d5d2b7386d4c801884.ctex remapped: res://.godot/imported/mask_vertical_edge_small_04.png-1607ba2fd4f203d5d2b7386d4c801884.ctex
Completed load for: 'res://assets/overworld/terrain_masks/mask_vertical_edge_small_04.png' remapped 'res://assets/overworld/terrain_masks/mask_vertical_edge_small_04.png' at thread -1
Loading resource: res://assets/overworld/tile_sand_generic.png remapped: res://assets/overworld/tile_sand_generic.png
Loading resource: res://.godot/imported/tile_sand_generic.png-60c3c38f8443909ef7829dddf4a7b4ec.ctex remapped: res://.godot/imported/tile_sand_generic.png-60c3c38f8443909ef7829dddf4a7b4ec.ctex
Completed load for: 'res://assets/overworld/tile_sand_generic.png' remapped 'res://assets/overworld/tile_sand_generic.png' at thread -1
Loading resource: res://assets/overworld/terrain_masks/mask_vertical_edge_small_04.png remapped: res://assets/overworld/terrain_masks/mask_vertical_edge_small_04.png
Loading resource: res://.godot/imported/mask_vertical_edge_small_04.png-1607ba2fd4f203d5d2b7386d4c801884.ctex remapped: res://.godot/imported/mask_vertical_edge_small_04.png-1607ba2fd4f203d5d2b7386d4c801884.ctex
Completed load for: 'res://assets/overworld/terrain_masks/mask_vertical_edge_small_04.png' remapped 'res://assets/overworld/terrain_masks/mask_vertical_edge_small_04.png' at thread -1
Loading resource: res://assets/overworld/terrain_masks/mask_vertical_edge_small_04.png remapped: res://assets/overworld/terrain_masks/mask_vertical_edge_small_04.png
Loading resource: res://.godot/imported/mask_vertical_edge_small_04.png-1607ba2fd4f203d5d2b7386d4c801884.ctex remapped: res://.godot/imported/mask_vertical_edge_small_04.png-1607ba2fd4f203d5d2b7386d4c801884.ctex
Completed load for: 'res://assets/overworld/terrain_masks/mask_vertical_edge_small_04.png' remapped 'res://assets/overworld/terrain_masks/mask_vertical_edge_small_04.png' at thread -1
Loading resource: res://assets/overworld/tile_sand_generic.png remapped: res://assets/overworld/tile_sand_generic.png
Loading resource: res://.godot/imported/tile_sand_generic.png-60c3c38f8443909ef7829dddf4a7b4ec.ctex remapped: res://.godot/imported/tile_sand_generic.png-60c3c38f8443909ef7829dddf4a7b4ec.ctex
Completed load for: 'res://assets/overworld/tile_sand_generic.png' remapped 'res://assets/overworld/tile_sand_generic.png' at thread -1
Loading resource: res://assets/overworld/terrain_masks/mask_vertical_edge_small_04.png remapped: res://assets/overworld/terrain_masks/mask_vertical_edge_small_04.png
Loading resource: res://.godot/imported/mask_vertical_edge_small_04.png-1607ba2fd4f203d5d2b7386d4c801884.ctex remapped: res://.godot/imported/mask_vertical_edge_small_04.png-1607ba2fd4f203d5d2b7386d4c801884.ctex
Completed load for: 'res://assets/overworld/terrain_masks/mask_vertical_edge_small_04.png' remapped 'res://assets/overworld/terrain_masks/mask_vertical_edge_small_04.png' at thread -1
Loading resource: res://assets/overworld/terrain_masks/mask_vertical_edge_small_04.png remapped: res://assets/overworld/terrain_masks/mask_vertical_edge_small_04.png
Loading resource: res://.godot/imported/mask_vertical_edge_small_04.png-1607ba2fd4f203d5d2b7386d4c801884.ctex remapped: res://.godot/imported/mask_vertical_edge_small_04.png-1607ba2fd4f203d5d2b7386d4c801884.ctex
Completed load for: 'res://assets/overworld/terrain_masks/mask_vertical_edge_small_04.png' remapped 'res://assets/overworld/terrain_masks/mask_vertical_edge_small_04.png' at thread -1
Loading resource: res://assets/overworld/tile_sand_generic.png remapped: res://assets/overworld/tile_sand_generic.png
Loading resource: res://.godot/imported/tile_sand_generic.png-60c3c38f8443909ef7829dddf4a7b4ec.ctex remapped: res://.godot/imported/tile_sand_generic.png-60c3c38f8443909ef7829dddf4a7b4ec.ctex
Completed load for: 'res://assets/overworld/tile_sand_generic.png' remapped 'res://assets/overworld/tile_sand_generic.png' at thread -1
Loading resource: res://assets/overworld/terrain_masks/mask_vertical_edge_small_04.png remapped: res://assets/overworld/terrain_masks/mask_vertical_edge_small_04.png
Loading resource: res://.godot/imported/mask_vertical_edge_small_04.png-1607ba2fd4f203d5d2b7386d4c801884.ctex remapped: res://.godot/imported/mask_vertical_edge_small_04.png-1607ba2fd4f203d5d2b7386d4c801884.ctex
Completed load for: 'res://assets/overworld/terrain_masks/mask_vertical_edge_small_04.png' remapped 'res://assets/overworld/terrain_masks/mask_vertical_edge_small_04.png' at thread -1
Loading resource: res://assets/overworld/tile_sand_generic.png remapped: res://assets/overworld/tile_sand_generic.png
Loading resource: res://.godot/imported/tile_sand_generic.png-60c3c38f8443909ef7829dddf4a7b4ec.ctex remapped: res://.godot/imported/tile_sand_generic.png-60c3c38f8443909ef7829dddf4a7b4ec.ctex
Completed load for: 'res://assets/overworld/tile_sand_generic.png' remapped 'res://assets/overworld/tile_sand_generic.png' at thread -1
Loading resource: res://assets/overworld/terrain_masks/mask_vertical_edge_small_04.png remapped: res://assets/overworld/terrain_masks/mask_vertical_edge_small_04.png
Loading resource: res://.godot/imported/mask_vertical_edge_small_04.png-1607ba2fd4f203d5d2b7386d4c801884.ctex remapped: res://.godot/imported/mask_vertical_edge_small_04.png-1607ba2fd4f203d5d2b7386d4c801884.ctex
Completed load for: 'res://assets/overworld/terrain_masks/mask_vertical_edge_small_04.png' remapped 'res://assets/overworld/terrain_masks/mask_vertical_edge_small_04.png' at thread -1
Loading resource: res://assets/overworld/tile_sand_generic.png remapped: res://assets/overworld/tile_sand_generic.png
Loading resource: res://.godot/imported/tile_sand_generic.png-60c3c38f8443909ef7829dddf4a7b4ec.ctex remapped: res://.godot/imported/tile_sand_generic.png-60c3c38f8443909ef7829dddf4a7b4ec.ctex
Completed load for: 'res://assets/overworld/tile_sand_generic.png' remapped 'res://assets/overworld/tile_sand_generic.png' at thread -1
Loading resource: res://assets/overworld/terrain_masks/mask_vertical_edge_small_04.png remapped: res://assets/overworld/terrain_masks/mask_vertical_edge_small_04.png
Loading resource: res://.godot/imported/mask_vertical_edge_small_04.png-1607ba2fd4f203d5d2b7386d4c801884.ctex remapped: res://.godot/imported/mask_vertical_edge_small_04.png-1607ba2fd4f203d5d2b7386d4c801884.ctex
Completed load for: 'res://assets/overworld/terrain_masks/mask_vertical_edge_small_04.png' remapped 'res://assets/overworld/terrain_masks/mask_vertical_edge_small_04.png' at thread -1
Loading resource: res://assets/overworld/tile_sand_generic.png remapped: res://assets/overworld/tile_sand_generic.png
Loading resource: res://.godot/imported/tile_sand_generic.png-60c3c38f8443909ef7829dddf4a7b4ec.ctex remapped: res://.godot/imported/tile_sand_generic.png-60c3c38f8443909ef7829dddf4a7b4ec.ctex
Completed load for: 'res://assets/overworld/tile_sand_generic.png' remapped 'res://assets/overworld/tile_sand_generic.png' at thread -1
Loading resource: res://assets/overworld/terrain_masks/mask_vertical_edge_small_04.png remapped: res://assets/overworld/terrain_masks/mask_vertical_edge_small_04.png
Loading resource: res://.godot/imported/mask_vertical_edge_small_04.png-1607ba2fd4f203d5d2b7386d4c801884.ctex remapped: res://.godot/imported/mask_vertical_edge_small_04.png-1607ba2fd4f203d5d2b7386d4c801884.ctex
Completed load for: 'res://assets/overworld/terrain_masks/mask_vertical_edge_small_04.png' remapped 'res://assets/overworld/terrain_masks/mask_vertical_edge_small_04.png' at thread -1
Loading resource: res://assets/overworld/tile_sand_generic.png remapped: res://assets/overworld/tile_sand_generic.png
Loading resource: res://.godot/imported/tile_sand_generic.png-60c3c38f8443909ef7829dddf4a7b4ec.ctex remapped: res://.godot/imported/tile_sand_generic.png-60c3c38f8443909ef7829dddf4a7b4ec.ctex
Completed load for: 'res://assets/overworld/tile_sand_generic.png' remapped 'res://assets/overworld/tile_sand_generic.png' at thread -1
Loading resource: res://assets/overworld/terrain_masks/mask_horizontal_edge_small_00.png remapped: res://assets/overworld/terrain_masks/mask_horizontal_edge_small_00.png
Loading resource: res://.godot/imported/mask_horizontal_edge_small_00.png-c41d7ae1dd8b3c349c09d5890e2d0d16.ctex remapped: res://.godot/imported/mask_horizontal_edge_small_00.png-c41d7ae1dd8b3c349c09d5890e2d0d16.ctex
Completed load for: 'res://assets/overworld/terrain_masks/mask_horizontal_edge_small_00.png' remapped 'res://assets/overworld/terrain_masks/mask_horizontal_edge_small_00.png' at thread -1
Loading resource: res://assets/overworld/terrain_masks/mask_horizontal_edge_small_00.png remapped: res://assets/overworld/terrain_masks/mask_horizontal_edge_small_00.png
Loading resource: res://.godot/imported/mask_horizontal_edge_small_00.png-c41d7ae1dd8b3c349c09d5890e2d0d16.ctex remapped: res://.godot/imported/mask_horizontal_edge_small_00.png-c41d7ae1dd8b3c349c09d5890e2d0d16.ctex
Completed load for: 'res://assets/overworld/terrain_masks/mask_horizontal_edge_small_00.png' remapped 'res://assets/overworld/terrain_masks/mask_horizontal_edge_small_00.png' at thread -1
Loading resource: res://assets/overworld/tile_sand_generic.png remapped: res://assets/overworld/tile_sand_generic.png
Loading resource: res://.godot/imported/tile_sand_generic.png-60c3c38f8443909ef7829dddf4a7b4ec.ctex remapped: res://.godot/imported/tile_sand_generic.png-60c3c38f8443909ef7829dddf4a7b4ec.ctex
Completed load for: 'res://assets/overworld/tile_sand_generic.png' remapped 'res://assets/overworld/tile_sand_generic.png' at thread -1
Loading resource: res://assets/overworld/terrain_masks/mask_horizontal_edge_small_00.png remapped: res://assets/overworld/terrain_masks/mask_horizontal_edge_small_00.png
Loading resource: res://.godot/imported/mask_horizontal_edge_small_00.png-c41d7ae1dd8b3c349c09d5890e2d0d16.ctex remapped: res://.godot/imported/mask_horizontal_edge_small_00.png-c41d7ae1dd8b3c349c09d5890e2d0d16.ctex
Completed load for: 'res://assets/overworld/terrain_masks/mask_horizontal_edge_small_00.png' remapped 'res://assets/overworld/terrain_masks/mask_horizontal_edge_small_00.png' at thread -1
Loading resource: res://assets/overworld/terrain_masks/mask_horizontal_edge_small_00.png remapped: res://assets/overworld/terrain_masks/mask_horizontal_edge_small_00.png
Loading resource: res://.godot/imported/mask_horizontal_edge_small_00.png-c41d7ae1dd8b3c349c09d5890e2d0d16.ctex remapped: res://.godot/imported/mask_horizontal_edge_small_00.png-c41d7ae1dd8b3c349c09d5890e2d0d16.ctex
Completed load for: 'res://assets/overworld/terrain_masks/mask_horizontal_edge_small_00.png' remapped 'res://assets/overworld/terrain_masks/mask_horizontal_edge_small_00.png' at thread -1
Loading resource: res://assets/overworld/tile_sand_generic.png remapped: res://assets/overworld/tile_sand_generic.png
Loading resource: res://.godot/imported/tile_sand_generic.png-60c3c38f8443909ef7829dddf4a7b4ec.ctex remapped: res://.godot/imported/tile_sand_generic.png-60c3c38f8443909ef7829dddf4a7b4ec.ctex
Completed load for: 'res://assets/overworld/tile_sand_generic.png' remapped 'res://assets/overworld/tile_sand_generic.png' at thread -1
Loading resource: res://assets/overworld/terrain_masks/mask_horizontal_edge_small_00.png remapped: res://assets/overworld/terrain_masks/mask_horizontal_edge_small_00.png
Loading resource: res://.godot/imported/mask_horizontal_edge_small_00.png-c41d7ae1dd8b3c349c09d5890e2d0d16.ctex remapped: res://.godot/imported/mask_horizontal_edge_small_00.png-c41d7ae1dd8b3c349c09d5890e2d0d16.ctex
Completed load for: 'res://assets/overworld/terrain_masks/mask_horizontal_edge_small_00.png' remapped 'res://assets/overworld/terrain_masks/mask_horizontal_edge_small_00.png' at thread -1
Loading resource: res://assets/overworld/terrain_masks/mask_horizontal_edge_small_00.png remapped: res://assets/overworld/terrain_masks/mask_horizontal_edge_small_00.png
Loading resource: res://.godot/imported/mask_horizontal_edge_small_00.png-c41d7ae1dd8b3c349c09d5890e2d0d16.ctex remapped: res://.godot/imported/mask_horizontal_edge_small_00.png-c41d7ae1dd8b3c349c09d5890e2d0d16.ctex
Completed load for: 'res://assets/overworld/terrain_masks/mask_horizontal_edge_small_00.png' remapped 'res://assets/overworld/terrain_masks/mask_horizontal_edge_small_00.png' at thread -1
Loading resource: res://assets/overworld/tile_sand_generic.png remapped: res://assets/overworld/tile_sand_generic.png
Loading resource: res://.godot/imported/tile_sand_generic.png-60c3c38f8443909ef7829dddf4a7b4ec.ctex remapped: res://.godot/imported/tile_sand_generic.png-60c3c38f8443909ef7829dddf4a7b4ec.ctex
Completed load for: 'res://assets/overworld/tile_sand_generic.png' remapped 'res://assets/overworld/tile_sand_generic.png' at thread -1
Loading resource: res://assets/overworld/terrain_masks/mask_horizontal_edge_small_00.png remapped: res://assets/overworld/terrain_masks/mask_horizontal_edge_small_00.png
Loading resource: res://.godot/imported/mask_horizontal_edge_small_00.png-c41d7ae1dd8b3c349c09d5890e2d0d16.ctex remapped: res://.godot/imported/mask_horizontal_edge_small_00.png-c41d7ae1dd8b3c349c09d5890e2d0d16.ctex
Completed load for: 'res://assets/overworld/terrain_masks/mask_horizontal_edge_small_00.png' remapped 'res://assets/overworld/terrain_masks/mask_horizontal_edge_small_00.png' at thread -1
Loading resource: res://assets/overworld/terrain_masks/mask_horizontal_edge_small_00.png remapped: res://assets/overworld/terrain_masks/mask_horizontal_edge_small_00.png
Loading resource: res://.godot/imported/mask_horizontal_edge_small_00.png-c41d7ae1dd8b3c349c09d5890e2d0d16.ctex remapped: res://.godot/imported/mask_horizontal_edge_small_00.png-c41d7ae1dd8b3c349c09d5890e2d0d16.ctex
Completed load for: 'res://assets/overworld/terrain_masks/mask_horizontal_edge_small_00.png' remapped 'res://assets/overworld/terrain_masks/mask_horizontal_edge_small_00.png' at thread -1
Loading resource: res://assets/overworld/tile_sand_generic.png remapped: res://assets/overworld/tile_sand_generic.png
Loading resource: res://.godot/imported/tile_sand_generic.png-60c3c38f8443909ef7829dddf4a7b4ec.ctex remapped: res://.godot/imported/tile_sand_generic.png-60c3c38f8443909ef7829dddf4a7b4ec.ctex
Completed load for: 'res://assets/overworld/tile_sand_generic.png' remapped 'res://assets/overworld/tile_sand_generic.png' at thread -1
Loading resource: res://assets/overworld/terrain_masks/mask_horizontal_edge_small_00.png remapped: res://assets/overworld/terrain_masks/mask_horizontal_edge_small_00.png
Loading resource: res://.godot/imported/mask_horizontal_edge_small_00.png-c41d7ae1dd8b3c349c09d5890e2d0d16.ctex remapped: res://.godot/imported/mask_horizontal_edge_small_00.png-c41d7ae1dd8b3c349c09d5890e2d0d16.ctex
Completed load for: 'res://assets/overworld/terrain_masks/mask_horizontal_edge_small_00.png' remapped 'res://assets/overworld/terrain_masks/mask_horizontal_edge_small_00.png' at thread -1
Loading resource: res://assets/overworld/tile_sand_generic.png remapped: res://assets/overworld/tile_sand_generic.png
Loading resource: res://.godot/imported/tile_sand_generic.png-60c3c38f8443909ef7829dddf4a7b4ec.ctex remapped: res://.godot/imported/tile_sand_generic.png-60c3c38f8443909ef7829dddf4a7b4ec.ctex
Completed load for: 'res://assets/overworld/tile_sand_generic.png' remapped 'res://assets/overworld/tile_sand_generic.png' at thread -1
Loading resource: res://assets/overworld/terrain_masks/mask_horizontal_edge_small_00.png remapped: res://assets/overworld/terrain_masks/mask_horizontal_edge_small_00.png
Loading resource: res://.godot/imported/mask_horizontal_edge_small_00.png-c41d7ae1dd8b3c349c09d5890e2d0d16.ctex remapped: res://.godot/imported/mask_horizontal_edge_small_00.png-c41d7ae1dd8b3c349c09d5890e2d0d16.ctex
Completed load for: 'res://assets/overworld/terrain_masks/mask_horizontal_edge_small_00.png' remapped 'res://assets/overworld/terrain_masks/mask_horizontal_edge_small_00.png' at thread -1
Loading resource: res://assets/overworld/tile_sand_generic.png remapped: res://assets/overworld/tile_sand_generic.png
Loading resource: res://.godot/imported/tile_sand_generic.png-60c3c38f8443909ef7829dddf4a7b4ec.ctex remapped: res://.godot/imported/tile_sand_generic.png-60c3c38f8443909ef7829dddf4a7b4ec.ctex
Completed load for: 'res://assets/overworld/tile_sand_generic.png' remapped 'res://assets/overworld/tile_sand_generic.png' at thread -1
Loading resource: res://assets/overworld/terrain_masks/mask_horizontal_edge_small_00.png remapped: res://assets/overworld/terrain_masks/mask_horizontal_edge_small_00.png
Loading resource: res://.godot/imported/mask_horizontal_edge_small_00.png-c41d7ae1dd8b3c349c09d5890e2d0d16.ctex remapped: res://.godot/imported/mask_horizontal_edge_small_00.png-c41d7ae1dd8b3c349c09d5890e2d0d16.ctex
Completed load for: 'res://assets/overworld/terrain_masks/mask_horizontal_edge_small_00.png' remapped 'res://assets/overworld/terrain_masks/mask_horizontal_edge_small_00.png' at thread -1
Loading resource: res://assets/overworld/tile_sand_generic.png remapped: res://assets/overworld/tile_sand_generic.png
Loading resource: res://.godot/imported/tile_sand_generic.png-60c3c38f8443909ef7829dddf4a7b4ec.ctex remapped: res://.godot/imported/tile_sand_generic.png-60c3c38f8443909ef7829dddf4a7b4ec.ctex
Completed load for: 'res://assets/overworld/tile_sand_generic.png' remapped 'res://assets/overworld/tile_sand_generic.png' at thread -1
Loading resource: res://assets/overworld/terrain_masks/mask_horizontal_edge_small_00.png remapped: res://assets/overworld/terrain_masks/mask_horizontal_edge_small_00.png
Loading resource: res://.godot/imported/mask_horizontal_edge_small_00.png-c41d7ae1dd8b3c349c09d5890e2d0d16.ctex remapped: res://.godot/imported/mask_horizontal_edge_small_00.png-c41d7ae1dd8b3c349c09d5890e2d0d16.ctex
Completed load for: 'res://assets/overworld/terrain_masks/mask_horizontal_edge_small_00.png' remapped 'res://assets/overworld/terrain_masks/mask_horizontal_edge_small_00.png' at thread -1
Loading resource: res://assets/overworld/tile_sand_generic.png remapped: res://assets/overworld/tile_sand_generic.png
Loading resource: res://.godot/imported/tile_sand_generic.png-60c3c38f8443909ef7829dddf4a7b4ec.ctex remapped: res://.godot/imported/tile_sand_generic.png-60c3c38f8443909ef7829dddf4a7b4ec.ctex
Completed load for: 'res://assets/overworld/tile_sand_generic.png' remapped 'res://assets/overworld/tile_sand_generic.png' at thread -1
Loading resource: res://assets/overworld/terrain_masks/mask_horizontal_edge_small_01.png remapped: res://assets/overworld/terrain_masks/mask_horizontal_edge_small_01.png
Loading resource: res://.godot/imported/mask_horizontal_edge_small_01.png-925c7a67195149bb83a41d96227ef297.ctex remapped: res://.godot/imported/mask_horizontal_edge_small_01.png-925c7a67195149bb83a41d96227ef297.ctex
Completed load for: 'res://assets/overworld/terrain_masks/mask_horizontal_edge_small_01.png' remapped 'res://assets/overworld/terrain_masks/mask_horizontal_edge_small_01.png' at thread -1
Loading resource: res://assets/overworld/terrain_masks/mask_horizontal_edge_small_01.png remapped: res://assets/overworld/terrain_masks/mask_horizontal_edge_small_01.png
Loading resource: res://.godot/imported/mask_horizontal_edge_small_01.png-925c7a67195149bb83a41d96227ef297.ctex remapped: res://.godot/imported/mask_horizontal_edge_small_01.png-925c7a67195149bb83a41d96227ef297.ctex
Completed load for: 'res://assets/overworld/terrain_masks/mask_horizontal_edge_small_01.png' remapped 'res://assets/overworld/terrain_masks/mask_horizontal_edge_small_01.png' at thread -1
Loading resource: res://assets/overworld/tile_sand_generic.png remapped: res://assets/overworld/tile_sand_generic.png
Loading resource: res://.godot/imported/tile_sand_generic.png-60c3c38f8443909ef7829dddf4a7b4ec.ctex remapped: res://.godot/imported/tile_sand_generic.png-60c3c38f8443909ef7829dddf4a7b4ec.ctex
Completed load for: 'res://assets/overworld/tile_sand_generic.png' remapped 'res://assets/overworld/tile_sand_generic.png' at thread -1
Loading resource: res://assets/overworld/terrain_masks/mask_horizontal_edge_small_01.png remapped: res://assets/overworld/terrain_masks/mask_horizontal_edge_small_01.png
Loading resource: res://.godot/imported/mask_horizontal_edge_small_01.png-925c7a67195149bb83a41d96227ef297.ctex remapped: res://.godot/imported/mask_horizontal_edge_small_01.png-925c7a67195149bb83a41d96227ef297.ctex
Completed load for: 'res://assets/overworld/terrain_masks/mask_horizontal_edge_small_01.png' remapped 'res://assets/overworld/terrain_masks/mask_horizontal_edge_small_01.png' at thread -1
Loading resource: res://assets/overworld/terrain_masks/mask_horizontal_edge_small_01.png remapped: res://assets/overworld/terrain_masks/mask_horizontal_edge_small_01.png
Loading resource: res://.godot/imported/mask_horizontal_edge_small_01.png-925c7a67195149bb83a41d96227ef297.ctex remapped: res://.godot/imported/mask_horizontal_edge_small_01.png-925c7a67195149bb83a41d96227ef297.ctex
Completed load for: 'res://assets/overworld/terrain_masks/mask_horizontal_edge_small_01.png' remapped 'res://assets/overworld/terrain_masks/mask_horizontal_edge_small_01.png' at thread -1
Loading resource: res://assets/overworld/tile_sand_generic.png remapped: res://assets/overworld/tile_sand_generic.png
Loading resource: res://.godot/imported/tile_sand_generic.png-60c3c38f8443909ef7829dddf4a7b4ec.ctex remapped: res://.godot/imported/tile_sand_generic.png-60c3c38f8443909ef7829dddf4a7b4ec.ctex
Completed load for: 'res://assets/overworld/tile_sand_generic.png' remapped 'res://assets/overworld/tile_sand_generic.png' at thread -1
Loading resource: res://assets/overworld/terrain_masks/mask_horizontal_edge_small_01.png remapped: res://assets/overworld/terrain_masks/mask_horizontal_edge_small_01.png
Loading resource: res://.godot/imported/mask_horizontal_edge_small_01.png-925c7a67195149bb83a41d96227ef297.ctex remapped: res://.godot/imported/mask_horizontal_edge_small_01.png-925c7a67195149bb83a41d96227ef297.ctex
Completed load for: 'res://assets/overworld/terrain_masks/mask_horizontal_edge_small_01.png' remapped 'res://assets/overworld/terrain_masks/mask_horizontal_edge_small_01.png' at thread -1
Loading resource: res://assets/overworld/terrain_masks/mask_horizontal_edge_small_01.png remapped: res://assets/overworld/terrain_masks/mask_horizontal_edge_small_01.png
Loading resource: res://.godot/imported/mask_horizontal_edge_small_01.png-925c7a67195149bb83a41d96227ef297.ctex remapped: res://.godot/imported/mask_horizontal_edge_small_01.png-925c7a67195149bb83a41d96227ef297.ctex
Completed load for: 'res://assets/overworld/terrain_masks/mask_horizontal_edge_small_01.png' remapped 'res://assets/overworld/terrain_masks/mask_horizontal_edge_small_01.png' at thread -1
Loading resource: res://assets/overworld/tile_sand_generic.png remapped: res://assets/overworld/tile_sand_generic.png
Loading resource: res://.godot/imported/tile_sand_generic.png-60c3c38f8443909ef7829dddf4a7b4ec.ctex remapped: res://.godot/imported/tile_sand_generic.png-60c3c38f8443909ef7829dddf4a7b4ec.ctex
Completed load for: 'res://assets/overworld/tile_sand_generic.png' remapped 'res://assets/overworld/tile_sand_generic.png' at thread -1
Loading resource: res://assets/overworld/terrain_masks/mask_horizontal_edge_small_01.png remapped: res://assets/overworld/terrain_masks/mask_horizontal_edge_small_01.png
Loading resource: res://.godot/imported/mask_horizontal_edge_small_01.png-925c7a67195149bb83a41d96227ef297.ctex remapped: res://.godot/imported/mask_horizontal_edge_small_01.png-925c7a67195149bb83a41d96227ef297.ctex
Completed load for: 'res://assets/overworld/terrain_masks/mask_horizontal_edge_small_01.png' remapped 'res://assets/overworld/terrain_masks/mask_horizontal_edge_small_01.png' at thread -1
Loading resource: res://assets/overworld/terrain_masks/mask_horizontal_edge_small_01.png remapped: res://assets/overworld/terrain_masks/mask_horizontal_edge_small_01.png
Loading resource: res://.godot/imported/mask_horizontal_edge_small_01.png-925c7a67195149bb83a41d96227ef297.ctex remapped: res://.godot/imported/mask_horizontal_edge_small_01.png-925c7a67195149bb83a41d96227ef297.ctex
Completed load for: 'res://assets/overworld/terrain_masks/mask_horizontal_edge_small_01.png' remapped 'res://assets/overworld/terrain_masks/mask_horizontal_edge_small_01.png' at thread -1
Loading resource: res://assets/overworld/tile_sand_generic.png remapped: res://assets/overworld/tile_sand_generic.png
Loading resource: res://.godot/imported/tile_sand_generic.png-60c3c38f8443909ef7829dddf4a7b4ec.ctex remapped: res://.godot/imported/tile_sand_generic.png-60c3c38f8443909ef7829dddf4a7b4ec.ctex
Completed load for: 'res://assets/overworld/tile_sand_generic.png' remapped 'res://assets/overworld/tile_sand_generic.png' at thread -1
Loading resource: res://assets/overworld/terrain_masks/mask_horizontal_edge_small_01.png remapped: res://assets/overworld/terrain_masks/mask_horizontal_edge_small_01.png
Loading resource: res://.godot/imported/mask_horizontal_edge_small_01.png-925c7a67195149bb83a41d96227ef297.ctex remapped: res://.godot/imported/mask_horizontal_edge_small_01.png-925c7a67195149bb83a41d96227ef297.ctex
Completed load for: 'res://assets/overworld/terrain_masks/mask_horizontal_edge_small_01.png' remapped 'res://assets/overworld/terrain_masks/mask_horizontal_edge_small_01.png' at thread -1
Loading resource: res://assets/overworld/tile_sand_generic.png remapped: res://assets/overworld/tile_sand_generic.png
Loading resource: res://.godot/imported/tile_sand_generic.png-60c3c38f8443909ef7829dddf4a7b4ec.ctex remapped: res://.godot/imported/tile_sand_generic.png-60c3c38f8443909ef7829dddf4a7b4ec.ctex
Completed load for: 'res://assets/overworld/tile_sand_generic.png' remapped 'res://assets/overworld/tile_sand_generic.png' at thread -1
Loading resource: res://assets/overworld/terrain_masks/mask_horizontal_edge_small_01.png remapped: res://assets/overworld/terrain_masks/mask_horizontal_edge_small_01.png
Loading resource: res://.godot/imported/mask_horizontal_edge_small_01.png-925c7a67195149bb83a41d96227ef297.ctex remapped: res://.godot/imported/mask_horizontal_edge_small_01.png-925c7a67195149bb83a41d96227ef297.ctex
Completed load for: 'res://assets/overworld/terrain_masks/mask_horizontal_edge_small_01.png' remapped 'res://assets/overworld/terrain_masks/mask_horizontal_edge_small_01.png' at thread -1
Loading resource: res://assets/overworld/tile_sand_generic.png remapped: res://assets/overworld/tile_sand_generic.png
Loading resource: res://.godot/imported/tile_sand_generic.png-60c3c38f8443909ef7829dddf4a7b4ec.ctex remapped: res://.godot/imported/tile_sand_generic.png-60c3c38f8443909ef7829dddf4a7b4ec.ctex
Completed load for: 'res://assets/overworld/tile_sand_generic.png' remapped 'res://assets/overworld/tile_sand_generic.png' at thread -1
Loading resource: res://assets/overworld/terrain_masks/mask_horizontal_edge_small_01.png remapped: res://assets/overworld/terrain_masks/mask_horizontal_edge_small_01.png
Loading resource: res://.godot/imported/mask_horizontal_edge_small_01.png-925c7a67195149bb83a41d96227ef297.ctex remapped: res://.godot/imported/mask_horizontal_edge_small_01.png-925c7a67195149bb83a41d96227ef297.ctex
Completed load for: 'res://assets/overworld/terrain_masks/mask_horizontal_edge_small_01.png' remapped 'res://assets/overworld/terrain_masks/mask_horizontal_edge_small_01.png' at thread -1
Loading resource: res://assets/overworld/tile_sand_generic.png remapped: res://assets/overworld/tile_sand_generic.png
Loading resource: res://.godot/imported/tile_sand_generic.png-60c3c38f8443909ef7829dddf4a7b4ec.ctex remapped: res://.godot/imported/tile_sand_generic.png-60c3c38f8443909ef7829dddf4a7b4ec.ctex
Completed load for: 'res://assets/overworld/tile_sand_generic.png' remapped 'res://assets/overworld/tile_sand_generic.png' at thread -1
Loading resource: res://assets/overworld/terrain_masks/mask_horizontal_edge_small_01.png remapped: res://assets/overworld/terrain_masks/mask_horizontal_edge_small_01.png
Loading resource: res://.godot/imported/mask_horizontal_edge_small_01.png-925c7a67195149bb83a41d96227ef297.ctex remapped: res://.godot/imported/mask_horizontal_edge_small_01.png-925c7a67195149bb83a41d96227ef297.ctex
Completed load for: 'res://assets/overworld/terrain_masks/mask_horizontal_edge_small_01.png' remapped 'res://assets/overworld/terrain_masks/mask_horizontal_edge_small_01.png' at thread -1
Loading resource: res://assets/overworld/tile_sand_generic.png remapped: res://assets/overworld/tile_sand_generic.png
Loading resource: res://.godot/imported/tile_sand_generic.png-60c3c38f8443909ef7829dddf4a7b4ec.ctex remapped: res://.godot/imported/tile_sand_generic.png-60c3c38f8443909ef7829dddf4a7b4ec.ctex
Completed load for: 'res://assets/overworld/tile_sand_generic.png' remapped 'res://assets/overworld/tile_sand_generic.png' at thread -1
Loading resource: res://assets/overworld/terrain_masks/mask_horizontal_edge_small_02.png remapped: res://assets/overworld/terrain_masks/mask_horizontal_edge_small_02.png
Loading resource: res://.godot/imported/mask_horizontal_edge_small_02.png-61f57c402c9b58e86f60eabe83a6eb85.ctex remapped: res://.godot/imported/mask_horizontal_edge_small_02.png-61f57c402c9b58e86f60eabe83a6eb85.ctex
Completed load for: 'res://assets/overworld/terrain_masks/mask_horizontal_edge_small_02.png' remapped 'res://assets/overworld/terrain_masks/mask_horizontal_edge_small_02.png' at thread -1
Loading resource: res://assets/overworld/terrain_masks/mask_horizontal_edge_small_02.png remapped: res://assets/overworld/terrain_masks/mask_horizontal_edge_small_02.png
Loading resource: res://.godot/imported/mask_horizontal_edge_small_02.png-61f57c402c9b58e86f60eabe83a6eb85.ctex remapped: res://.godot/imported/mask_horizontal_edge_small_02.png-61f57c402c9b58e86f60eabe83a6eb85.ctex
Completed load for: 'res://assets/overworld/terrain_masks/mask_horizontal_edge_small_02.png' remapped 'res://assets/overworld/terrain_masks/mask_horizontal_edge_small_02.png' at thread -1
Loading resource: res://assets/overworld/tile_sand_generic.png remapped: res://assets/overworld/tile_sand_generic.png
Loading resource: res://.godot/imported/tile_sand_generic.png-60c3c38f8443909ef7829dddf4a7b4ec.ctex remapped: res://.godot/imported/tile_sand_generic.png-60c3c38f8443909ef7829dddf4a7b4ec.ctex
Completed load for: 'res://assets/overworld/tile_sand_generic.png' remapped 'res://assets/overworld/tile_sand_generic.png' at thread -1
Loading resource: res://assets/overworld/terrain_masks/mask_horizontal_edge_small_02.png remapped: res://assets/overworld/terrain_masks/mask_horizontal_edge_small_02.png
Loading resource: res://.godot/imported/mask_horizontal_edge_small_02.png-61f57c402c9b58e86f60eabe83a6eb85.ctex remapped: res://.godot/imported/mask_horizontal_edge_small_02.png-61f57c402c9b58e86f60eabe83a6eb85.ctex
Completed load for: 'res://assets/overworld/terrain_masks/mask_horizontal_edge_small_02.png' remapped 'res://assets/overworld/terrain_masks/mask_horizontal_edge_small_02.png' at thread -1
Loading resource: res://assets/overworld/terrain_masks/mask_horizontal_edge_small_02.png remapped: res://assets/overworld/terrain_masks/mask_horizontal_edge_small_02.png
Loading resource: res://.godot/imported/mask_horizontal_edge_small_02.png-61f57c402c9b58e86f60eabe83a6eb85.ctex remapped: res://.godot/imported/mask_horizontal_edge_small_02.png-61f57c402c9b58e86f60eabe83a6eb85.ctex
Completed load for: 'res://assets/overworld/terrain_masks/mask_horizontal_edge_small_02.png' remapped 'res://assets/overworld/terrain_masks/mask_horizontal_edge_small_02.png' at thread -1
Loading resource: res://assets/overworld/tile_sand_generic.png remapped: res://assets/overworld/tile_sand_generic.png
Loading resource: res://.godot/imported/tile_sand_generic.png-60c3c38f8443909ef7829dddf4a7b4ec.ctex remapped: res://.godot/imported/tile_sand_generic.png-60c3c38f8443909ef7829dddf4a7b4ec.ctex
Completed load for: 'res://assets/overworld/tile_sand_generic.png' remapped 'res://assets/overworld/tile_sand_generic.png' at thread -1
Loading resource: res://assets/overworld/terrain_masks/mask_horizontal_edge_small_02.png remapped: res://assets/overworld/terrain_masks/mask_horizontal_edge_small_02.png
Loading resource: res://.godot/imported/mask_horizontal_edge_small_02.png-61f57c402c9b58e86f60eabe83a6eb85.ctex remapped: res://.godot/imported/mask_horizontal_edge_small_02.png-61f57c402c9b58e86f60eabe83a6eb85.ctex
Completed load for: 'res://assets/overworld/terrain_masks/mask_horizontal_edge_small_02.png' remapped 'res://assets/overworld/terrain_masks/mask_horizontal_edge_small_02.png' at thread -1
Loading resource: res://assets/overworld/terrain_masks/mask_horizontal_edge_small_02.png remapped: res://assets/overworld/terrain_masks/mask_horizontal_edge_small_02.png
Loading resource: res://.godot/imported/mask_horizontal_edge_small_02.png-61f57c402c9b58e86f60eabe83a6eb85.ctex remapped: res://.godot/imported/mask_horizontal_edge_small_02.png-61f57c402c9b58e86f60eabe83a6eb85.ctex
Completed load for: 'res://assets/overworld/terrain_masks/mask_horizontal_edge_small_02.png' remapped 'res://assets/overworld/terrain_masks/mask_horizontal_edge_small_02.png' at thread -1
Loading resource: res://assets/overworld/tile_sand_generic.png remapped: res://assets/overworld/tile_sand_generic.png
Loading resource: res://.godot/imported/tile_sand_generic.png-60c3c38f8443909ef7829dddf4a7b4ec.ctex remapped: res://.godot/imported/tile_sand_generic.png-60c3c38f8443909ef7829dddf4a7b4ec.ctex
Completed load for: 'res://assets/overworld/tile_sand_generic.png' remapped 'res://assets/overworld/tile_sand_generic.png' at thread -1
Loading resource: res://assets/overworld/terrain_masks/mask_horizontal_edge_small_02.png remapped: res://assets/overworld/terrain_masks/mask_horizontal_edge_small_02.png
Loading resource: res://.godot/imported/mask_horizontal_edge_small_02.png-61f57c402c9b58e86f60eabe83a6eb85.ctex remapped: res://.godot/imported/mask_horizontal_edge_small_02.png-61f57c402c9b58e86f60eabe83a6eb85.ctex
Completed load for: 'res://assets/overworld/terrain_masks/mask_horizontal_edge_small_02.png' remapped 'res://assets/overworld/terrain_masks/mask_horizontal_edge_small_02.png' at thread -1
Loading resource: res://assets/overworld/terrain_masks/mask_horizontal_edge_small_02.png remapped: res://assets/overworld/terrain_masks/mask_horizontal_edge_small_02.png
Loading resource: res://.godot/imported/mask_horizontal_edge_small_02.png-61f57c402c9b58e86f60eabe83a6eb85.ctex remapped: res://.godot/imported/mask_horizontal_edge_small_02.png-61f57c402c9b58e86f60eabe83a6eb85.ctex
Completed load for: 'res://assets/overworld/terrain_masks/mask_horizontal_edge_small_02.png' remapped 'res://assets/overworld/terrain_masks/mask_horizontal_edge_small_02.png' at thread -1
Loading resource: res://assets/overworld/tile_sand_generic.png remapped: res://assets/overworld/tile_sand_generic.png
Loading resource: res://.godot/imported/tile_sand_generic.png-60c3c38f8443909ef7829dddf4a7b4ec.ctex remapped: res://.godot/imported/tile_sand_generic.png-60c3c38f8443909ef7829dddf4a7b4ec.ctex
Completed load for: 'res://assets/overworld/tile_sand_generic.png' remapped 'res://assets/overworld/tile_sand_generic.png' at thread -1
Loading resource: res://assets/overworld/terrain_masks/mask_horizontal_edge_small_02.png remapped: res://assets/overworld/terrain_masks/mask_horizontal_edge_small_02.png
Loading resource: res://.godot/imported/mask_horizontal_edge_small_02.png-61f57c402c9b58e86f60eabe83a6eb85.ctex remapped: res://.godot/imported/mask_horizontal_edge_small_02.png-61f57c402c9b58e86f60eabe83a6eb85.ctex
Completed load for: 'res://assets/overworld/terrain_masks/mask_horizontal_edge_small_02.png' remapped 'res://assets/overworld/terrain_masks/mask_horizontal_edge_small_02.png' at thread -1
Loading resource: res://assets/overworld/tile_sand_generic.png remapped: res://assets/overworld/tile_sand_generic.png
Loading resource: res://.godot/imported/tile_sand_generic.png-60c3c38f8443909ef7829dddf4a7b4ec.ctex remapped: res://.godot/imported/tile_sand_generic.png-60c3c38f8443909ef7829dddf4a7b4ec.ctex
Completed load for: 'res://assets/overworld/tile_sand_generic.png' remapped 'res://assets/overworld/tile_sand_generic.png' at thread -1
Loading resource: res://assets/overworld/terrain_masks/mask_horizontal_edge_small_02.png remapped: res://assets/overworld/terrain_masks/mask_horizontal_edge_small_02.png
Loading resource: res://.godot/imported/mask_horizontal_edge_small_02.png-61f57c402c9b58e86f60eabe83a6eb85.ctex remapped: res://.godot/imported/mask_horizontal_edge_small_02.png-61f57c402c9b58e86f60eabe83a6eb85.ctex
Completed load for: 'res://assets/overworld/terrain_masks/mask_horizontal_edge_small_02.png' remapped 'res://assets/overworld/terrain_masks/mask_horizontal_edge_small_02.png' at thread -1
Loading resource: res://assets/overworld/tile_sand_generic.png remapped: res://assets/overworld/tile_sand_generic.png
Loading resource: res://.godot/imported/tile_sand_generic.png-60c3c38f8443909ef7829dddf4a7b4ec.ctex remapped: res://.godot/imported/tile_sand_generic.png-60c3c38f8443909ef7829dddf4a7b4ec.ctex
Completed load for: 'res://assets/overworld/tile_sand_generic.png' remapped 'res://assets/overworld/tile_sand_generic.png' at thread -1
Loading resource: res://assets/overworld/terrain_masks/mask_horizontal_edge_small_02.png remapped: res://assets/overworld/terrain_masks/mask_horizontal_edge_small_02.png
Loading resource: res://.godot/imported/mask_horizontal_edge_small_02.png-61f57c402c9b58e86f60eabe83a6eb85.ctex remapped: res://.godot/imported/mask_horizontal_edge_small_02.png-61f57c402c9b58e86f60eabe83a6eb85.ctex
Completed load for: 'res://assets/overworld/terrain_masks/mask_horizontal_edge_small_02.png' remapped 'res://assets/overworld/terrain_masks/mask_horizontal_edge_small_02.png' at thread -1
Loading resource: res://assets/overworld/tile_sand_generic.png remapped: res://assets/overworld/tile_sand_generic.png
Loading resource: res://.godot/imported/tile_sand_generic.png-60c3c38f8443909ef7829dddf4a7b4ec.ctex remapped: res://.godot/imported/tile_sand_generic.png-60c3c38f8443909ef7829dddf4a7b4ec.ctex
Completed load for: 'res://assets/overworld/tile_sand_generic.png' remapped 'res://assets/overworld/tile_sand_generic.png' at thread -1
Loading resource: res://assets/overworld/terrain_masks/mask_horizontal_edge_small_02.png remapped: res://assets/overworld/terrain_masks/mask_horizontal_edge_small_02.png
Loading resource: res://.godot/imported/mask_horizontal_edge_small_02.png-61f57c402c9b58e86f60eabe83a6eb85.ctex remapped: res://.godot/imported/mask_horizontal_edge_small_02.png-61f57c402c9b58e86f60eabe83a6eb85.ctex
Completed load for: 'res://assets/overworld/terrain_masks/mask_horizontal_edge_small_02.png' remapped 'res://assets/overworld/terrain_masks/mask_horizontal_edge_small_02.png' at thread -1
Loading resource: res://assets/overworld/tile_sand_generic.png remapped: res://assets/overworld/tile_sand_generic.png
Loading resource: res://.godot/imported/tile_sand_generic.png-60c3c38f8443909ef7829dddf4a7b4ec.ctex remapped: res://.godot/imported/tile_sand_generic.png-60c3c38f8443909ef7829dddf4a7b4ec.ctex
Completed load for: 'res://assets/overworld/tile_sand_generic.png' remapped 'res://assets/overworld/tile_sand_generic.png' at thread -1
Loading resource: res://assets/overworld/terrain_masks/mask_horizontal_edge_small_03.png remapped: res://assets/overworld/terrain_masks/mask_horizontal_edge_small_03.png
Loading resource: res://.godot/imported/mask_horizontal_edge_small_03.png-2d3a294dad3e365ea5b1d80f8273cb53.ctex remapped: res://.godot/imported/mask_horizontal_edge_small_03.png-2d3a294dad3e365ea5b1d80f8273cb53.ctex
Completed load for: 'res://assets/overworld/terrain_masks/mask_horizontal_edge_small_03.png' remapped 'res://assets/overworld/terrain_masks/mask_horizontal_edge_small_03.png' at thread -1
Loading resource: res://assets/overworld/terrain_masks/mask_horizontal_edge_small_03.png remapped: res://assets/overworld/terrain_masks/mask_horizontal_edge_small_03.png
Loading resource: res://.godot/imported/mask_horizontal_edge_small_03.png-2d3a294dad3e365ea5b1d80f8273cb53.ctex remapped: res://.godot/imported/mask_horizontal_edge_small_03.png-2d3a294dad3e365ea5b1d80f8273cb53.ctex
Completed load for: 'res://assets/overworld/terrain_masks/mask_horizontal_edge_small_03.png' remapped 'res://assets/overworld/terrain_masks/mask_horizontal_edge_small_03.png' at thread -1
Loading resource: res://assets/overworld/tile_sand_generic.png remapped: res://assets/overworld/tile_sand_generic.png
Loading resource: res://.godot/imported/tile_sand_generic.png-60c3c38f8443909ef7829dddf4a7b4ec.ctex remapped: res://.godot/imported/tile_sand_generic.png-60c3c38f8443909ef7829dddf4a7b4ec.ctex
Completed load for: 'res://assets/overworld/tile_sand_generic.png' remapped 'res://assets/overworld/tile_sand_generic.png' at thread -1
Loading resource: res://assets/overworld/terrain_masks/mask_horizontal_edge_small_03.png remapped: res://assets/overworld/terrain_masks/mask_horizontal_edge_small_03.png
Loading resource: res://.godot/imported/mask_horizontal_edge_small_03.png-2d3a294dad3e365ea5b1d80f8273cb53.ctex remapped: res://.godot/imported/mask_horizontal_edge_small_03.png-2d3a294dad3e365ea5b1d80f8273cb53.ctex
Completed load for: 'res://assets/overworld/terrain_masks/mask_horizontal_edge_small_03.png' remapped 'res://assets/overworld/terrain_masks/mask_horizontal_edge_small_03.png' at thread -1
Loading resource: res://assets/overworld/terrain_masks/mask_horizontal_edge_small_03.png remapped: res://assets/overworld/terrain_masks/mask_horizontal_edge_small_03.png
Loading resource: res://.godot/imported/mask_horizontal_edge_small_03.png-2d3a294dad3e365ea5b1d80f8273cb53.ctex remapped: res://.godot/imported/mask_horizontal_edge_small_03.png-2d3a294dad3e365ea5b1d80f8273cb53.ctex
Completed load for: 'res://assets/overworld/terrain_masks/mask_horizontal_edge_small_03.png' remapped 'res://assets/overworld/terrain_masks/mask_horizontal_edge_small_03.png' at thread -1
Loading resource: res://assets/overworld/tile_sand_generic.png remapped: res://assets/overworld/tile_sand_generic.png
Loading resource: res://.godot/imported/tile_sand_generic.png-60c3c38f8443909ef7829dddf4a7b4ec.ctex remapped: res://.godot/imported/tile_sand_generic.png-60c3c38f8443909ef7829dddf4a7b4ec.ctex
Completed load for: 'res://assets/overworld/tile_sand_generic.png' remapped 'res://assets/overworld/tile_sand_generic.png' at thread -1
Loading resource: res://assets/overworld/terrain_masks/mask_horizontal_edge_small_03.png remapped: res://assets/overworld/terrain_masks/mask_horizontal_edge_small_03.png
Loading resource: res://.godot/imported/mask_horizontal_edge_small_03.png-2d3a294dad3e365ea5b1d80f8273cb53.ctex remapped: res://.godot/imported/mask_horizontal_edge_small_03.png-2d3a294dad3e365ea5b1d80f8273cb53.ctex
Completed load for: 'res://assets/overworld/terrain_masks/mask_horizontal_edge_small_03.png' remapped 'res://assets/overworld/terrain_masks/mask_horizontal_edge_small_03.png' at thread -1
Loading resource: res://assets/overworld/terrain_masks/mask_horizontal_edge_small_03.png remapped: res://assets/overworld/terrain_masks/mask_horizontal_edge_small_03.png
Loading resource: res://.godot/imported/mask_horizontal_edge_small_03.png-2d3a294dad3e365ea5b1d80f8273cb53.ctex remapped: res://.godot/imported/mask_horizontal_edge_small_03.png-2d3a294dad3e365ea5b1d80f8273cb53.ctex
Completed load for: 'res://assets/overworld/terrain_masks/mask_horizontal_edge_small_03.png' remapped 'res://assets/overworld/terrain_masks/mask_horizontal_edge_small_03.png' at thread -1
Loading resource: res://assets/overworld/tile_sand_generic.png remapped: res://assets/overworld/tile_sand_generic.png
Loading resource: res://.godot/imported/tile_sand_generic.png-60c3c38f8443909ef7829dddf4a7b4ec.ctex remapped: res://.godot/imported/tile_sand_generic.png-60c3c38f8443909ef7829dddf4a7b4ec.ctex
Completed load for: 'res://assets/overworld/tile_sand_generic.png' remapped 'res://assets/overworld/tile_sand_generic.png' at thread -1
Loading resource: res://assets/overworld/terrain_masks/mask_horizontal_edge_small_03.png remapped: res://assets/overworld/terrain_masks/mask_horizontal_edge_small_03.png
Loading resource: res://.godot/imported/mask_horizontal_edge_small_03.png-2d3a294dad3e365ea5b1d80f8273cb53.ctex remapped: res://.godot/imported/mask_horizontal_edge_small_03.png-2d3a294dad3e365ea5b1d80f8273cb53.ctex
Completed load for: 'res://assets/overworld/terrain_masks/mask_horizontal_edge_small_03.png' remapped 'res://assets/overworld/terrain_masks/mask_horizontal_edge_small_03.png' at thread -1
Loading resource: res://assets/overworld/terrain_masks/mask_horizontal_edge_small_03.png remapped: res://assets/overworld/terrain_masks/mask_horizontal_edge_small_03.png
Loading resource: res://.godot/imported/mask_horizontal_edge_small_03.png-2d3a294dad3e365ea5b1d80f8273cb53.ctex remapped: res://.godot/imported/mask_horizontal_edge_small_03.png-2d3a294dad3e365ea5b1d80f8273cb53.ctex
Completed load for: 'res://assets/overworld/terrain_masks/mask_horizontal_edge_small_03.png' remapped 'res://assets/overworld/terrain_masks/mask_horizontal_edge_small_03.png' at thread -1
Loading resource: res://assets/overworld/tile_sand_generic.png remapped: res://assets/overworld/tile_sand_generic.png
Loading resource: res://.godot/imported/tile_sand_generic.png-60c3c38f8443909ef7829dddf4a7b4ec.ctex remapped: res://.godot/imported/tile_sand_generic.png-60c3c38f8443909ef7829dddf4a7b4ec.ctex
Completed load for: 'res://assets/overworld/tile_sand_generic.png' remapped 'res://assets/overworld/tile_sand_generic.png' at thread -1
Loading resource: res://assets/overworld/terrain_masks/mask_horizontal_edge_small_03.png remapped: res://assets/overworld/terrain_masks/mask_horizontal_edge_small_03.png
Loading resource: res://.godot/imported/mask_horizontal_edge_small_03.png-2d3a294dad3e365ea5b1d80f8273cb53.ctex remapped: res://.godot/imported/mask_horizontal_edge_small_03.png-2d3a294dad3e365ea5b1d80f8273cb53.ctex
Completed load for: 'res://assets/overworld/terrain_masks/mask_horizontal_edge_small_03.png' remapped 'res://assets/overworld/terrain_masks/mask_horizontal_edge_small_03.png' at thread -1
Loading resource: res://assets/overworld/tile_sand_generic.png remapped: res://assets/overworld/tile_sand_generic.png
Loading resource: res://.godot/imported/tile_sand_generic.png-60c3c38f8443909ef7829dddf4a7b4ec.ctex remapped: res://.godot/imported/tile_sand_generic.png-60c3c38f8443909ef7829dddf4a7b4ec.ctex
Completed load for: 'res://assets/overworld/tile_sand_generic.png' remapped 'res://assets/overworld/tile_sand_generic.png' at thread -1
Loading resource: res://assets/overworld/terrain_masks/mask_horizontal_edge_small_03.png remapped: res://assets/overworld/terrain_masks/mask_horizontal_edge_small_03.png
Loading resource: res://.godot/imported/mask_horizontal_edge_small_03.png-2d3a294dad3e365ea5b1d80f8273cb53.ctex remapped: res://.godot/imported/mask_horizontal_edge_small_03.png-2d3a294dad3e365ea5b1d80f8273cb53.ctex
Completed load for: 'res://assets/overworld/terrain_masks/mask_horizontal_edge_small_03.png' remapped 'res://assets/overworld/terrain_masks/mask_horizontal_edge_small_03.png' at thread -1
Loading resource: res://assets/overworld/tile_sand_generic.png remapped: res://assets/overworld/tile_sand_generic.png
Loading resource: res://.godot/imported/tile_sand_generic.png-60c3c38f8443909ef7829dddf4a7b4ec.ctex remapped: res://.godot/imported/tile_sand_generic.png-60c3c38f8443909ef7829dddf4a7b4ec.ctex
Completed load for: 'res://assets/overworld/tile_sand_generic.png' remapped 'res://assets/overworld/tile_sand_generic.png' at thread -1
Loading resource: res://assets/overworld/terrain_masks/mask_horizontal_edge_small_03.png remapped: res://assets/overworld/terrain_masks/mask_horizontal_edge_small_03.png
Loading resource: res://.godot/imported/mask_horizontal_edge_small_03.png-2d3a294dad3e365ea5b1d80f8273cb53.ctex remapped: res://.godot/imported/mask_horizontal_edge_small_03.png-2d3a294dad3e365ea5b1d80f8273cb53.ctex
Completed load for: 'res://assets/overworld/terrain_masks/mask_horizontal_edge_small_03.png' remapped 'res://assets/overworld/terrain_masks/mask_horizontal_edge_small_03.png' at thread -1
Loading resource: res://assets/overworld/tile_sand_generic.png remapped: res://assets/overworld/tile_sand_generic.png
Loading resource: res://.godot/imported/tile_sand_generic.png-60c3c38f8443909ef7829dddf4a7b4ec.ctex remapped: res://.godot/imported/tile_sand_generic.png-60c3c38f8443909ef7829dddf4a7b4ec.ctex
Completed load for: 'res://assets/overworld/tile_sand_generic.png' remapped 'res://assets/overworld/tile_sand_generic.png' at thread -1
Loading resource: res://assets/overworld/terrain_masks/mask_horizontal_edge_small_03.png remapped: res://assets/overworld/terrain_masks/mask_horizontal_edge_small_03.png
Loading resource: res://.godot/imported/mask_horizontal_edge_small_03.png-2d3a294dad3e365ea5b1d80f8273cb53.ctex remapped: res://.godot/imported/mask_horizontal_edge_small_03.png-2d3a294dad3e365ea5b1d80f8273cb53.ctex
Completed load for: 'res://assets/overworld/terrain_masks/mask_horizontal_edge_small_03.png' remapped 'res://assets/overworld/terrain_masks/mask_horizontal_edge_small_03.png' at thread -1
Loading resource: res://assets/overworld/tile_sand_generic.png remapped: res://assets/overworld/tile_sand_generic.png
Loading resource: res://.godot/imported/tile_sand_generic.png-60c3c38f8443909ef7829dddf4a7b4ec.ctex remapped: res://.godot/imported/tile_sand_generic.png-60c3c38f8443909ef7829dddf4a7b4ec.ctex
Completed load for: 'res://assets/overworld/tile_sand_generic.png' remapped 'res://assets/overworld/tile_sand_generic.png' at thread -1
Loading resource: res://assets/overworld/terrain_masks/mask_horizontal_edge_small_04.png remapped: res://assets/overworld/terrain_masks/mask_horizontal_edge_small_04.png
Loading resource: res://.godot/imported/mask_horizontal_edge_small_04.png-f6eb9f7dd81706a6c39aef25ebafe884.ctex remapped: res://.godot/imported/mask_horizontal_edge_small_04.png-f6eb9f7dd81706a6c39aef25ebafe884.ctex
Completed load for: 'res://assets/overworld/terrain_masks/mask_horizontal_edge_small_04.png' remapped 'res://assets/overworld/terrain_masks/mask_horizontal_edge_small_04.png' at thread -1
Loading resource: res://assets/overworld/terrain_masks/mask_horizontal_edge_small_04.png remapped: res://assets/overworld/terrain_masks/mask_horizontal_edge_small_04.png
Loading resource: res://.godot/imported/mask_horizontal_edge_small_04.png-f6eb9f7dd81706a6c39aef25ebafe884.ctex remapped: res://.godot/imported/mask_horizontal_edge_small_04.png-f6eb9f7dd81706a6c39aef25ebafe884.ctex
Completed load for: 'res://assets/overworld/terrain_masks/mask_horizontal_edge_small_04.png' remapped 'res://assets/overworld/terrain_masks/mask_horizontal_edge_small_04.png' at thread -1
Loading resource: res://assets/overworld/tile_sand_generic.png remapped: res://assets/overworld/tile_sand_generic.png
Loading resource: res://.godot/imported/tile_sand_generic.png-60c3c38f8443909ef7829dddf4a7b4ec.ctex remapped: res://.godot/imported/tile_sand_generic.png-60c3c38f8443909ef7829dddf4a7b4ec.ctex
Completed load for: 'res://assets/overworld/tile_sand_generic.png' remapped 'res://assets/overworld/tile_sand_generic.png' at thread -1
Loading resource: res://assets/overworld/terrain_masks/mask_horizontal_edge_small_04.png remapped: res://assets/overworld/terrain_masks/mask_horizontal_edge_small_04.png
Loading resource: res://.godot/imported/mask_horizontal_edge_small_04.png-f6eb9f7dd81706a6c39aef25ebafe884.ctex remapped: res://.godot/imported/mask_horizontal_edge_small_04.png-f6eb9f7dd81706a6c39aef25ebafe884.ctex
Completed load for: 'res://assets/overworld/terrain_masks/mask_horizontal_edge_small_04.png' remapped 'res://assets/overworld/terrain_masks/mask_horizontal_edge_small_04.png' at thread -1
Loading resource: res://assets/overworld/terrain_masks/mask_horizontal_edge_small_04.png remapped: res://assets/overworld/terrain_masks/mask_horizontal_edge_small_04.png
Loading resource: res://.godot/imported/mask_horizontal_edge_small_04.png-f6eb9f7dd81706a6c39aef25ebafe884.ctex remapped: res://.godot/imported/mask_horizontal_edge_small_04.png-f6eb9f7dd81706a6c39aef25ebafe884.ctex
Completed load for: 'res://assets/overworld/terrain_masks/mask_horizontal_edge_small_04.png' remapped 'res://assets/overworld/terrain_masks/mask_horizontal_edge_small_04.png' at thread -1
Loading resource: res://assets/overworld/tile_sand_generic.png remapped: res://assets/overworld/tile_sand_generic.png
Loading resource: res://.godot/imported/tile_sand_generic.png-60c3c38f8443909ef7829dddf4a7b4ec.ctex remapped: res://.godot/imported/tile_sand_generic.png-60c3c38f8443909ef7829dddf4a7b4ec.ctex
Completed load for: 'res://assets/overworld/tile_sand_generic.png' remapped 'res://assets/overworld/tile_sand_generic.png' at thread -1
Loading resource: res://assets/overworld/terrain_masks/mask_horizontal_edge_small_04.png remapped: res://assets/overworld/terrain_masks/mask_horizontal_edge_small_04.png
Loading resource: res://.godot/imported/mask_horizontal_edge_small_04.png-f6eb9f7dd81706a6c39aef25ebafe884.ctex remapped: res://.godot/imported/mask_horizontal_edge_small_04.png-f6eb9f7dd81706a6c39aef25ebafe884.ctex
Completed load for: 'res://assets/overworld/terrain_masks/mask_horizontal_edge_small_04.png' remapped 'res://assets/overworld/terrain_masks/mask_horizontal_edge_small_04.png' at thread -1
Loading resource: res://assets/overworld/terrain_masks/mask_horizontal_edge_small_04.png remapped: res://assets/overworld/terrain_masks/mask_horizontal_edge_small_04.png
Loading resource: res://.godot/imported/mask_horizontal_edge_small_04.png-f6eb9f7dd81706a6c39aef25ebafe884.ctex remapped: res://.godot/imported/mask_horizontal_edge_small_04.png-f6eb9f7dd81706a6c39aef25ebafe884.ctex
Completed load for: 'res://assets/overworld/terrain_masks/mask_horizontal_edge_small_04.png' remapped 'res://assets/overworld/terrain_masks/mask_horizontal_edge_small_04.png' at thread -1
Loading resource: res://assets/overworld/tile_sand_generic.png remapped: res://assets/overworld/tile_sand_generic.png
Loading resource: res://.godot/imported/tile_sand_generic.png-60c3c38f8443909ef7829dddf4a7b4ec.ctex remapped: res://.godot/imported/tile_sand_generic.png-60c3c38f8443909ef7829dddf4a7b4ec.ctex
Completed load for: 'res://assets/overworld/tile_sand_generic.png' remapped 'res://assets/overworld/tile_sand_generic.png' at thread -1
Loading resource: res://assets/overworld/terrain_masks/mask_horizontal_edge_small_04.png remapped: res://assets/overworld/terrain_masks/mask_horizontal_edge_small_04.png
Loading resource: res://.godot/imported/mask_horizontal_edge_small_04.png-f6eb9f7dd81706a6c39aef25ebafe884.ctex remapped: res://.godot/imported/mask_horizontal_edge_small_04.png-f6eb9f7dd81706a6c39aef25ebafe884.ctex
Completed load for: 'res://assets/overworld/terrain_masks/mask_horizontal_edge_small_04.png' remapped 'res://assets/overworld/terrain_masks/mask_horizontal_edge_small_04.png' at thread -1
Loading resource: res://assets/overworld/terrain_masks/mask_horizontal_edge_small_04.png remapped: res://assets/overworld/terrain_masks/mask_horizontal_edge_small_04.png
Loading resource: res://.godot/imported/mask_horizontal_edge_small_04.png-f6eb9f7dd81706a6c39aef25ebafe884.ctex remapped: res://.godot/imported/mask_horizontal_edge_small_04.png-f6eb9f7dd81706a6c39aef25ebafe884.ctex
Completed load for: 'res://assets/overworld/terrain_masks/mask_horizontal_edge_small_04.png' remapped 'res://assets/overworld/terrain_masks/mask_horizontal_edge_small_04.png' at thread -1
Loading resource: res://assets/overworld/tile_sand_generic.png remapped: res://assets/overworld/tile_sand_generic.png
Loading resource: res://.godot/imported/tile_sand_generic.png-60c3c38f8443909ef7829dddf4a7b4ec.ctex remapped: res://.godot/imported/tile_sand_generic.png-60c3c38f8443909ef7829dddf4a7b4ec.ctex
Completed load for: 'res://assets/overworld/tile_sand_generic.png' remapped 'res://assets/overworld/tile_sand_generic.png' at thread -1
Loading resource: res://assets/overworld/terrain_masks/mask_horizontal_edge_small_04.png remapped: res://assets/overworld/terrain_masks/mask_horizontal_edge_small_04.png
Loading resource: res://.godot/imported/mask_horizontal_edge_small_04.png-f6eb9f7dd81706a6c39aef25ebafe884.ctex remapped: res://.godot/imported/mask_horizontal_edge_small_04.png-f6eb9f7dd81706a6c39aef25ebafe884.ctex
Completed load for: 'res://assets/overworld/terrain_masks/mask_horizontal_edge_small_04.png' remapped 'res://assets/overworld/terrain_masks/mask_horizontal_edge_small_04.png' at thread -1
Loading resource: res://assets/overworld/tile_sand_generic.png remapped: res://assets/overworld/tile_sand_generic.png
Loading resource: res://.godot/imported/tile_sand_generic.png-60c3c38f8443909ef7829dddf4a7b4ec.ctex remapped: res://.godot/imported/tile_sand_generic.png-60c3c38f8443909ef7829dddf4a7b4ec.ctex
Completed load for: 'res://assets/overworld/tile_sand_generic.png' remapped 'res://assets/overworld/tile_sand_generic.png' at thread -1
Loading resource: res://assets/overworld/terrain_masks/mask_horizontal_edge_small_04.png remapped: res://assets/overworld/terrain_masks/mask_horizontal_edge_small_04.png
Loading resource: res://.godot/imported/mask_horizontal_edge_small_04.png-f6eb9f7dd81706a6c39aef25ebafe884.ctex remapped: res://.godot/imported/mask_horizontal_edge_small_04.png-f6eb9f7dd81706a6c39aef25ebafe884.ctex
Completed load for: 'res://assets/overworld/terrain_masks/mask_horizontal_edge_small_04.png' remapped 'res://assets/overworld/terrain_masks/mask_horizontal_edge_small_04.png' at thread -1
Loading resource: res://assets/overworld/tile_sand_generic.png remapped: res://assets/overworld/tile_sand_generic.png
Loading resource: res://.godot/imported/tile_sand_generic.png-60c3c38f8443909ef7829dddf4a7b4ec.ctex remapped: res://.godot/imported/tile_sand_generic.png-60c3c38f8443909ef7829dddf4a7b4ec.ctex
Completed load for: 'res://assets/overworld/tile_sand_generic.png' remapped 'res://assets/overworld/tile_sand_generic.png' at thread -1
Loading resource: res://assets/overworld/terrain_masks/mask_horizontal_edge_small_04.png remapped: res://assets/overworld/terrain_masks/mask_horizontal_edge_small_04.png
Loading resource: res://.godot/imported/mask_horizontal_edge_small_04.png-f6eb9f7dd81706a6c39aef25ebafe884.ctex remapped: res://.godot/imported/mask_horizontal_edge_small_04.png-f6eb9f7dd81706a6c39aef25ebafe884.ctex
Completed load for: 'res://assets/overworld/terrain_masks/mask_horizontal_edge_small_04.png' remapped 'res://assets/overworld/terrain_masks/mask_horizontal_edge_small_04.png' at thread -1
Loading resource: res://assets/overworld/tile_sand_generic.png remapped: res://assets/overworld/tile_sand_generic.png
Loading resource: res://.godot/imported/tile_sand_generic.png-60c3c38f8443909ef7829dddf4a7b4ec.ctex remapped: res://.godot/imported/tile_sand_generic.png-60c3c38f8443909ef7829dddf4a7b4ec.ctex
Completed load for: 'res://assets/overworld/tile_sand_generic.png' remapped 'res://assets/overworld/tile_sand_generic.png' at thread -1
Loading resource: res://assets/overworld/terrain_masks/mask_horizontal_edge_small_04.png remapped: res://assets/overworld/terrain_masks/mask_horizontal_edge_small_04.png
Loading resource: res://.godot/imported/mask_horizontal_edge_small_04.png-f6eb9f7dd81706a6c39aef25ebafe884.ctex remapped: res://.godot/imported/mask_horizontal_edge_small_04.png-f6eb9f7dd81706a6c39aef25ebafe884.ctex
Completed load for: 'res://assets/overworld/terrain_masks/mask_horizontal_edge_small_04.png' remapped 'res://assets/overworld/terrain_masks/mask_horizontal_edge_small_04.png' at thread -1
Loading resource: res://assets/overworld/tile_sand_generic.png remapped: res://assets/overworld/tile_sand_generic.png
Loading resource: res://.godot/imported/tile_sand_generic.png-60c3c38f8443909ef7829dddf4a7b4ec.ctex remapped: res://.godot/imported/tile_sand_generic.png-60c3c38f8443909ef7829dddf4a7b4ec.ctex
Completed load for: 'res://assets/overworld/tile_sand_generic.png' remapped 'res://assets/overworld/tile_sand_generic.png' at thread -1
Loading resource: res://assets/overworld/terrain_masks/mask_corner_concave_small_00.png remapped: res://assets/overworld/terrain_masks/mask_corner_concave_small_00.png
Loading resource: res://.godot/imported/mask_corner_concave_small_00.png-fd54bf36b77e0dee7f6acdc864c39c6b.ctex remapped: res://.godot/imported/mask_corner_concave_small_00.png-fd54bf36b77e0dee7f6acdc864c39c6b.ctex
Completed load for: 'res://assets/overworld/terrain_masks/mask_corner_concave_small_00.png' remapped 'res://assets/overworld/terrain_masks/mask_corner_concave_small_00.png' at thread -1
Loading resource: res://assets/overworld/terrain_masks/mask_corner_concave_small_00.png remapped: res://assets/overworld/terrain_masks/mask_corner_concave_small_00.png
Loading resource: res://.godot/imported/mask_corner_concave_small_00.png-fd54bf36b77e0dee7f6acdc864c39c6b.ctex remapped: res://.godot/imported/mask_corner_concave_small_00.png-fd54bf36b77e0dee7f6acdc864c39c6b.ctex
Completed load for: 'res://assets/overworld/terrain_masks/mask_corner_concave_small_00.png' remapped 'res://assets/overworld/terrain_masks/mask_corner_concave_small_00.png' at thread -1
Loading resource: res://assets/overworld/tile_sand_generic.png remapped: res://assets/overworld/tile_sand_generic.png
Loading resource: res://.godot/imported/tile_sand_generic.png-60c3c38f8443909ef7829dddf4a7b4ec.ctex remapped: res://.godot/imported/tile_sand_generic.png-60c3c38f8443909ef7829dddf4a7b4ec.ctex
Completed load for: 'res://assets/overworld/tile_sand_generic.png' remapped 'res://assets/overworld/tile_sand_generic.png' at thread -1
Loading resource: res://assets/overworld/terrain_masks/mask_corner_concave_small_00.png remapped: res://assets/overworld/terrain_masks/mask_corner_concave_small_00.png
Loading resource: res://.godot/imported/mask_corner_concave_small_00.png-fd54bf36b77e0dee7f6acdc864c39c6b.ctex remapped: res://.godot/imported/mask_corner_concave_small_00.png-fd54bf36b77e0dee7f6acdc864c39c6b.ctex
Completed load for: 'res://assets/overworld/terrain_masks/mask_corner_concave_small_00.png' remapped 'res://assets/overworld/terrain_masks/mask_corner_concave_small_00.png' at thread -1
Loading resource: res://assets/overworld/terrain_masks/mask_corner_concave_small_00.png remapped: res://assets/overworld/terrain_masks/mask_corner_concave_small_00.png
Loading resource: res://.godot/imported/mask_corner_concave_small_00.png-fd54bf36b77e0dee7f6acdc864c39c6b.ctex remapped: res://.godot/imported/mask_corner_concave_small_00.png-fd54bf36b77e0dee7f6acdc864c39c6b.ctex
Completed load for: 'res://assets/overworld/terrain_masks/mask_corner_concave_small_00.png' remapped 'res://assets/overworld/terrain_masks/mask_corner_concave_small_00.png' at thread -1
Loading resource: res://assets/overworld/tile_sand_generic.png remapped: res://assets/overworld/tile_sand_generic.png
Loading resource: res://.godot/imported/tile_sand_generic.png-60c3c38f8443909ef7829dddf4a7b4ec.ctex remapped: res://.godot/imported/tile_sand_generic.png-60c3c38f8443909ef7829dddf4a7b4ec.ctex
Completed load for: 'res://assets/overworld/tile_sand_generic.png' remapped 'res://assets/overworld/tile_sand_generic.png' at thread -1
Loading resource: res://assets/overworld/terrain_masks/mask_corner_concave_small_00.png remapped: res://assets/overworld/terrain_masks/mask_corner_concave_small_00.png
Loading resource: res://.godot/imported/mask_corner_concave_small_00.png-fd54bf36b77e0dee7f6acdc864c39c6b.ctex remapped: res://.godot/imported/mask_corner_concave_small_00.png-fd54bf36b77e0dee7f6acdc864c39c6b.ctex
Completed load for: 'res://assets/overworld/terrain_masks/mask_corner_concave_small_00.png' remapped 'res://assets/overworld/terrain_masks/mask_corner_concave_small_00.png' at thread -1
Loading resource: res://assets/overworld/terrain_masks/mask_corner_concave_small_00.png remapped: res://assets/overworld/terrain_masks/mask_corner_concave_small_00.png
Loading resource: res://.godot/imported/mask_corner_concave_small_00.png-fd54bf36b77e0dee7f6acdc864c39c6b.ctex remapped: res://.godot/imported/mask_corner_concave_small_00.png-fd54bf36b77e0dee7f6acdc864c39c6b.ctex
Completed load for: 'res://assets/overworld/terrain_masks/mask_corner_concave_small_00.png' remapped 'res://assets/overworld/terrain_masks/mask_corner_concave_small_00.png' at thread -1
Loading resource: res://assets/overworld/tile_sand_generic.png remapped: res://assets/overworld/tile_sand_generic.png
Loading resource: res://.godot/imported/tile_sand_generic.png-60c3c38f8443909ef7829dddf4a7b4ec.ctex remapped: res://.godot/imported/tile_sand_generic.png-60c3c38f8443909ef7829dddf4a7b4ec.ctex
Completed load for: 'res://assets/overworld/tile_sand_generic.png' remapped 'res://assets/overworld/tile_sand_generic.png' at thread -1
Loading resource: res://assets/overworld/terrain_masks/mask_corner_concave_small_00.png remapped: res://assets/overworld/terrain_masks/mask_corner_concave_small_00.png
Loading resource: res://.godot/imported/mask_corner_concave_small_00.png-fd54bf36b77e0dee7f6acdc864c39c6b.ctex remapped: res://.godot/imported/mask_corner_concave_small_00.png-fd54bf36b77e0dee7f6acdc864c39c6b.ctex
Completed load for: 'res://assets/overworld/terrain_masks/mask_corner_concave_small_00.png' remapped 'res://assets/overworld/terrain_masks/mask_corner_concave_small_00.png' at thread -1
Loading resource: res://assets/overworld/terrain_masks/mask_corner_concave_small_00.png remapped: res://assets/overworld/terrain_masks/mask_corner_concave_small_00.png
Loading resource: res://.godot/imported/mask_corner_concave_small_00.png-fd54bf36b77e0dee7f6acdc864c39c6b.ctex remapped: res://.godot/imported/mask_corner_concave_small_00.png-fd54bf36b77e0dee7f6acdc864c39c6b.ctex
Completed load for: 'res://assets/overworld/terrain_masks/mask_corner_concave_small_00.png' remapped 'res://assets/overworld/terrain_masks/mask_corner_concave_small_00.png' at thread -1
Loading resource: res://assets/overworld/tile_sand_generic.png remapped: res://assets/overworld/tile_sand_generic.png
Loading resource: res://.godot/imported/tile_sand_generic.png-60c3c38f8443909ef7829dddf4a7b4ec.ctex remapped: res://.godot/imported/tile_sand_generic.png-60c3c38f8443909ef7829dddf4a7b4ec.ctex
Completed load for: 'res://assets/overworld/tile_sand_generic.png' remapped 'res://assets/overworld/tile_sand_generic.png' at thread -1
Loading resource: res://assets/overworld/terrain_masks/mask_corner_concave_small_00.png remapped: res://assets/overworld/terrain_masks/mask_corner_concave_small_00.png
Loading resource: res://.godot/imported/mask_corner_concave_small_00.png-fd54bf36b77e0dee7f6acdc864c39c6b.ctex remapped: res://.godot/imported/mask_corner_concave_small_00.png-fd54bf36b77e0dee7f6acdc864c39c6b.ctex
Completed load for: 'res://assets/overworld/terrain_masks/mask_corner_concave_small_00.png' remapped 'res://assets/overworld/terrain_masks/mask_corner_concave_small_00.png' at thread -1
Loading resource: res://assets/overworld/tile_sand_generic.png remapped: res://assets/overworld/tile_sand_generic.png
Loading resource: res://.godot/imported/tile_sand_generic.png-60c3c38f8443909ef7829dddf4a7b4ec.ctex remapped: res://.godot/imported/tile_sand_generic.png-60c3c38f8443909ef7829dddf4a7b4ec.ctex
Completed load for: 'res://assets/overworld/tile_sand_generic.png' remapped 'res://assets/overworld/tile_sand_generic.png' at thread -1
Loading resource: res://assets/overworld/terrain_masks/mask_corner_concave_small_00.png remapped: res://assets/overworld/terrain_masks/mask_corner_concave_small_00.png
Loading resource: res://.godot/imported/mask_corner_concave_small_00.png-fd54bf36b77e0dee7f6acdc864c39c6b.ctex remapped: res://.godot/imported/mask_corner_concave_small_00.png-fd54bf36b77e0dee7f6acdc864c39c6b.ctex
Completed load for: 'res://assets/overworld/terrain_masks/mask_corner_concave_small_00.png' remapped 'res://assets/overworld/terrain_masks/mask_corner_concave_small_00.png' at thread -1
Loading resource: res://assets/overworld/tile_sand_generic.png remapped: res://assets/overworld/tile_sand_generic.png
Loading resource: res://.godot/imported/tile_sand_generic.png-60c3c38f8443909ef7829dddf4a7b4ec.ctex remapped: res://.godot/imported/tile_sand_generic.png-60c3c38f8443909ef7829dddf4a7b4ec.ctex
Completed load for: 'res://assets/overworld/tile_sand_generic.png' remapped 'res://assets/overworld/tile_sand_generic.png' at thread -1
Loading resource: res://assets/overworld/terrain_masks/mask_corner_concave_small_00.png remapped: res://assets/overworld/terrain_masks/mask_corner_concave_small_00.png
Loading resource: res://.godot/imported/mask_corner_concave_small_00.png-fd54bf36b77e0dee7f6acdc864c39c6b.ctex remapped: res://.godot/imported/mask_corner_concave_small_00.png-fd54bf36b77e0dee7f6acdc864c39c6b.ctex
Completed load for: 'res://assets/overworld/terrain_masks/mask_corner_concave_small_00.png' remapped 'res://assets/overworld/terrain_masks/mask_corner_concave_small_00.png' at thread -1
Loading resource: res://assets/overworld/tile_sand_generic.png remapped: res://assets/overworld/tile_sand_generic.png
Loading resource: res://.godot/imported/tile_sand_generic.png-60c3c38f8443909ef7829dddf4a7b4ec.ctex remapped: res://.godot/imported/tile_sand_generic.png-60c3c38f8443909ef7829dddf4a7b4ec.ctex
Completed load for: 'res://assets/overworld/tile_sand_generic.png' remapped 'res://assets/overworld/tile_sand_generic.png' at thread -1
Loading resource: res://assets/overworld/terrain_masks/mask_corner_concave_small_00.png remapped: res://assets/overworld/terrain_masks/mask_corner_concave_small_00.png
Loading resource: res://.godot/imported/mask_corner_concave_small_00.png-fd54bf36b77e0dee7f6acdc864c39c6b.ctex remapped: res://.godot/imported/mask_corner_concave_small_00.png-fd54bf36b77e0dee7f6acdc864c39c6b.ctex
Completed load for: 'res://assets/overworld/terrain_masks/mask_corner_concave_small_00.png' remapped 'res://assets/overworld/terrain_masks/mask_corner_concave_small_00.png' at thread -1
Loading resource: res://assets/overworld/tile_sand_generic.png remapped: res://assets/overworld/tile_sand_generic.png
Loading resource: res://.godot/imported/tile_sand_generic.png-60c3c38f8443909ef7829dddf4a7b4ec.ctex remapped: res://.godot/imported/tile_sand_generic.png-60c3c38f8443909ef7829dddf4a7b4ec.ctex
Completed load for: 'res://assets/overworld/tile_sand_generic.png' remapped 'res://assets/overworld/tile_sand_generic.png' at thread -1
Loading resource: res://assets/overworld/terrain_masks/mask_corner_concave_small_01.png remapped: res://assets/overworld/terrain_masks/mask_corner_concave_small_01.png
Loading resource: res://.godot/imported/mask_corner_concave_small_01.png-f2a45bc92866ca2cc92861c24ce8a7a3.ctex remapped: res://.godot/imported/mask_corner_concave_small_01.png-f2a45bc92866ca2cc92861c24ce8a7a3.ctex
Completed load for: 'res://assets/overworld/terrain_masks/mask_corner_concave_small_01.png' remapped 'res://assets/overworld/terrain_masks/mask_corner_concave_small_01.png' at thread -1
Loading resource: res://assets/overworld/terrain_masks/mask_corner_concave_small_01.png remapped: res://assets/overworld/terrain_masks/mask_corner_concave_small_01.png
Loading resource: res://.godot/imported/mask_corner_concave_small_01.png-f2a45bc92866ca2cc92861c24ce8a7a3.ctex remapped: res://.godot/imported/mask_corner_concave_small_01.png-f2a45bc92866ca2cc92861c24ce8a7a3.ctex
Completed load for: 'res://assets/overworld/terrain_masks/mask_corner_concave_small_01.png' remapped 'res://assets/overworld/terrain_masks/mask_corner_concave_small_01.png' at thread -1
Loading resource: res://assets/overworld/tile_sand_generic.png remapped: res://assets/overworld/tile_sand_generic.png
Loading resource: res://.godot/imported/tile_sand_generic.png-60c3c38f8443909ef7829dddf4a7b4ec.ctex remapped: res://.godot/imported/tile_sand_generic.png-60c3c38f8443909ef7829dddf4a7b4ec.ctex
Completed load for: 'res://assets/overworld/tile_sand_generic.png' remapped 'res://assets/overworld/tile_sand_generic.png' at thread -1
Loading resource: res://assets/overworld/terrain_masks/mask_corner_concave_small_01.png remapped: res://assets/overworld/terrain_masks/mask_corner_concave_small_01.png
Loading resource: res://.godot/imported/mask_corner_concave_small_01.png-f2a45bc92866ca2cc92861c24ce8a7a3.ctex remapped: res://.godot/imported/mask_corner_concave_small_01.png-f2a45bc92866ca2cc92861c24ce8a7a3.ctex
Completed load for: 'res://assets/overworld/terrain_masks/mask_corner_concave_small_01.png' remapped 'res://assets/overworld/terrain_masks/mask_corner_concave_small_01.png' at thread -1
Loading resource: res://assets/overworld/terrain_masks/mask_corner_concave_small_01.png remapped: res://assets/overworld/terrain_masks/mask_corner_concave_small_01.png
Loading resource: res://.godot/imported/mask_corner_concave_small_01.png-f2a45bc92866ca2cc92861c24ce8a7a3.ctex remapped: res://.godot/imported/mask_corner_concave_small_01.png-f2a45bc92866ca2cc92861c24ce8a7a3.ctex
Completed load for: 'res://assets/overworld/terrain_masks/mask_corner_concave_small_01.png' remapped 'res://assets/overworld/terrain_masks/mask_corner_concave_small_01.png' at thread -1
Loading resource: res://assets/overworld/tile_sand_generic.png remapped: res://assets/overworld/tile_sand_generic.png
Loading resource: res://.godot/imported/tile_sand_generic.png-60c3c38f8443909ef7829dddf4a7b4ec.ctex remapped: res://.godot/imported/tile_sand_generic.png-60c3c38f8443909ef7829dddf4a7b4ec.ctex
Completed load for: 'res://assets/overworld/tile_sand_generic.png' remapped 'res://assets/overworld/tile_sand_generic.png' at thread -1
Loading resource: res://assets/overworld/terrain_masks/mask_corner_concave_small_01.png remapped: res://assets/overworld/terrain_masks/mask_corner_concave_small_01.png
Loading resource: res://.godot/imported/mask_corner_concave_small_01.png-f2a45bc92866ca2cc92861c24ce8a7a3.ctex remapped: res://.godot/imported/mask_corner_concave_small_01.png-f2a45bc92866ca2cc92861c24ce8a7a3.ctex
Completed load for: 'res://assets/overworld/terrain_masks/mask_corner_concave_small_01.png' remapped 'res://assets/overworld/terrain_masks/mask_corner_concave_small_01.png' at thread -1
Loading resource: res://assets/overworld/terrain_masks/mask_corner_concave_small_01.png remapped: res://assets/overworld/terrain_masks/mask_corner_concave_small_01.png
Loading resource: res://.godot/imported/mask_corner_concave_small_01.png-f2a45bc92866ca2cc92861c24ce8a7a3.ctex remapped: res://.godot/imported/mask_corner_concave_small_01.png-f2a45bc92866ca2cc92861c24ce8a7a3.ctex
Completed load for: 'res://assets/overworld/terrain_masks/mask_corner_concave_small_01.png' remapped 'res://assets/overworld/terrain_masks/mask_corner_concave_small_01.png' at thread -1
Loading resource: res://assets/overworld/tile_sand_generic.png remapped: res://assets/overworld/tile_sand_generic.png
Loading resource: res://.godot/imported/tile_sand_generic.png-60c3c38f8443909ef7829dddf4a7b4ec.ctex remapped: res://.godot/imported/tile_sand_generic.png-60c3c38f8443909ef7829dddf4a7b4ec.ctex
Completed load for: 'res://assets/overworld/tile_sand_generic.png' remapped 'res://assets/overworld/tile_sand_generic.png' at thread -1
Loading resource: res://assets/overworld/terrain_masks/mask_corner_concave_small_01.png remapped: res://assets/overworld/terrain_masks/mask_corner_concave_small_01.png
Loading resource: res://.godot/imported/mask_corner_concave_small_01.png-f2a45bc92866ca2cc92861c24ce8a7a3.ctex remapped: res://.godot/imported/mask_corner_concave_small_01.png-f2a45bc92866ca2cc92861c24ce8a7a3.ctex
Completed load for: 'res://assets/overworld/terrain_masks/mask_corner_concave_small_01.png' remapped 'res://assets/overworld/terrain_masks/mask_corner_concave_small_01.png' at thread -1
Loading resource: res://assets/overworld/terrain_masks/mask_corner_concave_small_01.png remapped: res://assets/overworld/terrain_masks/mask_corner_concave_small_01.png
Loading resource: res://.godot/imported/mask_corner_concave_small_01.png-f2a45bc92866ca2cc92861c24ce8a7a3.ctex remapped: res://.godot/imported/mask_corner_concave_small_01.png-f2a45bc92866ca2cc92861c24ce8a7a3.ctex
Completed load for: 'res://assets/overworld/terrain_masks/mask_corner_concave_small_01.png' remapped 'res://assets/overworld/terrain_masks/mask_corner_concave_small_01.png' at thread -1
Loading resource: res://assets/overworld/tile_sand_generic.png remapped: res://assets/overworld/tile_sand_generic.png
Loading resource: res://.godot/imported/tile_sand_generic.png-60c3c38f8443909ef7829dddf4a7b4ec.ctex remapped: res://.godot/imported/tile_sand_generic.png-60c3c38f8443909ef7829dddf4a7b4ec.ctex
Completed load for: 'res://assets/overworld/tile_sand_generic.png' remapped 'res://assets/overworld/tile_sand_generic.png' at thread -1
Loading resource: res://assets/overworld/terrain_masks/mask_corner_concave_small_01.png remapped: res://assets/overworld/terrain_masks/mask_corner_concave_small_01.png
Loading resource: res://.godot/imported/mask_corner_concave_small_01.png-f2a45bc92866ca2cc92861c24ce8a7a3.ctex remapped: res://.godot/imported/mask_corner_concave_small_01.png-f2a45bc92866ca2cc92861c24ce8a7a3.ctex
Completed load for: 'res://assets/overworld/terrain_masks/mask_corner_concave_small_01.png' remapped 'res://assets/overworld/terrain_masks/mask_corner_concave_small_01.png' at thread -1
Loading resource: res://assets/overworld/tile_sand_generic.png remapped: res://assets/overworld/tile_sand_generic.png
Loading resource: res://.godot/imported/tile_sand_generic.png-60c3c38f8443909ef7829dddf4a7b4ec.ctex remapped: res://.godot/imported/tile_sand_generic.png-60c3c38f8443909ef7829dddf4a7b4ec.ctex
Completed load for: 'res://assets/overworld/tile_sand_generic.png' remapped 'res://assets/overworld/tile_sand_generic.png' at thread -1
Loading resource: res://assets/overworld/terrain_masks/mask_corner_concave_small_01.png remapped: res://assets/overworld/terrain_masks/mask_corner_concave_small_01.png
Loading resource: res://.godot/imported/mask_corner_concave_small_01.png-f2a45bc92866ca2cc92861c24ce8a7a3.ctex remapped: res://.godot/imported/mask_corner_concave_small_01.png-f2a45bc92866ca2cc92861c24ce8a7a3.ctex
Completed load for: 'res://assets/overworld/terrain_masks/mask_corner_concave_small_01.png' remapped 'res://assets/overworld/terrain_masks/mask_corner_concave_small_01.png' at thread -1
Loading resource: res://assets/overworld/tile_sand_generic.png remapped: res://assets/overworld/tile_sand_generic.png
Loading resource: res://.godot/imported/tile_sand_generic.png-60c3c38f8443909ef7829dddf4a7b4ec.ctex remapped: res://.godot/imported/tile_sand_generic.png-60c3c38f8443909ef7829dddf4a7b4ec.ctex
Completed load for: 'res://assets/overworld/tile_sand_generic.png' remapped 'res://assets/overworld/tile_sand_generic.png' at thread -1
Loading resource: res://assets/overworld/terrain_masks/mask_corner_concave_small_01.png remapped: res://assets/overworld/terrain_masks/mask_corner_concave_small_01.png
Loading resource: res://.godot/imported/mask_corner_concave_small_01.png-f2a45bc92866ca2cc92861c24ce8a7a3.ctex remapped: res://.godot/imported/mask_corner_concave_small_01.png-f2a45bc92866ca2cc92861c24ce8a7a3.ctex
Completed load for: 'res://assets/overworld/terrain_masks/mask_corner_concave_small_01.png' remapped 'res://assets/overworld/terrain_masks/mask_corner_concave_small_01.png' at thread -1
Loading resource: res://assets/overworld/tile_sand_generic.png remapped: res://assets/overworld/tile_sand_generic.png
Loading resource: res://.godot/imported/tile_sand_generic.png-60c3c38f8443909ef7829dddf4a7b4ec.ctex remapped: res://.godot/imported/tile_sand_generic.png-60c3c38f8443909ef7829dddf4a7b4ec.ctex
Completed load for: 'res://assets/overworld/tile_sand_generic.png' remapped 'res://assets/overworld/tile_sand_generic.png' at thread -1
Loading resource: res://assets/overworld/terrain_masks/mask_corner_concave_small_01.png remapped: res://assets/overworld/terrain_masks/mask_corner_concave_small_01.png
Loading resource: res://.godot/imported/mask_corner_concave_small_01.png-f2a45bc92866ca2cc92861c24ce8a7a3.ctex remapped: res://.godot/imported/mask_corner_concave_small_01.png-f2a45bc92866ca2cc92861c24ce8a7a3.ctex
Completed load for: 'res://assets/overworld/terrain_masks/mask_corner_concave_small_01.png' remapped 'res://assets/overworld/terrain_masks/mask_corner_concave_small_01.png' at thread -1
Loading resource: res://assets/overworld/tile_sand_generic.png remapped: res://assets/overworld/tile_sand_generic.png
Loading resource: res://.godot/imported/tile_sand_generic.png-60c3c38f8443909ef7829dddf4a7b4ec.ctex remapped: res://.godot/imported/tile_sand_generic.png-60c3c38f8443909ef7829dddf4a7b4ec.ctex
Completed load for: 'res://assets/overworld/tile_sand_generic.png' remapped 'res://assets/overworld/tile_sand_generic.png' at thread -1
Loading resource: res://assets/overworld/terrain_masks/mask_corner_concave_small_02.png remapped: res://assets/overworld/terrain_masks/mask_corner_concave_small_02.png
Loading resource: res://.godot/imported/mask_corner_concave_small_02.png-dd6cf72c3d097a443f0766044e235340.ctex remapped: res://.godot/imported/mask_corner_concave_small_02.png-dd6cf72c3d097a443f0766044e235340.ctex
Completed load for: 'res://assets/overworld/terrain_masks/mask_corner_concave_small_02.png' remapped 'res://assets/overworld/terrain_masks/mask_corner_concave_small_02.png' at thread -1
Loading resource: res://assets/overworld/terrain_masks/mask_corner_concave_small_02.png remapped: res://assets/overworld/terrain_masks/mask_corner_concave_small_02.png
Loading resource: res://.godot/imported/mask_corner_concave_small_02.png-dd6cf72c3d097a443f0766044e235340.ctex remapped: res://.godot/imported/mask_corner_concave_small_02.png-dd6cf72c3d097a443f0766044e235340.ctex
Completed load for: 'res://assets/overworld/terrain_masks/mask_corner_concave_small_02.png' remapped 'res://assets/overworld/terrain_masks/mask_corner_concave_small_02.png' at thread -1
Loading resource: res://assets/overworld/tile_sand_generic.png remapped: res://assets/overworld/tile_sand_generic.png
Loading resource: res://.godot/imported/tile_sand_generic.png-60c3c38f8443909ef7829dddf4a7b4ec.ctex remapped: res://.godot/imported/tile_sand_generic.png-60c3c38f8443909ef7829dddf4a7b4ec.ctex
Completed load for: 'res://assets/overworld/tile_sand_generic.png' remapped 'res://assets/overworld/tile_sand_generic.png' at thread -1
Loading resource: res://assets/overworld/terrain_masks/mask_corner_concave_small_02.png remapped: res://assets/overworld/terrain_masks/mask_corner_concave_small_02.png
Loading resource: res://.godot/imported/mask_corner_concave_small_02.png-dd6cf72c3d097a443f0766044e235340.ctex remapped: res://.godot/imported/mask_corner_concave_small_02.png-dd6cf72c3d097a443f0766044e235340.ctex
Completed load for: 'res://assets/overworld/terrain_masks/mask_corner_concave_small_02.png' remapped 'res://assets/overworld/terrain_masks/mask_corner_concave_small_02.png' at thread -1
Loading resource: res://assets/overworld/terrain_masks/mask_corner_concave_small_02.png remapped: res://assets/overworld/terrain_masks/mask_corner_concave_small_02.png
Loading resource: res://.godot/imported/mask_corner_concave_small_02.png-dd6cf72c3d097a443f0766044e235340.ctex remapped: res://.godot/imported/mask_corner_concave_small_02.png-dd6cf72c3d097a443f0766044e235340.ctex
Completed load for: 'res://assets/overworld/terrain_masks/mask_corner_concave_small_02.png' remapped 'res://assets/overworld/terrain_masks/mask_corner_concave_small_02.png' at thread -1
Loading resource: res://assets/overworld/tile_sand_generic.png remapped: res://assets/overworld/tile_sand_generic.png
Loading resource: res://.godot/imported/tile_sand_generic.png-60c3c38f8443909ef7829dddf4a7b4ec.ctex remapped: res://.godot/imported/tile_sand_generic.png-60c3c38f8443909ef7829dddf4a7b4ec.ctex
Completed load for: 'res://assets/overworld/tile_sand_generic.png' remapped 'res://assets/overworld/tile_sand_generic.png' at thread -1
Loading resource: res://assets/overworld/terrain_masks/mask_corner_concave_small_02.png remapped: res://assets/overworld/terrain_masks/mask_corner_concave_small_02.png
Loading resource: res://.godot/imported/mask_corner_concave_small_02.png-dd6cf72c3d097a443f0766044e235340.ctex remapped: res://.godot/imported/mask_corner_concave_small_02.png-dd6cf72c3d097a443f0766044e235340.ctex
Completed load for: 'res://assets/overworld/terrain_masks/mask_corner_concave_small_02.png' remapped 'res://assets/overworld/terrain_masks/mask_corner_concave_small_02.png' at thread -1
Loading resource: res://assets/overworld/terrain_masks/mask_corner_concave_small_02.png remapped: res://assets/overworld/terrain_masks/mask_corner_concave_small_02.png
Loading resource: res://.godot/imported/mask_corner_concave_small_02.png-dd6cf72c3d097a443f0766044e235340.ctex remapped: res://.godot/imported/mask_corner_concave_small_02.png-dd6cf72c3d097a443f0766044e235340.ctex
Completed load for: 'res://assets/overworld/terrain_masks/mask_corner_concave_small_02.png' remapped 'res://assets/overworld/terrain_masks/mask_corner_concave_small_02.png' at thread -1
Loading resource: res://assets/overworld/tile_sand_generic.png remapped: res://assets/overworld/tile_sand_generic.png
Loading resource: res://.godot/imported/tile_sand_generic.png-60c3c38f8443909ef7829dddf4a7b4ec.ctex remapped: res://.godot/imported/tile_sand_generic.png-60c3c38f8443909ef7829dddf4a7b4ec.ctex
Completed load for: 'res://assets/overworld/tile_sand_generic.png' remapped 'res://assets/overworld/tile_sand_generic.png' at thread -1
Loading resource: res://assets/overworld/terrain_masks/mask_corner_concave_small_02.png remapped: res://assets/overworld/terrain_masks/mask_corner_concave_small_02.png
Loading resource: res://.godot/imported/mask_corner_concave_small_02.png-dd6cf72c3d097a443f0766044e235340.ctex remapped: res://.godot/imported/mask_corner_concave_small_02.png-dd6cf72c3d097a443f0766044e235340.ctex
Completed load for: 'res://assets/overworld/terrain_masks/mask_corner_concave_small_02.png' remapped 'res://assets/overworld/terrain_masks/mask_corner_concave_small_02.png' at thread -1
Loading resource: res://assets/overworld/terrain_masks/mask_corner_concave_small_02.png remapped: res://assets/overworld/terrain_masks/mask_corner_concave_small_02.png
Loading resource: res://.godot/imported/mask_corner_concave_small_02.png-dd6cf72c3d097a443f0766044e235340.ctex remapped: res://.godot/imported/mask_corner_concave_small_02.png-dd6cf72c3d097a443f0766044e235340.ctex
Completed load for: 'res://assets/overworld/terrain_masks/mask_corner_concave_small_02.png' remapped 'res://assets/overworld/terrain_masks/mask_corner_concave_small_02.png' at thread -1
Loading resource: res://assets/overworld/tile_sand_generic.png remapped: res://assets/overworld/tile_sand_generic.png
Loading resource: res://.godot/imported/tile_sand_generic.png-60c3c38f8443909ef7829dddf4a7b4ec.ctex remapped: res://.godot/imported/tile_sand_generic.png-60c3c38f8443909ef7829dddf4a7b4ec.ctex
Completed load for: 'res://assets/overworld/tile_sand_generic.png' remapped 'res://assets/overworld/tile_sand_generic.png' at thread -1
Loading resource: res://assets/overworld/terrain_masks/mask_corner_concave_small_02.png remapped: res://assets/overworld/terrain_masks/mask_corner_concave_small_02.png
Loading resource: res://.godot/imported/mask_corner_concave_small_02.png-dd6cf72c3d097a443f0766044e235340.ctex remapped: res://.godot/imported/mask_corner_concave_small_02.png-dd6cf72c3d097a443f0766044e235340.ctex
Completed load for: 'res://assets/overworld/terrain_masks/mask_corner_concave_small_02.png' remapped 'res://assets/overworld/terrain_masks/mask_corner_concave_small_02.png' at thread -1
Loading resource: res://assets/overworld/tile_sand_generic.png remapped: res://assets/overworld/tile_sand_generic.png
Loading resource: res://.godot/imported/tile_sand_generic.png-60c3c38f8443909ef7829dddf4a7b4ec.ctex remapped: res://.godot/imported/tile_sand_generic.png-60c3c38f8443909ef7829dddf4a7b4ec.ctex
Completed load for: 'res://assets/overworld/tile_sand_generic.png' remapped 'res://assets/overworld/tile_sand_generic.png' at thread -1
Loading resource: res://assets/overworld/terrain_masks/mask_corner_concave_small_02.png remapped: res://assets/overworld/terrain_masks/mask_corner_concave_small_02.png
Loading resource: res://.godot/imported/mask_corner_concave_small_02.png-dd6cf72c3d097a443f0766044e235340.ctex remapped: res://.godot/imported/mask_corner_concave_small_02.png-dd6cf72c3d097a443f0766044e235340.ctex
Completed load for: 'res://assets/overworld/terrain_masks/mask_corner_concave_small_02.png' remapped 'res://assets/overworld/terrain_masks/mask_corner_concave_small_02.png' at thread -1
Loading resource: res://assets/overworld/tile_sand_generic.png remapped: res://assets/overworld/tile_sand_generic.png
Loading resource: res://.godot/imported/tile_sand_generic.png-60c3c38f8443909ef7829dddf4a7b4ec.ctex remapped: res://.godot/imported/tile_sand_generic.png-60c3c38f8443909ef7829dddf4a7b4ec.ctex
Completed load for: 'res://assets/overworld/tile_sand_generic.png' remapped 'res://assets/overworld/tile_sand_generic.png' at thread -1
Loading resource: res://assets/overworld/terrain_masks/mask_corner_concave_small_02.png remapped: res://assets/overworld/terrain_masks/mask_corner_concave_small_02.png
Loading resource: res://.godot/imported/mask_corner_concave_small_02.png-dd6cf72c3d097a443f0766044e235340.ctex remapped: res://.godot/imported/mask_corner_concave_small_02.png-dd6cf72c3d097a443f0766044e235340.ctex
Completed load for: 'res://assets/overworld/terrain_masks/mask_corner_concave_small_02.png' remapped 'res://assets/overworld/terrain_masks/mask_corner_concave_small_02.png' at thread -1
Loading resource: res://assets/overworld/tile_sand_generic.png remapped: res://assets/overworld/tile_sand_generic.png
Loading resource: res://.godot/imported/tile_sand_generic.png-60c3c38f8443909ef7829dddf4a7b4ec.ctex remapped: res://.godot/imported/tile_sand_generic.png-60c3c38f8443909ef7829dddf4a7b4ec.ctex
Completed load for: 'res://assets/overworld/tile_sand_generic.png' remapped 'res://assets/overworld/tile_sand_generic.png' at thread -1
Loading resource: res://assets/overworld/terrain_masks/mask_corner_concave_small_02.png remapped: res://assets/overworld/terrain_masks/mask_corner_concave_small_02.png
Loading resource: res://.godot/imported/mask_corner_concave_small_02.png-dd6cf72c3d097a443f0766044e235340.ctex remapped: res://.godot/imported/mask_corner_concave_small_02.png-dd6cf72c3d097a443f0766044e235340.ctex
Completed load for: 'res://assets/overworld/terrain_masks/mask_corner_concave_small_02.png' remapped 'res://assets/overworld/terrain_masks/mask_corner_concave_small_02.png' at thread -1
Loading resource: res://assets/overworld/tile_sand_generic.png remapped: res://assets/overworld/tile_sand_generic.png
Loading resource: res://.godot/imported/tile_sand_generic.png-60c3c38f8443909ef7829dddf4a7b4ec.ctex remapped: res://.godot/imported/tile_sand_generic.png-60c3c38f8443909ef7829dddf4a7b4ec.ctex
Completed load for: 'res://assets/overworld/tile_sand_generic.png' remapped 'res://assets/overworld/tile_sand_generic.png' at thread -1
Loading resource: res://assets/overworld/terrain_masks/mask_corner_concave_small_03.png remapped: res://assets/overworld/terrain_masks/mask_corner_concave_small_03.png
Loading resource: res://.godot/imported/mask_corner_concave_small_03.png-e393aa1ccb65f094a5f4c49ffab83046.ctex remapped: res://.godot/imported/mask_corner_concave_small_03.png-e393aa1ccb65f094a5f4c49ffab83046.ctex
Completed load for: 'res://assets/overworld/terrain_masks/mask_corner_concave_small_03.png' remapped 'res://assets/overworld/terrain_masks/mask_corner_concave_small_03.png' at thread -1
Loading resource: res://assets/overworld/terrain_masks/mask_corner_concave_small_03.png remapped: res://assets/overworld/terrain_masks/mask_corner_concave_small_03.png
Loading resource: res://.godot/imported/mask_corner_concave_small_03.png-e393aa1ccb65f094a5f4c49ffab83046.ctex remapped: res://.godot/imported/mask_corner_concave_small_03.png-e393aa1ccb65f094a5f4c49ffab83046.ctex
Completed load for: 'res://assets/overworld/terrain_masks/mask_corner_concave_small_03.png' remapped 'res://assets/overworld/terrain_masks/mask_corner_concave_small_03.png' at thread -1
Loading resource: res://assets/overworld/tile_sand_generic.png remapped: res://assets/overworld/tile_sand_generic.png
Loading resource: res://.godot/imported/tile_sand_generic.png-60c3c38f8443909ef7829dddf4a7b4ec.ctex remapped: res://.godot/imported/tile_sand_generic.png-60c3c38f8443909ef7829dddf4a7b4ec.ctex
Completed load for: 'res://assets/overworld/tile_sand_generic.png' remapped 'res://assets/overworld/tile_sand_generic.png' at thread -1
Loading resource: res://assets/overworld/terrain_masks/mask_corner_concave_small_03.png remapped: res://assets/overworld/terrain_masks/mask_corner_concave_small_03.png
Loading resource: res://.godot/imported/mask_corner_concave_small_03.png-e393aa1ccb65f094a5f4c49ffab83046.ctex remapped: res://.godot/imported/mask_corner_concave_small_03.png-e393aa1ccb65f094a5f4c49ffab83046.ctex
Completed load for: 'res://assets/overworld/terrain_masks/mask_corner_concave_small_03.png' remapped 'res://assets/overworld/terrain_masks/mask_corner_concave_small_03.png' at thread -1
Loading resource: res://assets/overworld/terrain_masks/mask_corner_concave_small_03.png remapped: res://assets/overworld/terrain_masks/mask_corner_concave_small_03.png
Loading resource: res://.godot/imported/mask_corner_concave_small_03.png-e393aa1ccb65f094a5f4c49ffab83046.ctex remapped: res://.godot/imported/mask_corner_concave_small_03.png-e393aa1ccb65f094a5f4c49ffab83046.ctex
Completed load for: 'res://assets/overworld/terrain_masks/mask_corner_concave_small_03.png' remapped 'res://assets/overworld/terrain_masks/mask_corner_concave_small_03.png' at thread -1
Loading resource: res://assets/overworld/tile_sand_generic.png remapped: res://assets/overworld/tile_sand_generic.png
Loading resource: res://.godot/imported/tile_sand_generic.png-60c3c38f8443909ef7829dddf4a7b4ec.ctex remapped: res://.godot/imported/tile_sand_generic.png-60c3c38f8443909ef7829dddf4a7b4ec.ctex
Completed load for: 'res://assets/overworld/tile_sand_generic.png' remapped 'res://assets/overworld/tile_sand_generic.png' at thread -1
Loading resource: res://assets/overworld/terrain_masks/mask_corner_concave_small_03.png remapped: res://assets/overworld/terrain_masks/mask_corner_concave_small_03.png
Loading resource: res://.godot/imported/mask_corner_concave_small_03.png-e393aa1ccb65f094a5f4c49ffab83046.ctex remapped: res://.godot/imported/mask_corner_concave_small_03.png-e393aa1ccb65f094a5f4c49ffab83046.ctex
Completed load for: 'res://assets/overworld/terrain_masks/mask_corner_concave_small_03.png' remapped 'res://assets/overworld/terrain_masks/mask_corner_concave_small_03.png' at thread -1
Loading resource: res://assets/overworld/terrain_masks/mask_corner_concave_small_03.png remapped: res://assets/overworld/terrain_masks/mask_corner_concave_small_03.png
Loading resource: res://.godot/imported/mask_corner_concave_small_03.png-e393aa1ccb65f094a5f4c49ffab83046.ctex remapped: res://.godot/imported/mask_corner_concave_small_03.png-e393aa1ccb65f094a5f4c49ffab83046.ctex
Completed load for: 'res://assets/overworld/terrain_masks/mask_corner_concave_small_03.png' remapped 'res://assets/overworld/terrain_masks/mask_corner_concave_small_03.png' at thread -1
Loading resource: res://assets/overworld/tile_sand_generic.png remapped: res://assets/overworld/tile_sand_generic.png
Loading resource: res://.godot/imported/tile_sand_generic.png-60c3c38f8443909ef7829dddf4a7b4ec.ctex remapped: res://.godot/imported/tile_sand_generic.png-60c3c38f8443909ef7829dddf4a7b4ec.ctex
Completed load for: 'res://assets/overworld/tile_sand_generic.png' remapped 'res://assets/overworld/tile_sand_generic.png' at thread -1
Loading resource: res://assets/overworld/terrain_masks/mask_corner_concave_small_03.png remapped: res://assets/overworld/terrain_masks/mask_corner_concave_small_03.png
Loading resource: res://.godot/imported/mask_corner_concave_small_03.png-e393aa1ccb65f094a5f4c49ffab83046.ctex remapped: res://.godot/imported/mask_corner_concave_small_03.png-e393aa1ccb65f094a5f4c49ffab83046.ctex
Completed load for: 'res://assets/overworld/terrain_masks/mask_corner_concave_small_03.png' remapped 'res://assets/overworld/terrain_masks/mask_corner_concave_small_03.png' at thread -1
Loading resource: res://assets/overworld/terrain_masks/mask_corner_concave_small_03.png remapped: res://assets/overworld/terrain_masks/mask_corner_concave_small_03.png
Loading resource: res://.godot/imported/mask_corner_concave_small_03.png-e393aa1ccb65f094a5f4c49ffab83046.ctex remapped: res://.godot/imported/mask_corner_concave_small_03.png-e393aa1ccb65f094a5f4c49ffab83046.ctex
Completed load for: 'res://assets/overworld/terrain_masks/mask_corner_concave_small_03.png' remapped 'res://assets/overworld/terrain_masks/mask_corner_concave_small_03.png' at thread -1
Loading resource: res://assets/overworld/tile_sand_generic.png remapped: res://assets/overworld/tile_sand_generic.png
Loading resource: res://.godot/imported/tile_sand_generic.png-60c3c38f8443909ef7829dddf4a7b4ec.ctex remapped: res://.godot/imported/tile_sand_generic.png-60c3c38f8443909ef7829dddf4a7b4ec.ctex
Completed load for: 'res://assets/overworld/tile_sand_generic.png' remapped 'res://assets/overworld/tile_sand_generic.png' at thread -1
Loading resource: res://assets/overworld/terrain_masks/mask_corner_concave_small_03.png remapped: res://assets/overworld/terrain_masks/mask_corner_concave_small_03.png
Loading resource: res://.godot/imported/mask_corner_concave_small_03.png-e393aa1ccb65f094a5f4c49ffab83046.ctex remapped: res://.godot/imported/mask_corner_concave_small_03.png-e393aa1ccb65f094a5f4c49ffab83046.ctex
Completed load for: 'res://assets/overworld/terrain_masks/mask_corner_concave_small_03.png' remapped 'res://assets/overworld/terrain_masks/mask_corner_concave_small_03.png' at thread -1
Loading resource: res://assets/overworld/tile_sand_generic.png remapped: res://assets/overworld/tile_sand_generic.png
Loading resource: res://.godot/imported/tile_sand_generic.png-60c3c38f8443909ef7829dddf4a7b4ec.ctex remapped: res://.godot/imported/tile_sand_generic.png-60c3c38f8443909ef7829dddf4a7b4ec.ctex
Completed load for: 'res://assets/overworld/tile_sand_generic.png' remapped 'res://assets/overworld/tile_sand_generic.png' at thread -1
Loading resource: res://assets/overworld/terrain_masks/mask_corner_concave_small_03.png remapped: res://assets/overworld/terrain_masks/mask_corner_concave_small_03.png
Loading resource: res://.godot/imported/mask_corner_concave_small_03.png-e393aa1ccb65f094a5f4c49ffab83046.ctex remapped: res://.godot/imported/mask_corner_concave_small_03.png-e393aa1ccb65f094a5f4c49ffab83046.ctex
Completed load for: 'res://assets/overworld/terrain_masks/mask_corner_concave_small_03.png' remapped 'res://assets/overworld/terrain_masks/mask_corner_concave_small_03.png' at thread -1
Loading resource: res://assets/overworld/tile_sand_generic.png remapped: res://assets/overworld/tile_sand_generic.png
Loading resource: res://.godot/imported/tile_sand_generic.png-60c3c38f8443909ef7829dddf4a7b4ec.ctex remapped: res://.godot/imported/tile_sand_generic.png-60c3c38f8443909ef7829dddf4a7b4ec.ctex
Completed load for: 'res://assets/overworld/tile_sand_generic.png' remapped 'res://assets/overworld/tile_sand_generic.png' at thread -1
Loading resource: res://assets/overworld/terrain_masks/mask_corner_concave_small_03.png remapped: res://assets/overworld/terrain_masks/mask_corner_concave_small_03.png
Loading resource: res://.godot/imported/mask_corner_concave_small_03.png-e393aa1ccb65f094a5f4c49ffab83046.ctex remapped: res://.godot/imported/mask_corner_concave_small_03.png-e393aa1ccb65f094a5f4c49ffab83046.ctex
Completed load for: 'res://assets/overworld/terrain_masks/mask_corner_concave_small_03.png' remapped 'res://assets/overworld/terrain_masks/mask_corner_concave_small_03.png' at thread -1
Loading resource: res://assets/overworld/tile_sand_generic.png remapped: res://assets/overworld/tile_sand_generic.png
Loading resource: res://.godot/imported/tile_sand_generic.png-60c3c38f8443909ef7829dddf4a7b4ec.ctex remapped: res://.godot/imported/tile_sand_generic.png-60c3c38f8443909ef7829dddf4a7b4ec.ctex
Completed load for: 'res://assets/overworld/tile_sand_generic.png' remapped 'res://assets/overworld/tile_sand_generic.png' at thread -1
Loading resource: res://assets/overworld/terrain_masks/mask_corner_concave_small_03.png remapped: res://assets/overworld/terrain_masks/mask_corner_concave_small_03.png
Loading resource: res://.godot/imported/mask_corner_concave_small_03.png-e393aa1ccb65f094a5f4c49ffab83046.ctex remapped: res://.godot/imported/mask_corner_concave_small_03.png-e393aa1ccb65f094a5f4c49ffab83046.ctex
Completed load for: 'res://assets/overworld/terrain_masks/mask_corner_concave_small_03.png' remapped 'res://assets/overworld/terrain_masks/mask_corner_concave_small_03.png' at thread -1
Loading resource: res://assets/overworld/tile_sand_generic.png remapped: res://assets/overworld/tile_sand_generic.png
Loading resource: res://.godot/imported/tile_sand_generic.png-60c3c38f8443909ef7829dddf4a7b4ec.ctex remapped: res://.godot/imported/tile_sand_generic.png-60c3c38f8443909ef7829dddf4a7b4ec.ctex
Completed load for: 'res://assets/overworld/tile_sand_generic.png' remapped 'res://assets/overworld/tile_sand_generic.png' at thread -1
Loading resource: res://assets/overworld/terrain_masks/mask_corner_concave_small_04.png remapped: res://assets/overworld/terrain_masks/mask_corner_concave_small_04.png
Loading resource: res://.godot/imported/mask_corner_concave_small_04.png-2deb92f356a893303b33a7d0aced7f34.ctex remapped: res://.godot/imported/mask_corner_concave_small_04.png-2deb92f356a893303b33a7d0aced7f34.ctex
Completed load for: 'res://assets/overworld/terrain_masks/mask_corner_concave_small_04.png' remapped 'res://assets/overworld/terrain_masks/mask_corner_concave_small_04.png' at thread -1
Loading resource: res://assets/overworld/terrain_masks/mask_corner_concave_small_04.png remapped: res://assets/overworld/terrain_masks/mask_corner_concave_small_04.png
Loading resource: res://.godot/imported/mask_corner_concave_small_04.png-2deb92f356a893303b33a7d0aced7f34.ctex remapped: res://.godot/imported/mask_corner_concave_small_04.png-2deb92f356a893303b33a7d0aced7f34.ctex
Completed load for: 'res://assets/overworld/terrain_masks/mask_corner_concave_small_04.png' remapped 'res://assets/overworld/terrain_masks/mask_corner_concave_small_04.png' at thread -1
Loading resource: res://assets/overworld/tile_sand_generic.png remapped: res://assets/overworld/tile_sand_generic.png
Loading resource: res://.godot/imported/tile_sand_generic.png-60c3c38f8443909ef7829dddf4a7b4ec.ctex remapped: res://.godot/imported/tile_sand_generic.png-60c3c38f8443909ef7829dddf4a7b4ec.ctex
Completed load for: 'res://assets/overworld/tile_sand_generic.png' remapped 'res://assets/overworld/tile_sand_generic.png' at thread -1
Loading resource: res://assets/overworld/terrain_masks/mask_corner_concave_small_04.png remapped: res://assets/overworld/terrain_masks/mask_corner_concave_small_04.png
Loading resource: res://.godot/imported/mask_corner_concave_small_04.png-2deb92f356a893303b33a7d0aced7f34.ctex remapped: res://.godot/imported/mask_corner_concave_small_04.png-2deb92f356a893303b33a7d0aced7f34.ctex
Completed load for: 'res://assets/overworld/terrain_masks/mask_corner_concave_small_04.png' remapped 'res://assets/overworld/terrain_masks/mask_corner_concave_small_04.png' at thread -1
Loading resource: res://assets/overworld/terrain_masks/mask_corner_concave_small_04.png remapped: res://assets/overworld/terrain_masks/mask_corner_concave_small_04.png
Loading resource: res://.godot/imported/mask_corner_concave_small_04.png-2deb92f356a893303b33a7d0aced7f34.ctex remapped: res://.godot/imported/mask_corner_concave_small_04.png-2deb92f356a893303b33a7d0aced7f34.ctex
Completed load for: 'res://assets/overworld/terrain_masks/mask_corner_concave_small_04.png' remapped 'res://assets/overworld/terrain_masks/mask_corner_concave_small_04.png' at thread -1
Loading resource: res://assets/overworld/tile_sand_generic.png remapped: res://assets/overworld/tile_sand_generic.png
Loading resource: res://.godot/imported/tile_sand_generic.png-60c3c38f8443909ef7829dddf4a7b4ec.ctex remapped: res://.godot/imported/tile_sand_generic.png-60c3c38f8443909ef7829dddf4a7b4ec.ctex
Completed load for: 'res://assets/overworld/tile_sand_generic.png' remapped 'res://assets/overworld/tile_sand_generic.png' at thread -1
Loading resource: res://assets/overworld/terrain_masks/mask_corner_concave_small_04.png remapped: res://assets/overworld/terrain_masks/mask_corner_concave_small_04.png
Loading resource: res://.godot/imported/mask_corner_concave_small_04.png-2deb92f356a893303b33a7d0aced7f34.ctex remapped: res://.godot/imported/mask_corner_concave_small_04.png-2deb92f356a893303b33a7d0aced7f34.ctex
Completed load for: 'res://assets/overworld/terrain_masks/mask_corner_concave_small_04.png' remapped 'res://assets/overworld/terrain_masks/mask_corner_concave_small_04.png' at thread -1
Loading resource: res://assets/overworld/terrain_masks/mask_corner_concave_small_04.png remapped: res://assets/overworld/terrain_masks/mask_corner_concave_small_04.png
Loading resource: res://.godot/imported/mask_corner_concave_small_04.png-2deb92f356a893303b33a7d0aced7f34.ctex remapped: res://.godot/imported/mask_corner_concave_small_04.png-2deb92f356a893303b33a7d0aced7f34.ctex
Completed load for: 'res://assets/overworld/terrain_masks/mask_corner_concave_small_04.png' remapped 'res://assets/overworld/terrain_masks/mask_corner_concave_small_04.png' at thread -1
Loading resource: res://assets/overworld/tile_sand_generic.png remapped: res://assets/overworld/tile_sand_generic.png
Loading resource: res://.godot/imported/tile_sand_generic.png-60c3c38f8443909ef7829dddf4a7b4ec.ctex remapped: res://.godot/imported/tile_sand_generic.png-60c3c38f8443909ef7829dddf4a7b4ec.ctex
Completed load for: 'res://assets/overworld/tile_sand_generic.png' remapped 'res://assets/overworld/tile_sand_generic.png' at thread -1
Loading resource: res://assets/overworld/terrain_masks/mask_corner_concave_small_04.png remapped: res://assets/overworld/terrain_masks/mask_corner_concave_small_04.png
Loading resource: res://.godot/imported/mask_corner_concave_small_04.png-2deb92f356a893303b33a7d0aced7f34.ctex remapped: res://.godot/imported/mask_corner_concave_small_04.png-2deb92f356a893303b33a7d0aced7f34.ctex
Completed load for: 'res://assets/overworld/terrain_masks/mask_corner_concave_small_04.png' remapped 'res://assets/overworld/terrain_masks/mask_corner_concave_small_04.png' at thread -1
Loading resource: res://assets/overworld/terrain_masks/mask_corner_concave_small_04.png remapped: res://assets/overworld/terrain_masks/mask_corner_concave_small_04.png
Loading resource: res://.godot/imported/mask_corner_concave_small_04.png-2deb92f356a893303b33a7d0aced7f34.ctex remapped: res://.godot/imported/mask_corner_concave_small_04.png-2deb92f356a893303b33a7d0aced7f34.ctex
Completed load for: 'res://assets/overworld/terrain_masks/mask_corner_concave_small_04.png' remapped 'res://assets/overworld/terrain_masks/mask_corner_concave_small_04.png' at thread -1
Loading resource: res://assets/overworld/tile_sand_generic.png remapped: res://assets/overworld/tile_sand_generic.png
Loading resource: res://.godot/imported/tile_sand_generic.png-60c3c38f8443909ef7829dddf4a7b4ec.ctex remapped: res://.godot/imported/tile_sand_generic.png-60c3c38f8443909ef7829dddf4a7b4ec.ctex
Completed load for: 'res://assets/overworld/tile_sand_generic.png' remapped 'res://assets/overworld/tile_sand_generic.png' at thread -1
Loading resource: res://assets/overworld/terrain_masks/mask_corner_concave_small_04.png remapped: res://assets/overworld/terrain_masks/mask_corner_concave_small_04.png
Loading resource: res://.godot/imported/mask_corner_concave_small_04.png-2deb92f356a893303b33a7d0aced7f34.ctex remapped: res://.godot/imported/mask_corner_concave_small_04.png-2deb92f356a893303b33a7d0aced7f34.ctex
Completed load for: 'res://assets/overworld/terrain_masks/mask_corner_concave_small_04.png' remapped 'res://assets/overworld/terrain_masks/mask_corner_concave_small_04.png' at thread -1
Loading resource: res://assets/overworld/tile_sand_generic.png remapped: res://assets/overworld/tile_sand_generic.png
Loading resource: res://.godot/imported/tile_sand_generic.png-60c3c38f8443909ef7829dddf4a7b4ec.ctex remapped: res://.godot/imported/tile_sand_generic.png-60c3c38f8443909ef7829dddf4a7b4ec.ctex
Completed load for: 'res://assets/overworld/tile_sand_generic.png' remapped 'res://assets/overworld/tile_sand_generic.png' at thread -1
Loading resource: res://assets/overworld/terrain_masks/mask_corner_concave_small_04.png remapped: res://assets/overworld/terrain_masks/mask_corner_concave_small_04.png
Loading resource: res://.godot/imported/mask_corner_concave_small_04.png-2deb92f356a893303b33a7d0aced7f34.ctex remapped: res://.godot/imported/mask_corner_concave_small_04.png-2deb92f356a893303b33a7d0aced7f34.ctex
Completed load for: 'res://assets/overworld/terrain_masks/mask_corner_concave_small_04.png' remapped 'res://assets/overworld/terrain_masks/mask_corner_concave_small_04.png' at thread -1
Loading resource: res://assets/overworld/tile_sand_generic.png remapped: res://assets/overworld/tile_sand_generic.png
Loading resource: res://.godot/imported/tile_sand_generic.png-60c3c38f8443909ef7829dddf4a7b4ec.ctex remapped: res://.godot/imported/tile_sand_generic.png-60c3c38f8443909ef7829dddf4a7b4ec.ctex
Completed load for: 'res://assets/overworld/tile_sand_generic.png' remapped 'res://assets/overworld/tile_sand_generic.png' at thread -1
Loading resource: res://assets/overworld/terrain_masks/mask_corner_concave_small_04.png remapped: res://assets/overworld/terrain_masks/mask_corner_concave_small_04.png
Loading resource: res://.godot/imported/mask_corner_concave_small_04.png-2deb92f356a893303b33a7d0aced7f34.ctex remapped: res://.godot/imported/mask_corner_concave_small_04.png-2deb92f356a893303b33a7d0aced7f34.ctex
Completed load for: 'res://assets/overworld/terrain_masks/mask_corner_concave_small_04.png' remapped 'res://assets/overworld/terrain_masks/mask_corner_concave_small_04.png' at thread -1
Loading resource: res://assets/overworld/tile_sand_generic.png remapped: res://assets/overworld/tile_sand_generic.png
Loading resource: res://.godot/imported/tile_sand_generic.png-60c3c38f8443909ef7829dddf4a7b4ec.ctex remapped: res://.godot/imported/tile_sand_generic.png-60c3c38f8443909ef7829dddf4a7b4ec.ctex
Completed load for: 'res://assets/overworld/tile_sand_generic.png' remapped 'res://assets/overworld/tile_sand_generic.png' at thread -1
Loading resource: res://assets/overworld/terrain_masks/mask_corner_concave_small_04.png remapped: res://assets/overworld/terrain_masks/mask_corner_concave_small_04.png
Loading resource: res://.godot/imported/mask_corner_concave_small_04.png-2deb92f356a893303b33a7d0aced7f34.ctex remapped: res://.godot/imported/mask_corner_concave_small_04.png-2deb92f356a893303b33a7d0aced7f34.ctex
Completed load for: 'res://assets/overworld/terrain_masks/mask_corner_concave_small_04.png' remapped 'res://assets/overworld/terrain_masks/mask_corner_concave_small_04.png' at thread -1
Loading resource: res://assets/overworld/tile_sand_generic.png remapped: res://assets/overworld/tile_sand_generic.png
Loading resource: res://.godot/imported/tile_sand_generic.png-60c3c38f8443909ef7829dddf4a7b4ec.ctex remapped: res://.godot/imported/tile_sand_generic.png-60c3c38f8443909ef7829dddf4a7b4ec.ctex
Completed load for: 'res://assets/overworld/tile_sand_generic.png' remapped 'res://assets/overworld/tile_sand_generic.png' at thread -1
Loading resource: res://assets/overworld/terrain_masks/mask_corner_convex_large_00.png remapped: res://assets/overworld/terrain_masks/mask_corner_convex_large_00.png
Loading resource: res://.godot/imported/mask_corner_convex_large_00.png-7008e2fd897b7ec69dde05a0703429a2.ctex remapped: res://.godot/imported/mask_corner_convex_large_00.png-7008e2fd897b7ec69dde05a0703429a2.ctex
Completed load for: 'res://assets/overworld/terrain_masks/mask_corner_convex_large_00.png' remapped 'res://assets/overworld/terrain_masks/mask_corner_convex_large_00.png' at thread -1
Loading resource: res://assets/overworld/terrain_masks/mask_corner_convex_large_00.png remapped: res://assets/overworld/terrain_masks/mask_corner_convex_large_00.png
Loading resource: res://.godot/imported/mask_corner_convex_large_00.png-7008e2fd897b7ec69dde05a0703429a2.ctex remapped: res://.godot/imported/mask_corner_convex_large_00.png-7008e2fd897b7ec69dde05a0703429a2.ctex
Completed load for: 'res://assets/overworld/terrain_masks/mask_corner_convex_large_00.png' remapped 'res://assets/overworld/terrain_masks/mask_corner_convex_large_00.png' at thread -1
Loading resource: res://assets/overworld/tile_sand_generic.png remapped: res://assets/overworld/tile_sand_generic.png
Loading resource: res://.godot/imported/tile_sand_generic.png-60c3c38f8443909ef7829dddf4a7b4ec.ctex remapped: res://.godot/imported/tile_sand_generic.png-60c3c38f8443909ef7829dddf4a7b4ec.ctex
Completed load for: 'res://assets/overworld/tile_sand_generic.png' remapped 'res://assets/overworld/tile_sand_generic.png' at thread -1
Loading resource: res://assets/overworld/terrain_masks/mask_corner_convex_large_00.png remapped: res://assets/overworld/terrain_masks/mask_corner_convex_large_00.png
Loading resource: res://.godot/imported/mask_corner_convex_large_00.png-7008e2fd897b7ec69dde05a0703429a2.ctex remapped: res://.godot/imported/mask_corner_convex_large_00.png-7008e2fd897b7ec69dde05a0703429a2.ctex
Completed load for: 'res://assets/overworld/terrain_masks/mask_corner_convex_large_00.png' remapped 'res://assets/overworld/terrain_masks/mask_corner_convex_large_00.png' at thread -1
Loading resource: res://assets/overworld/terrain_masks/mask_corner_convex_large_00.png remapped: res://assets/overworld/terrain_masks/mask_corner_convex_large_00.png
Loading resource: res://.godot/imported/mask_corner_convex_large_00.png-7008e2fd897b7ec69dde05a0703429a2.ctex remapped: res://.godot/imported/mask_corner_convex_large_00.png-7008e2fd897b7ec69dde05a0703429a2.ctex
Completed load for: 'res://assets/overworld/terrain_masks/mask_corner_convex_large_00.png' remapped 'res://assets/overworld/terrain_masks/mask_corner_convex_large_00.png' at thread -1
Loading resource: res://assets/overworld/tile_sand_generic.png remapped: res://assets/overworld/tile_sand_generic.png
Loading resource: res://.godot/imported/tile_sand_generic.png-60c3c38f8443909ef7829dddf4a7b4ec.ctex remapped: res://.godot/imported/tile_sand_generic.png-60c3c38f8443909ef7829dddf4a7b4ec.ctex
Completed load for: 'res://assets/overworld/tile_sand_generic.png' remapped 'res://assets/overworld/tile_sand_generic.png' at thread -1
Loading resource: res://assets/overworld/terrain_masks/mask_corner_convex_large_00.png remapped: res://assets/overworld/terrain_masks/mask_corner_convex_large_00.png
Loading resource: res://.godot/imported/mask_corner_convex_large_00.png-7008e2fd897b7ec69dde05a0703429a2.ctex remapped: res://.godot/imported/mask_corner_convex_large_00.png-7008e2fd897b7ec69dde05a0703429a2.ctex
Completed load for: 'res://assets/overworld/terrain_masks/mask_corner_convex_large_00.png' remapped 'res://assets/overworld/terrain_masks/mask_corner_convex_large_00.png' at thread -1
Loading resource: res://assets/overworld/terrain_masks/mask_corner_convex_large_00.png remapped: res://assets/overworld/terrain_masks/mask_corner_convex_large_00.png
Loading resource: res://.godot/imported/mask_corner_convex_large_00.png-7008e2fd897b7ec69dde05a0703429a2.ctex remapped: res://.godot/imported/mask_corner_convex_large_00.png-7008e2fd897b7ec69dde05a0703429a2.ctex
Completed load for: 'res://assets/overworld/terrain_masks/mask_corner_convex_large_00.png' remapped 'res://assets/overworld/terrain_masks/mask_corner_convex_large_00.png' at thread -1
Loading resource: res://assets/overworld/tile_sand_generic.png remapped: res://assets/overworld/tile_sand_generic.png
Loading resource: res://.godot/imported/tile_sand_generic.png-60c3c38f8443909ef7829dddf4a7b4ec.ctex remapped: res://.godot/imported/tile_sand_generic.png-60c3c38f8443909ef7829dddf4a7b4ec.ctex
Completed load for: 'res://assets/overworld/tile_sand_generic.png' remapped 'res://assets/overworld/tile_sand_generic.png' at thread -1
Loading resource: res://assets/overworld/terrain_masks/mask_corner_convex_large_00.png remapped: res://assets/overworld/terrain_masks/mask_corner_convex_large_00.png
Loading resource: res://.godot/imported/mask_corner_convex_large_00.png-7008e2fd897b7ec69dde05a0703429a2.ctex remapped: res://.godot/imported/mask_corner_convex_large_00.png-7008e2fd897b7ec69dde05a0703429a2.ctex
Completed load for: 'res://assets/overworld/terrain_masks/mask_corner_convex_large_00.png' remapped 'res://assets/overworld/terrain_masks/mask_corner_convex_large_00.png' at thread -1
Loading resource: res://assets/overworld/terrain_masks/mask_corner_convex_large_00.png remapped: res://assets/overworld/terrain_masks/mask_corner_convex_large_00.png
Loading resource: res://.godot/imported/mask_corner_convex_large_00.png-7008e2fd897b7ec69dde05a0703429a2.ctex remapped: res://.godot/imported/mask_corner_convex_large_00.png-7008e2fd897b7ec69dde05a0703429a2.ctex
Completed load for: 'res://assets/overworld/terrain_masks/mask_corner_convex_large_00.png' remapped 'res://assets/overworld/terrain_masks/mask_corner_convex_large_00.png' at thread -1
Loading resource: res://assets/overworld/tile_sand_generic.png remapped: res://assets/overworld/tile_sand_generic.png
Loading resource: res://.godot/imported/tile_sand_generic.png-60c3c38f8443909ef7829dddf4a7b4ec.ctex remapped: res://.godot/imported/tile_sand_generic.png-60c3c38f8443909ef7829dddf4a7b4ec.ctex
Completed load for: 'res://assets/overworld/tile_sand_generic.png' remapped 'res://assets/overworld/tile_sand_generic.png' at thread -1
Loading resource: res://assets/overworld/terrain_masks/mask_corner_convex_large_00.png remapped: res://assets/overworld/terrain_masks/mask_corner_convex_large_00.png
Loading resource: res://.godot/imported/mask_corner_convex_large_00.png-7008e2fd897b7ec69dde05a0703429a2.ctex remapped: res://.godot/imported/mask_corner_convex_large_00.png-7008e2fd897b7ec69dde05a0703429a2.ctex
Completed load for: 'res://assets/overworld/terrain_masks/mask_corner_convex_large_00.png' remapped 'res://assets/overworld/terrain_masks/mask_corner_convex_large_00.png' at thread -1
Loading resource: res://assets/overworld/tile_sand_generic.png remapped: res://assets/overworld/tile_sand_generic.png
Loading resource: res://.godot/imported/tile_sand_generic.png-60c3c38f8443909ef7829dddf4a7b4ec.ctex remapped: res://.godot/imported/tile_sand_generic.png-60c3c38f8443909ef7829dddf4a7b4ec.ctex
Completed load for: 'res://assets/overworld/tile_sand_generic.png' remapped 'res://assets/overworld/tile_sand_generic.png' at thread -1
Loading resource: res://assets/overworld/terrain_masks/mask_corner_convex_large_00.png remapped: res://assets/overworld/terrain_masks/mask_corner_convex_large_00.png
Loading resource: res://.godot/imported/mask_corner_convex_large_00.png-7008e2fd897b7ec69dde05a0703429a2.ctex remapped: res://.godot/imported/mask_corner_convex_large_00.png-7008e2fd897b7ec69dde05a0703429a2.ctex
Completed load for: 'res://assets/overworld/terrain_masks/mask_corner_convex_large_00.png' remapped 'res://assets/overworld/terrain_masks/mask_corner_convex_large_00.png' at thread -1
Loading resource: res://assets/overworld/tile_sand_generic.png remapped: res://assets/overworld/tile_sand_generic.png
Loading resource: res://.godot/imported/tile_sand_generic.png-60c3c38f8443909ef7829dddf4a7b4ec.ctex remapped: res://.godot/imported/tile_sand_generic.png-60c3c38f8443909ef7829dddf4a7b4ec.ctex
Completed load for: 'res://assets/overworld/tile_sand_generic.png' remapped 'res://assets/overworld/tile_sand_generic.png' at thread -1
Loading resource: res://assets/overworld/terrain_masks/mask_corner_convex_large_00.png remapped: res://assets/overworld/terrain_masks/mask_corner_convex_large_00.png
Loading resource: res://.godot/imported/mask_corner_convex_large_00.png-7008e2fd897b7ec69dde05a0703429a2.ctex remapped: res://.godot/imported/mask_corner_convex_large_00.png-7008e2fd897b7ec69dde05a0703429a2.ctex
Completed load for: 'res://assets/overworld/terrain_masks/mask_corner_convex_large_00.png' remapped 'res://assets/overworld/terrain_masks/mask_corner_convex_large_00.png' at thread -1
Loading resource: res://assets/overworld/tile_sand_generic.png remapped: res://assets/overworld/tile_sand_generic.png
Loading resource: res://.godot/imported/tile_sand_generic.png-60c3c38f8443909ef7829dddf4a7b4ec.ctex remapped: res://.godot/imported/tile_sand_generic.png-60c3c38f8443909ef7829dddf4a7b4ec.ctex
Completed load for: 'res://assets/overworld/tile_sand_generic.png' remapped 'res://assets/overworld/tile_sand_generic.png' at thread -1
Loading resource: res://assets/overworld/terrain_masks/mask_corner_convex_large_00.png remapped: res://assets/overworld/terrain_masks/mask_corner_convex_large_00.png
Loading resource: res://.godot/imported/mask_corner_convex_large_00.png-7008e2fd897b7ec69dde05a0703429a2.ctex remapped: res://.godot/imported/mask_corner_convex_large_00.png-7008e2fd897b7ec69dde05a0703429a2.ctex
Completed load for: 'res://assets/overworld/terrain_masks/mask_corner_convex_large_00.png' remapped 'res://assets/overworld/terrain_masks/mask_corner_convex_large_00.png' at thread -1
Loading resource: res://assets/overworld/tile_sand_generic.png remapped: res://assets/overworld/tile_sand_generic.png
Loading resource: res://.godot/imported/tile_sand_generic.png-60c3c38f8443909ef7829dddf4a7b4ec.ctex remapped: res://.godot/imported/tile_sand_generic.png-60c3c38f8443909ef7829dddf4a7b4ec.ctex
Completed load for: 'res://assets/overworld/tile_sand_generic.png' remapped 'res://assets/overworld/tile_sand_generic.png' at thread -1
Loading resource: res://assets/overworld/terrain_masks/mask_corner_convex_large_01.png remapped: res://assets/overworld/terrain_masks/mask_corner_convex_large_01.png
Loading resource: res://.godot/imported/mask_corner_convex_large_01.png-2d7389c344d9519b40dee06447edc93a.ctex remapped: res://.godot/imported/mask_corner_convex_large_01.png-2d7389c344d9519b40dee06447edc93a.ctex
Completed load for: 'res://assets/overworld/terrain_masks/mask_corner_convex_large_01.png' remapped 'res://assets/overworld/terrain_masks/mask_corner_convex_large_01.png' at thread -1
Loading resource: res://assets/overworld/terrain_masks/mask_corner_convex_large_01.png remapped: res://assets/overworld/terrain_masks/mask_corner_convex_large_01.png
Loading resource: res://.godot/imported/mask_corner_convex_large_01.png-2d7389c344d9519b40dee06447edc93a.ctex remapped: res://.godot/imported/mask_corner_convex_large_01.png-2d7389c344d9519b40dee06447edc93a.ctex
Completed load for: 'res://assets/overworld/terrain_masks/mask_corner_convex_large_01.png' remapped 'res://assets/overworld/terrain_masks/mask_corner_convex_large_01.png' at thread -1
Loading resource: res://assets/overworld/tile_sand_generic.png remapped: res://assets/overworld/tile_sand_generic.png
Loading resource: res://.godot/imported/tile_sand_generic.png-60c3c38f8443909ef7829dddf4a7b4ec.ctex remapped: res://.godot/imported/tile_sand_generic.png-60c3c38f8443909ef7829dddf4a7b4ec.ctex
Completed load for: 'res://assets/overworld/tile_sand_generic.png' remapped 'res://assets/overworld/tile_sand_generic.png' at thread -1
Loading resource: res://assets/overworld/terrain_masks/mask_corner_convex_large_01.png remapped: res://assets/overworld/terrain_masks/mask_corner_convex_large_01.png
Loading resource: res://.godot/imported/mask_corner_convex_large_01.png-2d7389c344d9519b40dee06447edc93a.ctex remapped: res://.godot/imported/mask_corner_convex_large_01.png-2d7389c344d9519b40dee06447edc93a.ctex
Completed load for: 'res://assets/overworld/terrain_masks/mask_corner_convex_large_01.png' remapped 'res://assets/overworld/terrain_masks/mask_corner_convex_large_01.png' at thread -1
Loading resource: res://assets/overworld/terrain_masks/mask_corner_convex_large_01.png remapped: res://assets/overworld/terrain_masks/mask_corner_convex_large_01.png
Loading resource: res://.godot/imported/mask_corner_convex_large_01.png-2d7389c344d9519b40dee06447edc93a.ctex remapped: res://.godot/imported/mask_corner_convex_large_01.png-2d7389c344d9519b40dee06447edc93a.ctex
Completed load for: 'res://assets/overworld/terrain_masks/mask_corner_convex_large_01.png' remapped 'res://assets/overworld/terrain_masks/mask_corner_convex_large_01.png' at thread -1
Loading resource: res://assets/overworld/tile_sand_generic.png remapped: res://assets/overworld/tile_sand_generic.png
Loading resource: res://.godot/imported/tile_sand_generic.png-60c3c38f8443909ef7829dddf4a7b4ec.ctex remapped: res://.godot/imported/tile_sand_generic.png-60c3c38f8443909ef7829dddf4a7b4ec.ctex
Completed load for: 'res://assets/overworld/tile_sand_generic.png' remapped 'res://assets/overworld/tile_sand_generic.png' at thread -1
Loading resource: res://assets/overworld/terrain_masks/mask_corner_convex_large_01.png remapped: res://assets/overworld/terrain_masks/mask_corner_convex_large_01.png
Loading resource: res://.godot/imported/mask_corner_convex_large_01.png-2d7389c344d9519b40dee06447edc93a.ctex remapped: res://.godot/imported/mask_corner_convex_large_01.png-2d7389c344d9519b40dee06447edc93a.ctex
Completed load for: 'res://assets/overworld/terrain_masks/mask_corner_convex_large_01.png' remapped 'res://assets/overworld/terrain_masks/mask_corner_convex_large_01.png' at thread -1
Loading resource: res://assets/overworld/terrain_masks/mask_corner_convex_large_01.png remapped: res://assets/overworld/terrain_masks/mask_corner_convex_large_01.png
Loading resource: res://.godot/imported/mask_corner_convex_large_01.png-2d7389c344d9519b40dee06447edc93a.ctex remapped: res://.godot/imported/mask_corner_convex_large_01.png-2d7389c344d9519b40dee06447edc93a.ctex
Completed load for: 'res://assets/overworld/terrain_masks/mask_corner_convex_large_01.png' remapped 'res://assets/overworld/terrain_masks/mask_corner_convex_large_01.png' at thread -1
Loading resource: res://assets/overworld/tile_sand_generic.png remapped: res://assets/overworld/tile_sand_generic.png
Loading resource: res://.godot/imported/tile_sand_generic.png-60c3c38f8443909ef7829dddf4a7b4ec.ctex remapped: res://.godot/imported/tile_sand_generic.png-60c3c38f8443909ef7829dddf4a7b4ec.ctex
Completed load for: 'res://assets/overworld/tile_sand_generic.png' remapped 'res://assets/overworld/tile_sand_generic.png' at thread -1
Loading resource: res://assets/overworld/terrain_masks/mask_corner_convex_large_01.png remapped: res://assets/overworld/terrain_masks/mask_corner_convex_large_01.png
Loading resource: res://.godot/imported/mask_corner_convex_large_01.png-2d7389c344d9519b40dee06447edc93a.ctex remapped: res://.godot/imported/mask_corner_convex_large_01.png-2d7389c344d9519b40dee06447edc93a.ctex
Completed load for: 'res://assets/overworld/terrain_masks/mask_corner_convex_large_01.png' remapped 'res://assets/overworld/terrain_masks/mask_corner_convex_large_01.png' at thread -1
Loading resource: res://assets/overworld/terrain_masks/mask_corner_convex_large_01.png remapped: res://assets/overworld/terrain_masks/mask_corner_convex_large_01.png
Loading resource: res://.godot/imported/mask_corner_convex_large_01.png-2d7389c344d9519b40dee06447edc93a.ctex remapped: res://.godot/imported/mask_corner_convex_large_01.png-2d7389c344d9519b40dee06447edc93a.ctex
Completed load for: 'res://assets/overworld/terrain_masks/mask_corner_convex_large_01.png' remapped 'res://assets/overworld/terrain_masks/mask_corner_convex_large_01.png' at thread -1
Loading resource: res://assets/overworld/tile_sand_generic.png remapped: res://assets/overworld/tile_sand_generic.png
Loading resource: res://.godot/imported/tile_sand_generic.png-60c3c38f8443909ef7829dddf4a7b4ec.ctex remapped: res://.godot/imported/tile_sand_generic.png-60c3c38f8443909ef7829dddf4a7b4ec.ctex
Completed load for: 'res://assets/overworld/tile_sand_generic.png' remapped 'res://assets/overworld/tile_sand_generic.png' at thread -1
Loading resource: res://assets/overworld/terrain_masks/mask_corner_convex_large_01.png remapped: res://assets/overworld/terrain_masks/mask_corner_convex_large_01.png
Loading resource: res://.godot/imported/mask_corner_convex_large_01.png-2d7389c344d9519b40dee06447edc93a.ctex remapped: res://.godot/imported/mask_corner_convex_large_01.png-2d7389c344d9519b40dee06447edc93a.ctex
Completed load for: 'res://assets/overworld/terrain_masks/mask_corner_convex_large_01.png' remapped 'res://assets/overworld/terrain_masks/mask_corner_convex_large_01.png' at thread -1
Loading resource: res://assets/overworld/tile_sand_generic.png remapped: res://assets/overworld/tile_sand_generic.png
Loading resource: res://.godot/imported/tile_sand_generic.png-60c3c38f8443909ef7829dddf4a7b4ec.ctex remapped: res://.godot/imported/tile_sand_generic.png-60c3c38f8443909ef7829dddf4a7b4ec.ctex
Completed load for: 'res://assets/overworld/tile_sand_generic.png' remapped 'res://assets/overworld/tile_sand_generic.png' at thread -1
Loading resource: res://assets/overworld/terrain_masks/mask_corner_convex_large_01.png remapped: res://assets/overworld/terrain_masks/mask_corner_convex_large_01.png
Loading resource: res://.godot/imported/mask_corner_convex_large_01.png-2d7389c344d9519b40dee06447edc93a.ctex remapped: res://.godot/imported/mask_corner_convex_large_01.png-2d7389c344d9519b40dee06447edc93a.ctex
Completed load for: 'res://assets/overworld/terrain_masks/mask_corner_convex_large_01.png' remapped 'res://assets/overworld/terrain_masks/mask_corner_convex_large_01.png' at thread -1
Loading resource: res://assets/overworld/tile_sand_generic.png remapped: res://assets/overworld/tile_sand_generic.png
Loading resource: res://.godot/imported/tile_sand_generic.png-60c3c38f8443909ef7829dddf4a7b4ec.ctex remapped: res://.godot/imported/tile_sand_generic.png-60c3c38f8443909ef7829dddf4a7b4ec.ctex
Completed load for: 'res://assets/overworld/tile_sand_generic.png' remapped 'res://assets/overworld/tile_sand_generic.png' at thread -1
Loading resource: res://assets/overworld/terrain_masks/mask_corner_convex_large_01.png remapped: res://assets/overworld/terrain_masks/mask_corner_convex_large_01.png
Loading resource: res://.godot/imported/mask_corner_convex_large_01.png-2d7389c344d9519b40dee06447edc93a.ctex remapped: res://.godot/imported/mask_corner_convex_large_01.png-2d7389c344d9519b40dee06447edc93a.ctex
Completed load for: 'res://assets/overworld/terrain_masks/mask_corner_convex_large_01.png' remapped 'res://assets/overworld/terrain_masks/mask_corner_convex_large_01.png' at thread -1
Loading resource: res://assets/overworld/tile_sand_generic.png remapped: res://assets/overworld/tile_sand_generic.png
Loading resource: res://.godot/imported/tile_sand_generic.png-60c3c38f8443909ef7829dddf4a7b4ec.ctex remapped: res://.godot/imported/tile_sand_generic.png-60c3c38f8443909ef7829dddf4a7b4ec.ctex
Completed load for: 'res://assets/overworld/tile_sand_generic.png' remapped 'res://assets/overworld/tile_sand_generic.png' at thread -1
Loading resource: res://assets/overworld/terrain_masks/mask_corner_convex_large_01.png remapped: res://assets/overworld/terrain_masks/mask_corner_convex_large_01.png
Loading resource: res://.godot/imported/mask_corner_convex_large_01.png-2d7389c344d9519b40dee06447edc93a.ctex remapped: res://.godot/imported/mask_corner_convex_large_01.png-2d7389c344d9519b40dee06447edc93a.ctex
Completed load for: 'res://assets/overworld/terrain_masks/mask_corner_convex_large_01.png' remapped 'res://assets/overworld/terrain_masks/mask_corner_convex_large_01.png' at thread -1
Loading resource: res://assets/overworld/tile_sand_generic.png remapped: res://assets/overworld/tile_sand_generic.png
Loading resource: res://.godot/imported/tile_sand_generic.png-60c3c38f8443909ef7829dddf4a7b4ec.ctex remapped: res://.godot/imported/tile_sand_generic.png-60c3c38f8443909ef7829dddf4a7b4ec.ctex
Completed load for: 'res://assets/overworld/tile_sand_generic.png' remapped 'res://assets/overworld/tile_sand_generic.png' at thread -1
Loading resource: res://assets/overworld/terrain_masks/mask_corner_convex_large_02.png remapped: res://assets/overworld/terrain_masks/mask_corner_convex_large_02.png
Loading resource: res://.godot/imported/mask_corner_convex_large_02.png-130ae886bc0c955a381f4d1640b1f7b1.ctex remapped: res://.godot/imported/mask_corner_convex_large_02.png-130ae886bc0c955a381f4d1640b1f7b1.ctex
Completed load for: 'res://assets/overworld/terrain_masks/mask_corner_convex_large_02.png' remapped 'res://assets/overworld/terrain_masks/mask_corner_convex_large_02.png' at thread -1
Loading resource: res://assets/overworld/terrain_masks/mask_corner_convex_large_02.png remapped: res://assets/overworld/terrain_masks/mask_corner_convex_large_02.png
Loading resource: res://.godot/imported/mask_corner_convex_large_02.png-130ae886bc0c955a381f4d1640b1f7b1.ctex remapped: res://.godot/imported/mask_corner_convex_large_02.png-130ae886bc0c955a381f4d1640b1f7b1.ctex
Completed load for: 'res://assets/overworld/terrain_masks/mask_corner_convex_large_02.png' remapped 'res://assets/overworld/terrain_masks/mask_corner_convex_large_02.png' at thread -1
Loading resource: res://assets/overworld/tile_sand_generic.png remapped: res://assets/overworld/tile_sand_generic.png
Loading resource: res://.godot/imported/tile_sand_generic.png-60c3c38f8443909ef7829dddf4a7b4ec.ctex remapped: res://.godot/imported/tile_sand_generic.png-60c3c38f8443909ef7829dddf4a7b4ec.ctex
Completed load for: 'res://assets/overworld/tile_sand_generic.png' remapped 'res://assets/overworld/tile_sand_generic.png' at thread -1
Loading resource: res://assets/overworld/terrain_masks/mask_corner_convex_large_02.png remapped: res://assets/overworld/terrain_masks/mask_corner_convex_large_02.png
Loading resource: res://.godot/imported/mask_corner_convex_large_02.png-130ae886bc0c955a381f4d1640b1f7b1.ctex remapped: res://.godot/imported/mask_corner_convex_large_02.png-130ae886bc0c955a381f4d1640b1f7b1.ctex
Completed load for: 'res://assets/overworld/terrain_masks/mask_corner_convex_large_02.png' remapped 'res://assets/overworld/terrain_masks/mask_corner_convex_large_02.png' at thread -1
Loading resource: res://assets/overworld/terrain_masks/mask_corner_convex_large_02.png remapped: res://assets/overworld/terrain_masks/mask_corner_convex_large_02.png
Loading resource: res://.godot/imported/mask_corner_convex_large_02.png-130ae886bc0c955a381f4d1640b1f7b1.ctex remapped: res://.godot/imported/mask_corner_convex_large_02.png-130ae886bc0c955a381f4d1640b1f7b1.ctex
Completed load for: 'res://assets/overworld/terrain_masks/mask_corner_convex_large_02.png' remapped 'res://assets/overworld/terrain_masks/mask_corner_convex_large_02.png' at thread -1
Loading resource: res://assets/overworld/tile_sand_generic.png remapped: res://assets/overworld/tile_sand_generic.png
Loading resource: res://.godot/imported/tile_sand_generic.png-60c3c38f8443909ef7829dddf4a7b4ec.ctex remapped: res://.godot/imported/tile_sand_generic.png-60c3c38f8443909ef7829dddf4a7b4ec.ctex
Completed load for: 'res://assets/overworld/tile_sand_generic.png' remapped 'res://assets/overworld/tile_sand_generic.png' at thread -1
Loading resource: res://assets/overworld/terrain_masks/mask_corner_convex_large_02.png remapped: res://assets/overworld/terrain_masks/mask_corner_convex_large_02.png
Loading resource: res://.godot/imported/mask_corner_convex_large_02.png-130ae886bc0c955a381f4d1640b1f7b1.ctex remapped: res://.godot/imported/mask_corner_convex_large_02.png-130ae886bc0c955a381f4d1640b1f7b1.ctex
Completed load for: 'res://assets/overworld/terrain_masks/mask_corner_convex_large_02.png' remapped 'res://assets/overworld/terrain_masks/mask_corner_convex_large_02.png' at thread -1
Loading resource: res://assets/overworld/terrain_masks/mask_corner_convex_large_02.png remapped: res://assets/overworld/terrain_masks/mask_corner_convex_large_02.png
Loading resource: res://.godot/imported/mask_corner_convex_large_02.png-130ae886bc0c955a381f4d1640b1f7b1.ctex remapped: res://.godot/imported/mask_corner_convex_large_02.png-130ae886bc0c955a381f4d1640b1f7b1.ctex
Completed load for: 'res://assets/overworld/terrain_masks/mask_corner_convex_large_02.png' remapped 'res://assets/overworld/terrain_masks/mask_corner_convex_large_02.png' at thread -1
Loading resource: res://assets/overworld/tile_sand_generic.png remapped: res://assets/overworld/tile_sand_generic.png
Loading resource: res://.godot/imported/tile_sand_generic.png-60c3c38f8443909ef7829dddf4a7b4ec.ctex remapped: res://.godot/imported/tile_sand_generic.png-60c3c38f8443909ef7829dddf4a7b4ec.ctex
Completed load for: 'res://assets/overworld/tile_sand_generic.png' remapped 'res://assets/overworld/tile_sand_generic.png' at thread -1
Loading resource: res://assets/overworld/terrain_masks/mask_corner_convex_large_02.png remapped: res://assets/overworld/terrain_masks/mask_corner_convex_large_02.png
Loading resource: res://.godot/imported/mask_corner_convex_large_02.png-130ae886bc0c955a381f4d1640b1f7b1.ctex remapped: res://.godot/imported/mask_corner_convex_large_02.png-130ae886bc0c955a381f4d1640b1f7b1.ctex
Completed load for: 'res://assets/overworld/terrain_masks/mask_corner_convex_large_02.png' remapped 'res://assets/overworld/terrain_masks/mask_corner_convex_large_02.png' at thread -1
Loading resource: res://assets/overworld/terrain_masks/mask_corner_convex_large_02.png remapped: res://assets/overworld/terrain_masks/mask_corner_convex_large_02.png
Loading resource: res://.godot/imported/mask_corner_convex_large_02.png-130ae886bc0c955a381f4d1640b1f7b1.ctex remapped: res://.godot/imported/mask_corner_convex_large_02.png-130ae886bc0c955a381f4d1640b1f7b1.ctex
Completed load for: 'res://assets/overworld/terrain_masks/mask_corner_convex_large_02.png' remapped 'res://assets/overworld/terrain_masks/mask_corner_convex_large_02.png' at thread -1
Loading resource: res://assets/overworld/tile_sand_generic.png remapped: res://assets/overworld/tile_sand_generic.png
Loading resource: res://.godot/imported/tile_sand_generic.png-60c3c38f8443909ef7829dddf4a7b4ec.ctex remapped: res://.godot/imported/tile_sand_generic.png-60c3c38f8443909ef7829dddf4a7b4ec.ctex
Completed load for: 'res://assets/overworld/tile_sand_generic.png' remapped 'res://assets/overworld/tile_sand_generic.png' at thread -1
Loading resource: res://assets/overworld/terrain_masks/mask_corner_convex_large_02.png remapped: res://assets/overworld/terrain_masks/mask_corner_convex_large_02.png
Loading resource: res://.godot/imported/mask_corner_convex_large_02.png-130ae886bc0c955a381f4d1640b1f7b1.ctex remapped: res://.godot/imported/mask_corner_convex_large_02.png-130ae886bc0c955a381f4d1640b1f7b1.ctex
Completed load for: 'res://assets/overworld/terrain_masks/mask_corner_convex_large_02.png' remapped 'res://assets/overworld/terrain_masks/mask_corner_convex_large_02.png' at thread -1
Loading resource: res://assets/overworld/tile_sand_generic.png remapped: res://assets/overworld/tile_sand_generic.png
Loading resource: res://.godot/imported/tile_sand_generic.png-60c3c38f8443909ef7829dddf4a7b4ec.ctex remapped: res://.godot/imported/tile_sand_generic.png-60c3c38f8443909ef7829dddf4a7b4ec.ctex
Completed load for: 'res://assets/overworld/tile_sand_generic.png' remapped 'res://assets/overworld/tile_sand_generic.png' at thread -1
Loading resource: res://assets/overworld/terrain_masks/mask_corner_convex_large_02.png remapped: res://assets/overworld/terrain_masks/mask_corner_convex_large_02.png
Loading resource: res://.godot/imported/mask_corner_convex_large_02.png-130ae886bc0c955a381f4d1640b1f7b1.ctex remapped: res://.godot/imported/mask_corner_convex_large_02.png-130ae886bc0c955a381f4d1640b1f7b1.ctex
Completed load for: 'res://assets/overworld/terrain_masks/mask_corner_convex_large_02.png' remapped 'res://assets/overworld/terrain_masks/mask_corner_convex_large_02.png' at thread -1
Loading resource: res://assets/overworld/tile_sand_generic.png remapped: res://assets/overworld/tile_sand_generic.png
Loading resource: res://.godot/imported/tile_sand_generic.png-60c3c38f8443909ef7829dddf4a7b4ec.ctex remapped: res://.godot/imported/tile_sand_generic.png-60c3c38f8443909ef7829dddf4a7b4ec.ctex
Completed load for: 'res://assets/overworld/tile_sand_generic.png' remapped 'res://assets/overworld/tile_sand_generic.png' at thread -1
Loading resource: res://assets/overworld/terrain_masks/mask_corner_convex_large_02.png remapped: res://assets/overworld/terrain_masks/mask_corner_convex_large_02.png
Loading resource: res://.godot/imported/mask_corner_convex_large_02.png-130ae886bc0c955a381f4d1640b1f7b1.ctex remapped: res://.godot/imported/mask_corner_convex_large_02.png-130ae886bc0c955a381f4d1640b1f7b1.ctex
Completed load for: 'res://assets/overworld/terrain_masks/mask_corner_convex_large_02.png' remapped 'res://assets/overworld/terrain_masks/mask_corner_convex_large_02.png' at thread -1
Loading resource: res://assets/overworld/tile_sand_generic.png remapped: res://assets/overworld/tile_sand_generic.png
Loading resource: res://.godot/imported/tile_sand_generic.png-60c3c38f8443909ef7829dddf4a7b4ec.ctex remapped: res://.godot/imported/tile_sand_generic.png-60c3c38f8443909ef7829dddf4a7b4ec.ctex
Completed load for: 'res://assets/overworld/tile_sand_generic.png' remapped 'res://assets/overworld/tile_sand_generic.png' at thread -1
Loading resource: res://assets/overworld/terrain_masks/mask_corner_convex_large_02.png remapped: res://assets/overworld/terrain_masks/mask_corner_convex_large_02.png
Loading resource: res://.godot/imported/mask_corner_convex_large_02.png-130ae886bc0c955a381f4d1640b1f7b1.ctex remapped: res://.godot/imported/mask_corner_convex_large_02.png-130ae886bc0c955a381f4d1640b1f7b1.ctex
Completed load for: 'res://assets/overworld/terrain_masks/mask_corner_convex_large_02.png' remapped 'res://assets/overworld/terrain_masks/mask_corner_convex_large_02.png' at thread -1
Loading resource: res://assets/overworld/tile_sand_generic.png remapped: res://assets/overworld/tile_sand_generic.png
Loading resource: res://.godot/imported/tile_sand_generic.png-60c3c38f8443909ef7829dddf4a7b4ec.ctex remapped: res://.godot/imported/tile_sand_generic.png-60c3c38f8443909ef7829dddf4a7b4ec.ctex
Completed load for: 'res://assets/overworld/tile_sand_generic.png' remapped 'res://assets/overworld/tile_sand_generic.png' at thread -1
Loading resource: res://assets/overworld/terrain_masks/mask_corner_convex_large_03.png remapped: res://assets/overworld/terrain_masks/mask_corner_convex_large_03.png
Loading resource: res://.godot/imported/mask_corner_convex_large_03.png-a4b0a3935da3462fa01721722cf8d99c.ctex remapped: res://.godot/imported/mask_corner_convex_large_03.png-a4b0a3935da3462fa01721722cf8d99c.ctex
Completed load for: 'res://assets/overworld/terrain_masks/mask_corner_convex_large_03.png' remapped 'res://assets/overworld/terrain_masks/mask_corner_convex_large_03.png' at thread -1
Loading resource: res://assets/overworld/terrain_masks/mask_corner_convex_large_03.png remapped: res://assets/overworld/terrain_masks/mask_corner_convex_large_03.png
Loading resource: res://.godot/imported/mask_corner_convex_large_03.png-a4b0a3935da3462fa01721722cf8d99c.ctex remapped: res://.godot/imported/mask_corner_convex_large_03.png-a4b0a3935da3462fa01721722cf8d99c.ctex
Completed load for: 'res://assets/overworld/terrain_masks/mask_corner_convex_large_03.png' remapped 'res://assets/overworld/terrain_masks/mask_corner_convex_large_03.png' at thread -1
Loading resource: res://assets/overworld/tile_sand_generic.png remapped: res://assets/overworld/tile_sand_generic.png
Loading resource: res://.godot/imported/tile_sand_generic.png-60c3c38f8443909ef7829dddf4a7b4ec.ctex remapped: res://.godot/imported/tile_sand_generic.png-60c3c38f8443909ef7829dddf4a7b4ec.ctex
Completed load for: 'res://assets/overworld/tile_sand_generic.png' remapped 'res://assets/overworld/tile_sand_generic.png' at thread -1
Loading resource: res://assets/overworld/terrain_masks/mask_corner_convex_large_03.png remapped: res://assets/overworld/terrain_masks/mask_corner_convex_large_03.png
Loading resource: res://.godot/imported/mask_corner_convex_large_03.png-a4b0a3935da3462fa01721722cf8d99c.ctex remapped: res://.godot/imported/mask_corner_convex_large_03.png-a4b0a3935da3462fa01721722cf8d99c.ctex
Completed load for: 'res://assets/overworld/terrain_masks/mask_corner_convex_large_03.png' remapped 'res://assets/overworld/terrain_masks/mask_corner_convex_large_03.png' at thread -1
Loading resource: res://assets/overworld/terrain_masks/mask_corner_convex_large_03.png remapped: res://assets/overworld/terrain_masks/mask_corner_convex_large_03.png
Loading resource: res://.godot/imported/mask_corner_convex_large_03.png-a4b0a3935da3462fa01721722cf8d99c.ctex remapped: res://.godot/imported/mask_corner_convex_large_03.png-a4b0a3935da3462fa01721722cf8d99c.ctex
Completed load for: 'res://assets/overworld/terrain_masks/mask_corner_convex_large_03.png' remapped 'res://assets/overworld/terrain_masks/mask_corner_convex_large_03.png' at thread -1
Loading resource: res://assets/overworld/tile_sand_generic.png remapped: res://assets/overworld/tile_sand_generic.png
Loading resource: res://.godot/imported/tile_sand_generic.png-60c3c38f8443909ef7829dddf4a7b4ec.ctex remapped: res://.godot/imported/tile_sand_generic.png-60c3c38f8443909ef7829dddf4a7b4ec.ctex
Completed load for: 'res://assets/overworld/tile_sand_generic.png' remapped 'res://assets/overworld/tile_sand_generic.png' at thread -1
Loading resource: res://assets/overworld/terrain_masks/mask_corner_convex_large_03.png remapped: res://assets/overworld/terrain_masks/mask_corner_convex_large_03.png
Loading resource: res://.godot/imported/mask_corner_convex_large_03.png-a4b0a3935da3462fa01721722cf8d99c.ctex remapped: res://.godot/imported/mask_corner_convex_large_03.png-a4b0a3935da3462fa01721722cf8d99c.ctex
Completed load for: 'res://assets/overworld/terrain_masks/mask_corner_convex_large_03.png' remapped 'res://assets/overworld/terrain_masks/mask_corner_convex_large_03.png' at thread -1
Loading resource: res://assets/overworld/terrain_masks/mask_corner_convex_large_03.png remapped: res://assets/overworld/terrain_masks/mask_corner_convex_large_03.png
Loading resource: res://.godot/imported/mask_corner_convex_large_03.png-a4b0a3935da3462fa01721722cf8d99c.ctex remapped: res://.godot/imported/mask_corner_convex_large_03.png-a4b0a3935da3462fa01721722cf8d99c.ctex
Completed load for: 'res://assets/overworld/terrain_masks/mask_corner_convex_large_03.png' remapped 'res://assets/overworld/terrain_masks/mask_corner_convex_large_03.png' at thread -1
Loading resource: res://assets/overworld/tile_sand_generic.png remapped: res://assets/overworld/tile_sand_generic.png
Loading resource: res://.godot/imported/tile_sand_generic.png-60c3c38f8443909ef7829dddf4a7b4ec.ctex remapped: res://.godot/imported/tile_sand_generic.png-60c3c38f8443909ef7829dddf4a7b4ec.ctex
Completed load for: 'res://assets/overworld/tile_sand_generic.png' remapped 'res://assets/overworld/tile_sand_generic.png' at thread -1
Loading resource: res://assets/overworld/terrain_masks/mask_corner_convex_large_03.png remapped: res://assets/overworld/terrain_masks/mask_corner_convex_large_03.png
Loading resource: res://.godot/imported/mask_corner_convex_large_03.png-a4b0a3935da3462fa01721722cf8d99c.ctex remapped: res://.godot/imported/mask_corner_convex_large_03.png-a4b0a3935da3462fa01721722cf8d99c.ctex
Completed load for: 'res://assets/overworld/terrain_masks/mask_corner_convex_large_03.png' remapped 'res://assets/overworld/terrain_masks/mask_corner_convex_large_03.png' at thread -1
Loading resource: res://assets/overworld/terrain_masks/mask_corner_convex_large_03.png remapped: res://assets/overworld/terrain_masks/mask_corner_convex_large_03.png
Loading resource: res://.godot/imported/mask_corner_convex_large_03.png-a4b0a3935da3462fa01721722cf8d99c.ctex remapped: res://.godot/imported/mask_corner_convex_large_03.png-a4b0a3935da3462fa01721722cf8d99c.ctex
Completed load for: 'res://assets/overworld/terrain_masks/mask_corner_convex_large_03.png' remapped 'res://assets/overworld/terrain_masks/mask_corner_convex_large_03.png' at thread -1
Loading resource: res://assets/overworld/tile_sand_generic.png remapped: res://assets/overworld/tile_sand_generic.png
Loading resource: res://.godot/imported/tile_sand_generic.png-60c3c38f8443909ef7829dddf4a7b4ec.ctex remapped: res://.godot/imported/tile_sand_generic.png-60c3c38f8443909ef7829dddf4a7b4ec.ctex
Completed load for: 'res://assets/overworld/tile_sand_generic.png' remapped 'res://assets/overworld/tile_sand_generic.png' at thread -1
Loading resource: res://assets/overworld/terrain_masks/mask_corner_convex_large_03.png remapped: res://assets/overworld/terrain_masks/mask_corner_convex_large_03.png
Loading resource: res://.godot/imported/mask_corner_convex_large_03.png-a4b0a3935da3462fa01721722cf8d99c.ctex remapped: res://.godot/imported/mask_corner_convex_large_03.png-a4b0a3935da3462fa01721722cf8d99c.ctex
Completed load for: 'res://assets/overworld/terrain_masks/mask_corner_convex_large_03.png' remapped 'res://assets/overworld/terrain_masks/mask_corner_convex_large_03.png' at thread -1
Loading resource: res://assets/overworld/tile_sand_generic.png remapped: res://assets/overworld/tile_sand_generic.png
Loading resource: res://.godot/imported/tile_sand_generic.png-60c3c38f8443909ef7829dddf4a7b4ec.ctex remapped: res://.godot/imported/tile_sand_generic.png-60c3c38f8443909ef7829dddf4a7b4ec.ctex
Completed load for: 'res://assets/overworld/tile_sand_generic.png' remapped 'res://assets/overworld/tile_sand_generic.png' at thread -1
Loading resource: res://assets/overworld/terrain_masks/mask_corner_convex_large_03.png remapped: res://assets/overworld/terrain_masks/mask_corner_convex_large_03.png
Loading resource: res://.godot/imported/mask_corner_convex_large_03.png-a4b0a3935da3462fa01721722cf8d99c.ctex remapped: res://.godot/imported/mask_corner_convex_large_03.png-a4b0a3935da3462fa01721722cf8d99c.ctex
Completed load for: 'res://assets/overworld/terrain_masks/mask_corner_convex_large_03.png' remapped 'res://assets/overworld/terrain_masks/mask_corner_convex_large_03.png' at thread -1
Loading resource: res://assets/overworld/tile_sand_generic.png remapped: res://assets/overworld/tile_sand_generic.png
Loading resource: res://.godot/imported/tile_sand_generic.png-60c3c38f8443909ef7829dddf4a7b4ec.ctex remapped: res://.godot/imported/tile_sand_generic.png-60c3c38f8443909ef7829dddf4a7b4ec.ctex
Completed load for: 'res://assets/overworld/tile_sand_generic.png' remapped 'res://assets/overworld/tile_sand_generic.png' at thread -1
Loading resource: res://assets/overworld/terrain_masks/mask_corner_convex_large_03.png remapped: res://assets/overworld/terrain_masks/mask_corner_convex_large_03.png
Loading resource: res://.godot/imported/mask_corner_convex_large_03.png-a4b0a3935da3462fa01721722cf8d99c.ctex remapped: res://.godot/imported/mask_corner_convex_large_03.png-a4b0a3935da3462fa01721722cf8d99c.ctex
Completed load for: 'res://assets/overworld/terrain_masks/mask_corner_convex_large_03.png' remapped 'res://assets/overworld/terrain_masks/mask_corner_convex_large_03.png' at thread -1
Loading resource: res://assets/overworld/tile_sand_generic.png remapped: res://assets/overworld/tile_sand_generic.png
Loading resource: res://.godot/imported/tile_sand_generic.png-60c3c38f8443909ef7829dddf4a7b4ec.ctex remapped: res://.godot/imported/tile_sand_generic.png-60c3c38f8443909ef7829dddf4a7b4ec.ctex
Completed load for: 'res://assets/overworld/tile_sand_generic.png' remapped 'res://assets/overworld/tile_sand_generic.png' at thread -1
Loading resource: res://assets/overworld/terrain_masks/mask_corner_convex_large_03.png remapped: res://assets/overworld/terrain_masks/mask_corner_convex_large_03.png
Loading resource: res://.godot/imported/mask_corner_convex_large_03.png-a4b0a3935da3462fa01721722cf8d99c.ctex remapped: res://.godot/imported/mask_corner_convex_large_03.png-a4b0a3935da3462fa01721722cf8d99c.ctex
Completed load for: 'res://assets/overworld/terrain_masks/mask_corner_convex_large_03.png' remapped 'res://assets/overworld/terrain_masks/mask_corner_convex_large_03.png' at thread -1
Loading resource: res://assets/overworld/tile_sand_generic.png remapped: res://assets/overworld/tile_sand_generic.png
Loading resource: res://.godot/imported/tile_sand_generic.png-60c3c38f8443909ef7829dddf4a7b4ec.ctex remapped: res://.godot/imported/tile_sand_generic.png-60c3c38f8443909ef7829dddf4a7b4ec.ctex
Completed load for: 'res://assets/overworld/tile_sand_generic.png' remapped 'res://assets/overworld/tile_sand_generic.png' at thread -1
Loading resource: res://assets/overworld/terrain_masks/mask_corner_convex_large_04.png remapped: res://assets/overworld/terrain_masks/mask_corner_convex_large_04.png
Loading resource: res://.godot/imported/mask_corner_convex_large_04.png-4f750d225156e3f52fccf166041bee8d.ctex remapped: res://.godot/imported/mask_corner_convex_large_04.png-4f750d225156e3f52fccf166041bee8d.ctex
Completed load for: 'res://assets/overworld/terrain_masks/mask_corner_convex_large_04.png' remapped 'res://assets/overworld/terrain_masks/mask_corner_convex_large_04.png' at thread -1
Loading resource: res://assets/overworld/terrain_masks/mask_corner_convex_large_04.png remapped: res://assets/overworld/terrain_masks/mask_corner_convex_large_04.png
Loading resource: res://.godot/imported/mask_corner_convex_large_04.png-4f750d225156e3f52fccf166041bee8d.ctex remapped: res://.godot/imported/mask_corner_convex_large_04.png-4f750d225156e3f52fccf166041bee8d.ctex
Completed load for: 'res://assets/overworld/terrain_masks/mask_corner_convex_large_04.png' remapped 'res://assets/overworld/terrain_masks/mask_corner_convex_large_04.png' at thread -1
Loading resource: res://assets/overworld/tile_sand_generic.png remapped: res://assets/overworld/tile_sand_generic.png
Loading resource: res://.godot/imported/tile_sand_generic.png-60c3c38f8443909ef7829dddf4a7b4ec.ctex remapped: res://.godot/imported/tile_sand_generic.png-60c3c38f8443909ef7829dddf4a7b4ec.ctex
Completed load for: 'res://assets/overworld/tile_sand_generic.png' remapped 'res://assets/overworld/tile_sand_generic.png' at thread -1
Loading resource: res://assets/overworld/terrain_masks/mask_corner_convex_large_04.png remapped: res://assets/overworld/terrain_masks/mask_corner_convex_large_04.png
Loading resource: res://.godot/imported/mask_corner_convex_large_04.png-4f750d225156e3f52fccf166041bee8d.ctex remapped: res://.godot/imported/mask_corner_convex_large_04.png-4f750d225156e3f52fccf166041bee8d.ctex
Completed load for: 'res://assets/overworld/terrain_masks/mask_corner_convex_large_04.png' remapped 'res://assets/overworld/terrain_masks/mask_corner_convex_large_04.png' at thread -1
Loading resource: res://assets/overworld/terrain_masks/mask_corner_convex_large_04.png remapped: res://assets/overworld/terrain_masks/mask_corner_convex_large_04.png
Loading resource: res://.godot/imported/mask_corner_convex_large_04.png-4f750d225156e3f52fccf166041bee8d.ctex remapped: res://.godot/imported/mask_corner_convex_large_04.png-4f750d225156e3f52fccf166041bee8d.ctex
Completed load for: 'res://assets/overworld/terrain_masks/mask_corner_convex_large_04.png' remapped 'res://assets/overworld/terrain_masks/mask_corner_convex_large_04.png' at thread -1
Loading resource: res://assets/overworld/tile_sand_generic.png remapped: res://assets/overworld/tile_sand_generic.png
Loading resource: res://.godot/imported/tile_sand_generic.png-60c3c38f8443909ef7829dddf4a7b4ec.ctex remapped: res://.godot/imported/tile_sand_generic.png-60c3c38f8443909ef7829dddf4a7b4ec.ctex
Completed load for: 'res://assets/overworld/tile_sand_generic.png' remapped 'res://assets/overworld/tile_sand_generic.png' at thread -1
Loading resource: res://assets/overworld/terrain_masks/mask_corner_convex_large_04.png remapped: res://assets/overworld/terrain_masks/mask_corner_convex_large_04.png
Loading resource: res://.godot/imported/mask_corner_convex_large_04.png-4f750d225156e3f52fccf166041bee8d.ctex remapped: res://.godot/imported/mask_corner_convex_large_04.png-4f750d225156e3f52fccf166041bee8d.ctex
Completed load for: 'res://assets/overworld/terrain_masks/mask_corner_convex_large_04.png' remapped 'res://assets/overworld/terrain_masks/mask_corner_convex_large_04.png' at thread -1
Loading resource: res://assets/overworld/terrain_masks/mask_corner_convex_large_04.png remapped: res://assets/overworld/terrain_masks/mask_corner_convex_large_04.png
Loading resource: res://.godot/imported/mask_corner_convex_large_04.png-4f750d225156e3f52fccf166041bee8d.ctex remapped: res://.godot/imported/mask_corner_convex_large_04.png-4f750d225156e3f52fccf166041bee8d.ctex
Completed load for: 'res://assets/overworld/terrain_masks/mask_corner_convex_large_04.png' remapped 'res://assets/overworld/terrain_masks/mask_corner_convex_large_04.png' at thread -1
Loading resource: res://assets/overworld/tile_sand_generic.png remapped: res://assets/overworld/tile_sand_generic.png
Loading resource: res://.godot/imported/tile_sand_generic.png-60c3c38f8443909ef7829dddf4a7b4ec.ctex remapped: res://.godot/imported/tile_sand_generic.png-60c3c38f8443909ef7829dddf4a7b4ec.ctex
Completed load for: 'res://assets/overworld/tile_sand_generic.png' remapped 'res://assets/overworld/tile_sand_generic.png' at thread -1
Loading resource: res://assets/overworld/terrain_masks/mask_corner_convex_large_04.png remapped: res://assets/overworld/terrain_masks/mask_corner_convex_large_04.png
Loading resource: res://.godot/imported/mask_corner_convex_large_04.png-4f750d225156e3f52fccf166041bee8d.ctex remapped: res://.godot/imported/mask_corner_convex_large_04.png-4f750d225156e3f52fccf166041bee8d.ctex
Completed load for: 'res://assets/overworld/terrain_masks/mask_corner_convex_large_04.png' remapped 'res://assets/overworld/terrain_masks/mask_corner_convex_large_04.png' at thread -1
Loading resource: res://assets/overworld/terrain_masks/mask_corner_convex_large_04.png remapped: res://assets/overworld/terrain_masks/mask_corner_convex_large_04.png
Loading resource: res://.godot/imported/mask_corner_convex_large_04.png-4f750d225156e3f52fccf166041bee8d.ctex remapped: res://.godot/imported/mask_corner_convex_large_04.png-4f750d225156e3f52fccf166041bee8d.ctex
Completed load for: 'res://assets/overworld/terrain_masks/mask_corner_convex_large_04.png' remapped 'res://assets/overworld/terrain_masks/mask_corner_convex_large_04.png' at thread -1
Loading resource: res://assets/overworld/tile_sand_generic.png remapped: res://assets/overworld/tile_sand_generic.png
Loading resource: res://.godot/imported/tile_sand_generic.png-60c3c38f8443909ef7829dddf4a7b4ec.ctex remapped: res://.godot/imported/tile_sand_generic.png-60c3c38f8443909ef7829dddf4a7b4ec.ctex
Completed load for: 'res://assets/overworld/tile_sand_generic.png' remapped 'res://assets/overworld/tile_sand_generic.png' at thread -1
Loading resource: res://assets/overworld/terrain_masks/mask_corner_convex_large_04.png remapped: res://assets/overworld/terrain_masks/mask_corner_convex_large_04.png
Loading resource: res://.godot/imported/mask_corner_convex_large_04.png-4f750d225156e3f52fccf166041bee8d.ctex remapped: res://.godot/imported/mask_corner_convex_large_04.png-4f750d225156e3f52fccf166041bee8d.ctex
Completed load for: 'res://assets/overworld/terrain_masks/mask_corner_convex_large_04.png' remapped 'res://assets/overworld/terrain_masks/mask_corner_convex_large_04.png' at thread -1
Loading resource: res://assets/overworld/tile_sand_generic.png remapped: res://assets/overworld/tile_sand_generic.png
Loading resource: res://.godot/imported/tile_sand_generic.png-60c3c38f8443909ef7829dddf4a7b4ec.ctex remapped: res://.godot/imported/tile_sand_generic.png-60c3c38f8443909ef7829dddf4a7b4ec.ctex
Completed load for: 'res://assets/overworld/tile_sand_generic.png' remapped 'res://assets/overworld/tile_sand_generic.png' at thread -1
Loading resource: res://assets/overworld/terrain_masks/mask_corner_convex_large_04.png remapped: res://assets/overworld/terrain_masks/mask_corner_convex_large_04.png
Loading resource: res://.godot/imported/mask_corner_convex_large_04.png-4f750d225156e3f52fccf166041bee8d.ctex remapped: res://.godot/imported/mask_corner_convex_large_04.png-4f750d225156e3f52fccf166041bee8d.ctex
Completed load for: 'res://assets/overworld/terrain_masks/mask_corner_convex_large_04.png' remapped 'res://assets/overworld/terrain_masks/mask_corner_convex_large_04.png' at thread -1
Loading resource: res://assets/overworld/tile_sand_generic.png remapped: res://assets/overworld/tile_sand_generic.png
Loading resource: res://.godot/imported/tile_sand_generic.png-60c3c38f8443909ef7829dddf4a7b4ec.ctex remapped: res://.godot/imported/tile_sand_generic.png-60c3c38f8443909ef7829dddf4a7b4ec.ctex
Completed load for: 'res://assets/overworld/tile_sand_generic.png' remapped 'res://assets/overworld/tile_sand_generic.png' at thread -1
Loading resource: res://assets/overworld/terrain_masks/mask_corner_convex_large_04.png remapped: res://assets/overworld/terrain_masks/mask_corner_convex_large_04.png
Loading resource: res://.godot/imported/mask_corner_convex_large_04.png-4f750d225156e3f52fccf166041bee8d.ctex remapped: res://.godot/imported/mask_corner_convex_large_04.png-4f750d225156e3f52fccf166041bee8d.ctex
Completed load for: 'res://assets/overworld/terrain_masks/mask_corner_convex_large_04.png' remapped 'res://assets/overworld/terrain_masks/mask_corner_convex_large_04.png' at thread -1
Loading resource: res://assets/overworld/tile_sand_generic.png remapped: res://assets/overworld/tile_sand_generic.png
Loading resource: res://.godot/imported/tile_sand_generic.png-60c3c38f8443909ef7829dddf4a7b4ec.ctex remapped: res://.godot/imported/tile_sand_generic.png-60c3c38f8443909ef7829dddf4a7b4ec.ctex
Completed load for: 'res://assets/overworld/tile_sand_generic.png' remapped 'res://assets/overworld/tile_sand_generic.png' at thread -1
Loading resource: res://assets/overworld/terrain_masks/mask_corner_convex_large_04.png remapped: res://assets/overworld/terrain_masks/mask_corner_convex_large_04.png
Loading resource: res://.godot/imported/mask_corner_convex_large_04.png-4f750d225156e3f52fccf166041bee8d.ctex remapped: res://.godot/imported/mask_corner_convex_large_04.png-4f750d225156e3f52fccf166041bee8d.ctex
Completed load for: 'res://assets/overworld/terrain_masks/mask_corner_convex_large_04.png' remapped 'res://assets/overworld/terrain_masks/mask_corner_convex_large_04.png' at thread -1
Loading resource: res://assets/overworld/tile_sand_generic.png remapped: res://assets/overworld/tile_sand_generic.png
Loading resource: res://.godot/imported/tile_sand_generic.png-60c3c38f8443909ef7829dddf4a7b4ec.ctex remapped: res://.godot/imported/tile_sand_generic.png-60c3c38f8443909ef7829dddf4a7b4ec.ctex
Completed load for: 'res://assets/overworld/tile_sand_generic.png' remapped 'res://assets/overworld/tile_sand_generic.png' at thread -1
Loading resource: res://assets/overworld/terrain_masks/mask_corner_a_dominant_00.png remapped: res://assets/overworld/terrain_masks/mask_corner_a_dominant_00.png
Loading resource: res://.godot/imported/mask_corner_a_dominant_00.png-426a5c6fbd50f9b4141f6e1c0de6309a.ctex remapped: res://.godot/imported/mask_corner_a_dominant_00.png-426a5c6fbd50f9b4141f6e1c0de6309a.ctex
Completed load for: 'res://assets/overworld/terrain_masks/mask_corner_a_dominant_00.png' remapped 'res://assets/overworld/terrain_masks/mask_corner_a_dominant_00.png' at thread -1
Loading resource: res://assets/overworld/terrain_masks/mask_corner_a_dominant_00.png remapped: res://assets/overworld/terrain_masks/mask_corner_a_dominant_00.png
Loading resource: res://.godot/imported/mask_corner_a_dominant_00.png-426a5c6fbd50f9b4141f6e1c0de6309a.ctex remapped: res://.godot/imported/mask_corner_a_dominant_00.png-426a5c6fbd50f9b4141f6e1c0de6309a.ctex
Completed load for: 'res://assets/overworld/terrain_masks/mask_corner_a_dominant_00.png' remapped 'res://assets/overworld/terrain_masks/mask_corner_a_dominant_00.png' at thread -1
Loading resource: res://assets/overworld/tile_sand_generic.png remapped: res://assets/overworld/tile_sand_generic.png
Loading resource: res://.godot/imported/tile_sand_generic.png-60c3c38f8443909ef7829dddf4a7b4ec.ctex remapped: res://.godot/imported/tile_sand_generic.png-60c3c38f8443909ef7829dddf4a7b4ec.ctex
Completed load for: 'res://assets/overworld/tile_sand_generic.png' remapped 'res://assets/overworld/tile_sand_generic.png' at thread -1
Loading resource: res://assets/overworld/terrain_masks/mask_corner_a_dominant_00.png remapped: res://assets/overworld/terrain_masks/mask_corner_a_dominant_00.png
Loading resource: res://.godot/imported/mask_corner_a_dominant_00.png-426a5c6fbd50f9b4141f6e1c0de6309a.ctex remapped: res://.godot/imported/mask_corner_a_dominant_00.png-426a5c6fbd50f9b4141f6e1c0de6309a.ctex
Completed load for: 'res://assets/overworld/terrain_masks/mask_corner_a_dominant_00.png' remapped 'res://assets/overworld/terrain_masks/mask_corner_a_dominant_00.png' at thread -1
Loading resource: res://assets/overworld/terrain_masks/mask_corner_a_dominant_00.png remapped: res://assets/overworld/terrain_masks/mask_corner_a_dominant_00.png
Loading resource: res://.godot/imported/mask_corner_a_dominant_00.png-426a5c6fbd50f9b4141f6e1c0de6309a.ctex remapped: res://.godot/imported/mask_corner_a_dominant_00.png-426a5c6fbd50f9b4141f6e1c0de6309a.ctex
Completed load for: 'res://assets/overworld/terrain_masks/mask_corner_a_dominant_00.png' remapped 'res://assets/overworld/terrain_masks/mask_corner_a_dominant_00.png' at thread -1
Loading resource: res://assets/overworld/tile_sand_generic.png remapped: res://assets/overworld/tile_sand_generic.png
Loading resource: res://.godot/imported/tile_sand_generic.png-60c3c38f8443909ef7829dddf4a7b4ec.ctex remapped: res://.godot/imported/tile_sand_generic.png-60c3c38f8443909ef7829dddf4a7b4ec.ctex
Completed load for: 'res://assets/overworld/tile_sand_generic.png' remapped 'res://assets/overworld/tile_sand_generic.png' at thread -1
Loading resource: res://assets/overworld/terrain_masks/mask_corner_a_dominant_00.png remapped: res://assets/overworld/terrain_masks/mask_corner_a_dominant_00.png
Loading resource: res://.godot/imported/mask_corner_a_dominant_00.png-426a5c6fbd50f9b4141f6e1c0de6309a.ctex remapped: res://.godot/imported/mask_corner_a_dominant_00.png-426a5c6fbd50f9b4141f6e1c0de6309a.ctex
Completed load for: 'res://assets/overworld/terrain_masks/mask_corner_a_dominant_00.png' remapped 'res://assets/overworld/terrain_masks/mask_corner_a_dominant_00.png' at thread -1
Loading resource: res://assets/overworld/terrain_masks/mask_corner_a_dominant_00.png remapped: res://assets/overworld/terrain_masks/mask_corner_a_dominant_00.png
Loading resource: res://.godot/imported/mask_corner_a_dominant_00.png-426a5c6fbd50f9b4141f6e1c0de6309a.ctex remapped: res://.godot/imported/mask_corner_a_dominant_00.png-426a5c6fbd50f9b4141f6e1c0de6309a.ctex
Completed load for: 'res://assets/overworld/terrain_masks/mask_corner_a_dominant_00.png' remapped 'res://assets/overworld/terrain_masks/mask_corner_a_dominant_00.png' at thread -1
Loading resource: res://assets/overworld/tile_sand_generic.png remapped: res://assets/overworld/tile_sand_generic.png
Loading resource: res://.godot/imported/tile_sand_generic.png-60c3c38f8443909ef7829dddf4a7b4ec.ctex remapped: res://.godot/imported/tile_sand_generic.png-60c3c38f8443909ef7829dddf4a7b4ec.ctex
Completed load for: 'res://assets/overworld/tile_sand_generic.png' remapped 'res://assets/overworld/tile_sand_generic.png' at thread -1
Loading resource: res://assets/overworld/terrain_masks/mask_corner_a_dominant_00.png remapped: res://assets/overworld/terrain_masks/mask_corner_a_dominant_00.png
Loading resource: res://.godot/imported/mask_corner_a_dominant_00.png-426a5c6fbd50f9b4141f6e1c0de6309a.ctex remapped: res://.godot/imported/mask_corner_a_dominant_00.png-426a5c6fbd50f9b4141f6e1c0de6309a.ctex
Completed load for: 'res://assets/overworld/terrain_masks/mask_corner_a_dominant_00.png' remapped 'res://assets/overworld/terrain_masks/mask_corner_a_dominant_00.png' at thread -1
Loading resource: res://assets/overworld/terrain_masks/mask_corner_a_dominant_00.png remapped: res://assets/overworld/terrain_masks/mask_corner_a_dominant_00.png
Loading resource: res://.godot/imported/mask_corner_a_dominant_00.png-426a5c6fbd50f9b4141f6e1c0de6309a.ctex remapped: res://.godot/imported/mask_corner_a_dominant_00.png-426a5c6fbd50f9b4141f6e1c0de6309a.ctex
Completed load for: 'res://assets/overworld/terrain_masks/mask_corner_a_dominant_00.png' remapped 'res://assets/overworld/terrain_masks/mask_corner_a_dominant_00.png' at thread -1
Loading resource: res://assets/overworld/tile_sand_generic.png remapped: res://assets/overworld/tile_sand_generic.png
Loading resource: res://.godot/imported/tile_sand_generic.png-60c3c38f8443909ef7829dddf4a7b4ec.ctex remapped: res://.godot/imported/tile_sand_generic.png-60c3c38f8443909ef7829dddf4a7b4ec.ctex
Completed load for: 'res://assets/overworld/tile_sand_generic.png' remapped 'res://assets/overworld/tile_sand_generic.png' at thread -1
Loading resource: res://assets/overworld/terrain_masks/mask_corner_a_dominant_00.png remapped: res://assets/overworld/terrain_masks/mask_corner_a_dominant_00.png
Loading resource: res://.godot/imported/mask_corner_a_dominant_00.png-426a5c6fbd50f9b4141f6e1c0de6309a.ctex remapped: res://.godot/imported/mask_corner_a_dominant_00.png-426a5c6fbd50f9b4141f6e1c0de6309a.ctex
Completed load for: 'res://assets/overworld/terrain_masks/mask_corner_a_dominant_00.png' remapped 'res://assets/overworld/terrain_masks/mask_corner_a_dominant_00.png' at thread -1
Loading resource: res://assets/overworld/tile_sand_generic.png remapped: res://assets/overworld/tile_sand_generic.png
Loading resource: res://.godot/imported/tile_sand_generic.png-60c3c38f8443909ef7829dddf4a7b4ec.ctex remapped: res://.godot/imported/tile_sand_generic.png-60c3c38f8443909ef7829dddf4a7b4ec.ctex
Completed load for: 'res://assets/overworld/tile_sand_generic.png' remapped 'res://assets/overworld/tile_sand_generic.png' at thread -1
Loading resource: res://assets/overworld/terrain_masks/mask_corner_a_dominant_00.png remapped: res://assets/overworld/terrain_masks/mask_corner_a_dominant_00.png
Loading resource: res://.godot/imported/mask_corner_a_dominant_00.png-426a5c6fbd50f9b4141f6e1c0de6309a.ctex remapped: res://.godot/imported/mask_corner_a_dominant_00.png-426a5c6fbd50f9b4141f6e1c0de6309a.ctex
Completed load for: 'res://assets/overworld/terrain_masks/mask_corner_a_dominant_00.png' remapped 'res://assets/overworld/terrain_masks/mask_corner_a_dominant_00.png' at thread -1
Loading resource: res://assets/overworld/tile_sand_generic.png remapped: res://assets/overworld/tile_sand_generic.png
Loading resource: res://.godot/imported/tile_sand_generic.png-60c3c38f8443909ef7829dddf4a7b4ec.ctex remapped: res://.godot/imported/tile_sand_generic.png-60c3c38f8443909ef7829dddf4a7b4ec.ctex
Completed load for: 'res://assets/overworld/tile_sand_generic.png' remapped 'res://assets/overworld/tile_sand_generic.png' at thread -1
Loading resource: res://assets/overworld/terrain_masks/mask_corner_a_dominant_00.png remapped: res://assets/overworld/terrain_masks/mask_corner_a_dominant_00.png
Loading resource: res://.godot/imported/mask_corner_a_dominant_00.png-426a5c6fbd50f9b4141f6e1c0de6309a.ctex remapped: res://.godot/imported/mask_corner_a_dominant_00.png-426a5c6fbd50f9b4141f6e1c0de6309a.ctex
Completed load for: 'res://assets/overworld/terrain_masks/mask_corner_a_dominant_00.png' remapped 'res://assets/overworld/terrain_masks/mask_corner_a_dominant_00.png' at thread -1
Loading resource: res://assets/overworld/tile_sand_generic.png remapped: res://assets/overworld/tile_sand_generic.png
Loading resource: res://.godot/imported/tile_sand_generic.png-60c3c38f8443909ef7829dddf4a7b4ec.ctex remapped: res://.godot/imported/tile_sand_generic.png-60c3c38f8443909ef7829dddf4a7b4ec.ctex
Completed load for: 'res://assets/overworld/tile_sand_generic.png' remapped 'res://assets/overworld/tile_sand_generic.png' at thread -1
Loading resource: res://assets/overworld/terrain_masks/mask_corner_a_dominant_00.png remapped: res://assets/overworld/terrain_masks/mask_corner_a_dominant_00.png
Loading resource: res://.godot/imported/mask_corner_a_dominant_00.png-426a5c6fbd50f9b4141f6e1c0de6309a.ctex remapped: res://.godot/imported/mask_corner_a_dominant_00.png-426a5c6fbd50f9b4141f6e1c0de6309a.ctex
Completed load for: 'res://assets/overworld/terrain_masks/mask_corner_a_dominant_00.png' remapped 'res://assets/overworld/terrain_masks/mask_corner_a_dominant_00.png' at thread -1
Loading resource: res://assets/overworld/tile_sand_generic.png remapped: res://assets/overworld/tile_sand_generic.png
Loading resource: res://.godot/imported/tile_sand_generic.png-60c3c38f8443909ef7829dddf4a7b4ec.ctex remapped: res://.godot/imported/tile_sand_generic.png-60c3c38f8443909ef7829dddf4a7b4ec.ctex
Completed load for: 'res://assets/overworld/tile_sand_generic.png' remapped 'res://assets/overworld/tile_sand_generic.png' at thread -1
Loading resource: res://assets/overworld/terrain_masks/mask_corner_a_dominant_01.png remapped: res://assets/overworld/terrain_masks/mask_corner_a_dominant_01.png
Loading resource: res://.godot/imported/mask_corner_a_dominant_01.png-53ee1f73631e43ff8444faeb79c34332.ctex remapped: res://.godot/imported/mask_corner_a_dominant_01.png-53ee1f73631e43ff8444faeb79c34332.ctex
Completed load for: 'res://assets/overworld/terrain_masks/mask_corner_a_dominant_01.png' remapped 'res://assets/overworld/terrain_masks/mask_corner_a_dominant_01.png' at thread -1
Loading resource: res://assets/overworld/terrain_masks/mask_corner_a_dominant_01.png remapped: res://assets/overworld/terrain_masks/mask_corner_a_dominant_01.png
Loading resource: res://.godot/imported/mask_corner_a_dominant_01.png-53ee1f73631e43ff8444faeb79c34332.ctex remapped: res://.godot/imported/mask_corner_a_dominant_01.png-53ee1f73631e43ff8444faeb79c34332.ctex
Completed load for: 'res://assets/overworld/terrain_masks/mask_corner_a_dominant_01.png' remapped 'res://assets/overworld/terrain_masks/mask_corner_a_dominant_01.png' at thread -1
Loading resource: res://assets/overworld/tile_sand_generic.png remapped: res://assets/overworld/tile_sand_generic.png
Loading resource: res://.godot/imported/tile_sand_generic.png-60c3c38f8443909ef7829dddf4a7b4ec.ctex remapped: res://.godot/imported/tile_sand_generic.png-60c3c38f8443909ef7829dddf4a7b4ec.ctex
Completed load for: 'res://assets/overworld/tile_sand_generic.png' remapped 'res://assets/overworld/tile_sand_generic.png' at thread -1
Loading resource: res://assets/overworld/terrain_masks/mask_corner_a_dominant_01.png remapped: res://assets/overworld/terrain_masks/mask_corner_a_dominant_01.png
Loading resource: res://.godot/imported/mask_corner_a_dominant_01.png-53ee1f73631e43ff8444faeb79c34332.ctex remapped: res://.godot/imported/mask_corner_a_dominant_01.png-53ee1f73631e43ff8444faeb79c34332.ctex
Completed load for: 'res://assets/overworld/terrain_masks/mask_corner_a_dominant_01.png' remapped 'res://assets/overworld/terrain_masks/mask_corner_a_dominant_01.png' at thread -1
Loading resource: res://assets/overworld/terrain_masks/mask_corner_a_dominant_01.png remapped: res://assets/overworld/terrain_masks/mask_corner_a_dominant_01.png
Loading resource: res://.godot/imported/mask_corner_a_dominant_01.png-53ee1f73631e43ff8444faeb79c34332.ctex remapped: res://.godot/imported/mask_corner_a_dominant_01.png-53ee1f73631e43ff8444faeb79c34332.ctex
Completed load for: 'res://assets/overworld/terrain_masks/mask_corner_a_dominant_01.png' remapped 'res://assets/overworld/terrain_masks/mask_corner_a_dominant_01.png' at thread -1
Loading resource: res://assets/overworld/tile_sand_generic.png remapped: res://assets/overworld/tile_sand_generic.png
Loading resource: res://.godot/imported/tile_sand_generic.png-60c3c38f8443909ef7829dddf4a7b4ec.ctex remapped: res://.godot/imported/tile_sand_generic.png-60c3c38f8443909ef7829dddf4a7b4ec.ctex
Completed load for: 'res://assets/overworld/tile_sand_generic.png' remapped 'res://assets/overworld/tile_sand_generic.png' at thread -1
Loading resource: res://assets/overworld/terrain_masks/mask_corner_a_dominant_01.png remapped: res://assets/overworld/terrain_masks/mask_corner_a_dominant_01.png
Loading resource: res://.godot/imported/mask_corner_a_dominant_01.png-53ee1f73631e43ff8444faeb79c34332.ctex remapped: res://.godot/imported/mask_corner_a_dominant_01.png-53ee1f73631e43ff8444faeb79c34332.ctex
Completed load for: 'res://assets/overworld/terrain_masks/mask_corner_a_dominant_01.png' remapped 'res://assets/overworld/terrain_masks/mask_corner_a_dominant_01.png' at thread -1
Loading resource: res://assets/overworld/terrain_masks/mask_corner_a_dominant_01.png remapped: res://assets/overworld/terrain_masks/mask_corner_a_dominant_01.png
Loading resource: res://.godot/imported/mask_corner_a_dominant_01.png-53ee1f73631e43ff8444faeb79c34332.ctex remapped: res://.godot/imported/mask_corner_a_dominant_01.png-53ee1f73631e43ff8444faeb79c34332.ctex
Completed load for: 'res://assets/overworld/terrain_masks/mask_corner_a_dominant_01.png' remapped 'res://assets/overworld/terrain_masks/mask_corner_a_dominant_01.png' at thread -1
Loading resource: res://assets/overworld/tile_sand_generic.png remapped: res://assets/overworld/tile_sand_generic.png
Loading resource: res://.godot/imported/tile_sand_generic.png-60c3c38f8443909ef7829dddf4a7b4ec.ctex remapped: res://.godot/imported/tile_sand_generic.png-60c3c38f8443909ef7829dddf4a7b4ec.ctex
Completed load for: 'res://assets/overworld/tile_sand_generic.png' remapped 'res://assets/overworld/tile_sand_generic.png' at thread -1
Loading resource: res://assets/overworld/terrain_masks/mask_corner_a_dominant_01.png remapped: res://assets/overworld/terrain_masks/mask_corner_a_dominant_01.png
Loading resource: res://.godot/imported/mask_corner_a_dominant_01.png-53ee1f73631e43ff8444faeb79c34332.ctex remapped: res://.godot/imported/mask_corner_a_dominant_01.png-53ee1f73631e43ff8444faeb79c34332.ctex
Completed load for: 'res://assets/overworld/terrain_masks/mask_corner_a_dominant_01.png' remapped 'res://assets/overworld/terrain_masks/mask_corner_a_dominant_01.png' at thread -1
Loading resource: res://assets/overworld/terrain_masks/mask_corner_a_dominant_01.png remapped: res://assets/overworld/terrain_masks/mask_corner_a_dominant_01.png
Loading resource: res://.godot/imported/mask_corner_a_dominant_01.png-53ee1f73631e43ff8444faeb79c34332.ctex remapped: res://.godot/imported/mask_corner_a_dominant_01.png-53ee1f73631e43ff8444faeb79c34332.ctex
Completed load for: 'res://assets/overworld/terrain_masks/mask_corner_a_dominant_01.png' remapped 'res://assets/overworld/terrain_masks/mask_corner_a_dominant_01.png' at thread -1
Loading resource: res://assets/overworld/tile_sand_generic.png remapped: res://assets/overworld/tile_sand_generic.png
Loading resource: res://.godot/imported/tile_sand_generic.png-60c3c38f8443909ef7829dddf4a7b4ec.ctex remapped: res://.godot/imported/tile_sand_generic.png-60c3c38f8443909ef7829dddf4a7b4ec.ctex
Completed load for: 'res://assets/overworld/tile_sand_generic.png' remapped 'res://assets/overworld/tile_sand_generic.png' at thread -1
Loading resource: res://assets/overworld/terrain_masks/mask_corner_a_dominant_01.png remapped: res://assets/overworld/terrain_masks/mask_corner_a_dominant_01.png
Loading resource: res://.godot/imported/mask_corner_a_dominant_01.png-53ee1f73631e43ff8444faeb79c34332.ctex remapped: res://.godot/imported/mask_corner_a_dominant_01.png-53ee1f73631e43ff8444faeb79c34332.ctex
Completed load for: 'res://assets/overworld/terrain_masks/mask_corner_a_dominant_01.png' remapped 'res://assets/overworld/terrain_masks/mask_corner_a_dominant_01.png' at thread -1
Loading resource: res://assets/overworld/tile_sand_generic.png remapped: res://assets/overworld/tile_sand_generic.png
Loading resource: res://.godot/imported/tile_sand_generic.png-60c3c38f8443909ef7829dddf4a7b4ec.ctex remapped: res://.godot/imported/tile_sand_generic.png-60c3c38f8443909ef7829dddf4a7b4ec.ctex
Completed load for: 'res://assets/overworld/tile_sand_generic.png' remapped 'res://assets/overworld/tile_sand_generic.png' at thread -1
Loading resource: res://assets/overworld/terrain_masks/mask_corner_a_dominant_01.png remapped: res://assets/overworld/terrain_masks/mask_corner_a_dominant_01.png
Loading resource: res://.godot/imported/mask_corner_a_dominant_01.png-53ee1f73631e43ff8444faeb79c34332.ctex remapped: res://.godot/imported/mask_corner_a_dominant_01.png-53ee1f73631e43ff8444faeb79c34332.ctex
Completed load for: 'res://assets/overworld/terrain_masks/mask_corner_a_dominant_01.png' remapped 'res://assets/overworld/terrain_masks/mask_corner_a_dominant_01.png' at thread -1
Loading resource: res://assets/overworld/tile_sand_generic.png remapped: res://assets/overworld/tile_sand_generic.png
Loading resource: res://.godot/imported/tile_sand_generic.png-60c3c38f8443909ef7829dddf4a7b4ec.ctex remapped: res://.godot/imported/tile_sand_generic.png-60c3c38f8443909ef7829dddf4a7b4ec.ctex
Completed load for: 'res://assets/overworld/tile_sand_generic.png' remapped 'res://assets/overworld/tile_sand_generic.png' at thread -1
Loading resource: res://assets/overworld/terrain_masks/mask_corner_a_dominant_01.png remapped: res://assets/overworld/terrain_masks/mask_corner_a_dominant_01.png
Loading resource: res://.godot/imported/mask_corner_a_dominant_01.png-53ee1f73631e43ff8444faeb79c34332.ctex remapped: res://.godot/imported/mask_corner_a_dominant_01.png-53ee1f73631e43ff8444faeb79c34332.ctex
Completed load for: 'res://assets/overworld/terrain_masks/mask_corner_a_dominant_01.png' remapped 'res://assets/overworld/terrain_masks/mask_corner_a_dominant_01.png' at thread -1
Loading resource: res://assets/overworld/tile_sand_generic.png remapped: res://assets/overworld/tile_sand_generic.png
Loading resource: res://.godot/imported/tile_sand_generic.png-60c3c38f8443909ef7829dddf4a7b4ec.ctex remapped: res://.godot/imported/tile_sand_generic.png-60c3c38f8443909ef7829dddf4a7b4ec.ctex
Completed load for: 'res://assets/overworld/tile_sand_generic.png' remapped 'res://assets/overworld/tile_sand_generic.png' at thread -1
Loading resource: res://assets/overworld/terrain_masks/mask_corner_a_dominant_01.png remapped: res://assets/overworld/terrain_masks/mask_corner_a_dominant_01.png
Loading resource: res://.godot/imported/mask_corner_a_dominant_01.png-53ee1f73631e43ff8444faeb79c34332.ctex remapped: res://.godot/imported/mask_corner_a_dominant_01.png-53ee1f73631e43ff8444faeb79c34332.ctex
Completed load for: 'res://assets/overworld/terrain_masks/mask_corner_a_dominant_01.png' remapped 'res://assets/overworld/terrain_masks/mask_corner_a_dominant_01.png' at thread -1
Loading resource: res://assets/overworld/tile_sand_generic.png remapped: res://assets/overworld/tile_sand_generic.png
Loading resource: res://.godot/imported/tile_sand_generic.png-60c3c38f8443909ef7829dddf4a7b4ec.ctex remapped: res://.godot/imported/tile_sand_generic.png-60c3c38f8443909ef7829dddf4a7b4ec.ctex
Completed load for: 'res://assets/overworld/tile_sand_generic.png' remapped 'res://assets/overworld/tile_sand_generic.png' at thread -1
Loading resource: res://assets/overworld/terrain_masks/mask_corner_a_dominant_02.png remapped: res://assets/overworld/terrain_masks/mask_corner_a_dominant_02.png
Loading resource: res://.godot/imported/mask_corner_a_dominant_02.png-bd3c38b63920202f67915a9c479c0559.ctex remapped: res://.godot/imported/mask_corner_a_dominant_02.png-bd3c38b63920202f67915a9c479c0559.ctex
Completed load for: 'res://assets/overworld/terrain_masks/mask_corner_a_dominant_02.png' remapped 'res://assets/overworld/terrain_masks/mask_corner_a_dominant_02.png' at thread -1
Loading resource: res://assets/overworld/terrain_masks/mask_corner_a_dominant_02.png remapped: res://assets/overworld/terrain_masks/mask_corner_a_dominant_02.png
Loading resource: res://.godot/imported/mask_corner_a_dominant_02.png-bd3c38b63920202f67915a9c479c0559.ctex remapped: res://.godot/imported/mask_corner_a_dominant_02.png-bd3c38b63920202f67915a9c479c0559.ctex
Completed load for: 'res://assets/overworld/terrain_masks/mask_corner_a_dominant_02.png' remapped 'res://assets/overworld/terrain_masks/mask_corner_a_dominant_02.png' at thread -1
Loading resource: res://assets/overworld/tile_sand_generic.png remapped: res://assets/overworld/tile_sand_generic.png
Loading resource: res://.godot/imported/tile_sand_generic.png-60c3c38f8443909ef7829dddf4a7b4ec.ctex remapped: res://.godot/imported/tile_sand_generic.png-60c3c38f8443909ef7829dddf4a7b4ec.ctex
Completed load for: 'res://assets/overworld/tile_sand_generic.png' remapped 'res://assets/overworld/tile_sand_generic.png' at thread -1
Loading resource: res://assets/overworld/terrain_masks/mask_corner_a_dominant_02.png remapped: res://assets/overworld/terrain_masks/mask_corner_a_dominant_02.png
Loading resource: res://.godot/imported/mask_corner_a_dominant_02.png-bd3c38b63920202f67915a9c479c0559.ctex remapped: res://.godot/imported/mask_corner_a_dominant_02.png-bd3c38b63920202f67915a9c479c0559.ctex
Completed load for: 'res://assets/overworld/terrain_masks/mask_corner_a_dominant_02.png' remapped 'res://assets/overworld/terrain_masks/mask_corner_a_dominant_02.png' at thread -1
Loading resource: res://assets/overworld/terrain_masks/mask_corner_a_dominant_02.png remapped: res://assets/overworld/terrain_masks/mask_corner_a_dominant_02.png
Loading resource: res://.godot/imported/mask_corner_a_dominant_02.png-bd3c38b63920202f67915a9c479c0559.ctex remapped: res://.godot/imported/mask_corner_a_dominant_02.png-bd3c38b63920202f67915a9c479c0559.ctex
Completed load for: 'res://assets/overworld/terrain_masks/mask_corner_a_dominant_02.png' remapped 'res://assets/overworld/terrain_masks/mask_corner_a_dominant_02.png' at thread -1
Loading resource: res://assets/overworld/tile_sand_generic.png remapped: res://assets/overworld/tile_sand_generic.png
Loading resource: res://.godot/imported/tile_sand_generic.png-60c3c38f8443909ef7829dddf4a7b4ec.ctex remapped: res://.godot/imported/tile_sand_generic.png-60c3c38f8443909ef7829dddf4a7b4ec.ctex
Completed load for: 'res://assets/overworld/tile_sand_generic.png' remapped 'res://assets/overworld/tile_sand_generic.png' at thread -1
Loading resource: res://assets/overworld/terrain_masks/mask_corner_a_dominant_02.png remapped: res://assets/overworld/terrain_masks/mask_corner_a_dominant_02.png
Loading resource: res://.godot/imported/mask_corner_a_dominant_02.png-bd3c38b63920202f67915a9c479c0559.ctex remapped: res://.godot/imported/mask_corner_a_dominant_02.png-bd3c38b63920202f67915a9c479c0559.ctex
Completed load for: 'res://assets/overworld/terrain_masks/mask_corner_a_dominant_02.png' remapped 'res://assets/overworld/terrain_masks/mask_corner_a_dominant_02.png' at thread -1
Loading resource: res://assets/overworld/terrain_masks/mask_corner_a_dominant_02.png remapped: res://assets/overworld/terrain_masks/mask_corner_a_dominant_02.png
Loading resource: res://.godot/imported/mask_corner_a_dominant_02.png-bd3c38b63920202f67915a9c479c0559.ctex remapped: res://.godot/imported/mask_corner_a_dominant_02.png-bd3c38b63920202f67915a9c479c0559.ctex
Completed load for: 'res://assets/overworld/terrain_masks/mask_corner_a_dominant_02.png' remapped 'res://assets/overworld/terrain_masks/mask_corner_a_dominant_02.png' at thread -1
Loading resource: res://assets/overworld/tile_sand_generic.png remapped: res://assets/overworld/tile_sand_generic.png
Loading resource: res://.godot/imported/tile_sand_generic.png-60c3c38f8443909ef7829dddf4a7b4ec.ctex remapped: res://.godot/imported/tile_sand_generic.png-60c3c38f8443909ef7829dddf4a7b4ec.ctex
Completed load for: 'res://assets/overworld/tile_sand_generic.png' remapped 'res://assets/overworld/tile_sand_generic.png' at thread -1
Loading resource: res://assets/overworld/terrain_masks/mask_corner_a_dominant_02.png remapped: res://assets/overworld/terrain_masks/mask_corner_a_dominant_02.png
Loading resource: res://.godot/imported/mask_corner_a_dominant_02.png-bd3c38b63920202f67915a9c479c0559.ctex remapped: res://.godot/imported/mask_corner_a_dominant_02.png-bd3c38b63920202f67915a9c479c0559.ctex
Completed load for: 'res://assets/overworld/terrain_masks/mask_corner_a_dominant_02.png' remapped 'res://assets/overworld/terrain_masks/mask_corner_a_dominant_02.png' at thread -1
Loading resource: res://assets/overworld/terrain_masks/mask_corner_a_dominant_02.png remapped: res://assets/overworld/terrain_masks/mask_corner_a_dominant_02.png
Loading resource: res://.godot/imported/mask_corner_a_dominant_02.png-bd3c38b63920202f67915a9c479c0559.ctex remapped: res://.godot/imported/mask_corner_a_dominant_02.png-bd3c38b63920202f67915a9c479c0559.ctex
Completed load for: 'res://assets/overworld/terrain_masks/mask_corner_a_dominant_02.png' remapped 'res://assets/overworld/terrain_masks/mask_corner_a_dominant_02.png' at thread -1
Loading resource: res://assets/overworld/tile_sand_generic.png remapped: res://assets/overworld/tile_sand_generic.png
Loading resource: res://.godot/imported/tile_sand_generic.png-60c3c38f8443909ef7829dddf4a7b4ec.ctex remapped: res://.godot/imported/tile_sand_generic.png-60c3c38f8443909ef7829dddf4a7b4ec.ctex
Completed load for: 'res://assets/overworld/tile_sand_generic.png' remapped 'res://assets/overworld/tile_sand_generic.png' at thread -1
Loading resource: res://assets/overworld/terrain_masks/mask_corner_a_dominant_02.png remapped: res://assets/overworld/terrain_masks/mask_corner_a_dominant_02.png
Loading resource: res://.godot/imported/mask_corner_a_dominant_02.png-bd3c38b63920202f67915a9c479c0559.ctex remapped: res://.godot/imported/mask_corner_a_dominant_02.png-bd3c38b63920202f67915a9c479c0559.ctex
Completed load for: 'res://assets/overworld/terrain_masks/mask_corner_a_dominant_02.png' remapped 'res://assets/overworld/terrain_masks/mask_corner_a_dominant_02.png' at thread -1
Loading resource: res://assets/overworld/tile_sand_generic.png remapped: res://assets/overworld/tile_sand_generic.png
Loading resource: res://.godot/imported/tile_sand_generic.png-60c3c38f8443909ef7829dddf4a7b4ec.ctex remapped: res://.godot/imported/tile_sand_generic.png-60c3c38f8443909ef7829dddf4a7b4ec.ctex
Completed load for: 'res://assets/overworld/tile_sand_generic.png' remapped 'res://assets/overworld/tile_sand_generic.png' at thread -1
Loading resource: res://assets/overworld/terrain_masks/mask_corner_a_dominant_02.png remapped: res://assets/overworld/terrain_masks/mask_corner_a_dominant_02.png
Loading resource: res://.godot/imported/mask_corner_a_dominant_02.png-bd3c38b63920202f67915a9c479c0559.ctex remapped: res://.godot/imported/mask_corner_a_dominant_02.png-bd3c38b63920202f67915a9c479c0559.ctex
Completed load for: 'res://assets/overworld/terrain_masks/mask_corner_a_dominant_02.png' remapped 'res://assets/overworld/terrain_masks/mask_corner_a_dominant_02.png' at thread -1
Loading resource: res://assets/overworld/tile_sand_generic.png remapped: res://assets/overworld/tile_sand_generic.png
Loading resource: res://.godot/imported/tile_sand_generic.png-60c3c38f8443909ef7829dddf4a7b4ec.ctex remapped: res://.godot/imported/tile_sand_generic.png-60c3c38f8443909ef7829dddf4a7b4ec.ctex
Completed load for: 'res://assets/overworld/tile_sand_generic.png' remapped 'res://assets/overworld/tile_sand_generic.png' at thread -1
Loading resource: res://assets/overworld/terrain_masks/mask_corner_a_dominant_02.png remapped: res://assets/overworld/terrain_masks/mask_corner_a_dominant_02.png
Loading resource: res://.godot/imported/mask_corner_a_dominant_02.png-bd3c38b63920202f67915a9c479c0559.ctex remapped: res://.godot/imported/mask_corner_a_dominant_02.png-bd3c38b63920202f67915a9c479c0559.ctex
Completed load for: 'res://assets/overworld/terrain_masks/mask_corner_a_dominant_02.png' remapped 'res://assets/overworld/terrain_masks/mask_corner_a_dominant_02.png' at thread -1
Loading resource: res://assets/overworld/tile_sand_generic.png remapped: res://assets/overworld/tile_sand_generic.png
Loading resource: res://.godot/imported/tile_sand_generic.png-60c3c38f8443909ef7829dddf4a7b4ec.ctex remapped: res://.godot/imported/tile_sand_generic.png-60c3c38f8443909ef7829dddf4a7b4ec.ctex
Completed load for: 'res://assets/overworld/tile_sand_generic.png' remapped 'res://assets/overworld/tile_sand_generic.png' at thread -1
Loading resource: res://assets/overworld/terrain_masks/mask_corner_a_dominant_02.png remapped: res://assets/overworld/terrain_masks/mask_corner_a_dominant_02.png
Loading resource: res://.godot/imported/mask_corner_a_dominant_02.png-bd3c38b63920202f67915a9c479c0559.ctex remapped: res://.godot/imported/mask_corner_a_dominant_02.png-bd3c38b63920202f67915a9c479c0559.ctex
Completed load for: 'res://assets/overworld/terrain_masks/mask_corner_a_dominant_02.png' remapped 'res://assets/overworld/terrain_masks/mask_corner_a_dominant_02.png' at thread -1
Loading resource: res://assets/overworld/tile_sand_generic.png remapped: res://assets/overworld/tile_sand_generic.png
Loading resource: res://.godot/imported/tile_sand_generic.png-60c3c38f8443909ef7829dddf4a7b4ec.ctex remapped: res://.godot/imported/tile_sand_generic.png-60c3c38f8443909ef7829dddf4a7b4ec.ctex
Completed load for: 'res://assets/overworld/tile_sand_generic.png' remapped 'res://assets/overworld/tile_sand_generic.png' at thread -1
Loading resource: res://assets/overworld/terrain_masks/mask_corner_a_dominant_03.png remapped: res://assets/overworld/terrain_masks/mask_corner_a_dominant_03.png
Loading resource: res://.godot/imported/mask_corner_a_dominant_03.png-c913f9e2fd4863fc5fbbfdae23700e86.ctex remapped: res://.godot/imported/mask_corner_a_dominant_03.png-c913f9e2fd4863fc5fbbfdae23700e86.ctex
Completed load for: 'res://assets/overworld/terrain_masks/mask_corner_a_dominant_03.png' remapped 'res://assets/overworld/terrain_masks/mask_corner_a_dominant_03.png' at thread -1
Loading resource: res://assets/overworld/terrain_masks/mask_corner_a_dominant_03.png remapped: res://assets/overworld/terrain_masks/mask_corner_a_dominant_03.png
Loading resource: res://.godot/imported/mask_corner_a_dominant_03.png-c913f9e2fd4863fc5fbbfdae23700e86.ctex remapped: res://.godot/imported/mask_corner_a_dominant_03.png-c913f9e2fd4863fc5fbbfdae23700e86.ctex
Completed load for: 'res://assets/overworld/terrain_masks/mask_corner_a_dominant_03.png' remapped 'res://assets/overworld/terrain_masks/mask_corner_a_dominant_03.png' at thread -1
Loading resource: res://assets/overworld/tile_sand_generic.png remapped: res://assets/overworld/tile_sand_generic.png
Loading resource: res://.godot/imported/tile_sand_generic.png-60c3c38f8443909ef7829dddf4a7b4ec.ctex remapped: res://.godot/imported/tile_sand_generic.png-60c3c38f8443909ef7829dddf4a7b4ec.ctex
Completed load for: 'res://assets/overworld/tile_sand_generic.png' remapped 'res://assets/overworld/tile_sand_generic.png' at thread -1
Loading resource: res://assets/overworld/terrain_masks/mask_corner_a_dominant_03.png remapped: res://assets/overworld/terrain_masks/mask_corner_a_dominant_03.png
Loading resource: res://.godot/imported/mask_corner_a_dominant_03.png-c913f9e2fd4863fc5fbbfdae23700e86.ctex remapped: res://.godot/imported/mask_corner_a_dominant_03.png-c913f9e2fd4863fc5fbbfdae23700e86.ctex
Completed load for: 'res://assets/overworld/terrain_masks/mask_corner_a_dominant_03.png' remapped 'res://assets/overworld/terrain_masks/mask_corner_a_dominant_03.png' at thread -1
Loading resource: res://assets/overworld/terrain_masks/mask_corner_a_dominant_03.png remapped: res://assets/overworld/terrain_masks/mask_corner_a_dominant_03.png
Loading resource: res://.godot/imported/mask_corner_a_dominant_03.png-c913f9e2fd4863fc5fbbfdae23700e86.ctex remapped: res://.godot/imported/mask_corner_a_dominant_03.png-c913f9e2fd4863fc5fbbfdae23700e86.ctex
Completed load for: 'res://assets/overworld/terrain_masks/mask_corner_a_dominant_03.png' remapped 'res://assets/overworld/terrain_masks/mask_corner_a_dominant_03.png' at thread -1
Loading resource: res://assets/overworld/tile_sand_generic.png remapped: res://assets/overworld/tile_sand_generic.png
Loading resource: res://.godot/imported/tile_sand_generic.png-60c3c38f8443909ef7829dddf4a7b4ec.ctex remapped: res://.godot/imported/tile_sand_generic.png-60c3c38f8443909ef7829dddf4a7b4ec.ctex
Completed load for: 'res://assets/overworld/tile_sand_generic.png' remapped 'res://assets/overworld/tile_sand_generic.png' at thread -1
Loading resource: res://assets/overworld/terrain_masks/mask_corner_a_dominant_03.png remapped: res://assets/overworld/terrain_masks/mask_corner_a_dominant_03.png
Loading resource: res://.godot/imported/mask_corner_a_dominant_03.png-c913f9e2fd4863fc5fbbfdae23700e86.ctex remapped: res://.godot/imported/mask_corner_a_dominant_03.png-c913f9e2fd4863fc5fbbfdae23700e86.ctex
Completed load for: 'res://assets/overworld/terrain_masks/mask_corner_a_dominant_03.png' remapped 'res://assets/overworld/terrain_masks/mask_corner_a_dominant_03.png' at thread -1
Loading resource: res://assets/overworld/terrain_masks/mask_corner_a_dominant_03.png remapped: res://assets/overworld/terrain_masks/mask_corner_a_dominant_03.png
Loading resource: res://.godot/imported/mask_corner_a_dominant_03.png-c913f9e2fd4863fc5fbbfdae23700e86.ctex remapped: res://.godot/imported/mask_corner_a_dominant_03.png-c913f9e2fd4863fc5fbbfdae23700e86.ctex
Completed load for: 'res://assets/overworld/terrain_masks/mask_corner_a_dominant_03.png' remapped 'res://assets/overworld/terrain_masks/mask_corner_a_dominant_03.png' at thread -1
Loading resource: res://assets/overworld/tile_sand_generic.png remapped: res://assets/overworld/tile_sand_generic.png
Loading resource: res://.godot/imported/tile_sand_generic.png-60c3c38f8443909ef7829dddf4a7b4ec.ctex remapped: res://.godot/imported/tile_sand_generic.png-60c3c38f8443909ef7829dddf4a7b4ec.ctex
Completed load for: 'res://assets/overworld/tile_sand_generic.png' remapped 'res://assets/overworld/tile_sand_generic.png' at thread -1
Loading resource: res://assets/overworld/terrain_masks/mask_corner_a_dominant_03.png remapped: res://assets/overworld/terrain_masks/mask_corner_a_dominant_03.png
Loading resource: res://.godot/imported/mask_corner_a_dominant_03.png-c913f9e2fd4863fc5fbbfdae23700e86.ctex remapped: res://.godot/imported/mask_corner_a_dominant_03.png-c913f9e2fd4863fc5fbbfdae23700e86.ctex
Completed load for: 'res://assets/overworld/terrain_masks/mask_corner_a_dominant_03.png' remapped 'res://assets/overworld/terrain_masks/mask_corner_a_dominant_03.png' at thread -1
Loading resource: res://assets/overworld/terrain_masks/mask_corner_a_dominant_03.png remapped: res://assets/overworld/terrain_masks/mask_corner_a_dominant_03.png
Loading resource: res://.godot/imported/mask_corner_a_dominant_03.png-c913f9e2fd4863fc5fbbfdae23700e86.ctex remapped: res://.godot/imported/mask_corner_a_dominant_03.png-c913f9e2fd4863fc5fbbfdae23700e86.ctex
Completed load for: 'res://assets/overworld/terrain_masks/mask_corner_a_dominant_03.png' remapped 'res://assets/overworld/terrain_masks/mask_corner_a_dominant_03.png' at thread -1
Loading resource: res://assets/overworld/tile_sand_generic.png remapped: res://assets/overworld/tile_sand_generic.png
Loading resource: res://.godot/imported/tile_sand_generic.png-60c3c38f8443909ef7829dddf4a7b4ec.ctex remapped: res://.godot/imported/tile_sand_generic.png-60c3c38f8443909ef7829dddf4a7b4ec.ctex
Completed load for: 'res://assets/overworld/tile_sand_generic.png' remapped 'res://assets/overworld/tile_sand_generic.png' at thread -1
Loading resource: res://assets/overworld/terrain_masks/mask_corner_a_dominant_03.png remapped: res://assets/overworld/terrain_masks/mask_corner_a_dominant_03.png
Loading resource: res://.godot/imported/mask_corner_a_dominant_03.png-c913f9e2fd4863fc5fbbfdae23700e86.ctex remapped: res://.godot/imported/mask_corner_a_dominant_03.png-c913f9e2fd4863fc5fbbfdae23700e86.ctex
Completed load for: 'res://assets/overworld/terrain_masks/mask_corner_a_dominant_03.png' remapped 'res://assets/overworld/terrain_masks/mask_corner_a_dominant_03.png' at thread -1
Loading resource: res://assets/overworld/tile_sand_generic.png remapped: res://assets/overworld/tile_sand_generic.png
Loading resource: res://.godot/imported/tile_sand_generic.png-60c3c38f8443909ef7829dddf4a7b4ec.ctex remapped: res://.godot/imported/tile_sand_generic.png-60c3c38f8443909ef7829dddf4a7b4ec.ctex
Completed load for: 'res://assets/overworld/tile_sand_generic.png' remapped 'res://assets/overworld/tile_sand_generic.png' at thread -1
Loading resource: res://assets/overworld/terrain_masks/mask_corner_a_dominant_03.png remapped: res://assets/overworld/terrain_masks/mask_corner_a_dominant_03.png
Loading resource: res://.godot/imported/mask_corner_a_dominant_03.png-c913f9e2fd4863fc5fbbfdae23700e86.ctex remapped: res://.godot/imported/mask_corner_a_dominant_03.png-c913f9e2fd4863fc5fbbfdae23700e86.ctex
Completed load for: 'res://assets/overworld/terrain_masks/mask_corner_a_dominant_03.png' remapped 'res://assets/overworld/terrain_masks/mask_corner_a_dominant_03.png' at thread -1
Loading resource: res://assets/overworld/tile_sand_generic.png remapped: res://assets/overworld/tile_sand_generic.png
Loading resource: res://.godot/imported/tile_sand_generic.png-60c3c38f8443909ef7829dddf4a7b4ec.ctex remapped: res://.godot/imported/tile_sand_generic.png-60c3c38f8443909ef7829dddf4a7b4ec.ctex
Completed load for: 'res://assets/overworld/tile_sand_generic.png' remapped 'res://assets/overworld/tile_sand_generic.png' at thread -1
Loading resource: res://assets/overworld/terrain_masks/mask_corner_a_dominant_03.png remapped: res://assets/overworld/terrain_masks/mask_corner_a_dominant_03.png
Loading resource: res://.godot/imported/mask_corner_a_dominant_03.png-c913f9e2fd4863fc5fbbfdae23700e86.ctex remapped: res://.godot/imported/mask_corner_a_dominant_03.png-c913f9e2fd4863fc5fbbfdae23700e86.ctex
Completed load for: 'res://assets/overworld/terrain_masks/mask_corner_a_dominant_03.png' remapped 'res://assets/overworld/terrain_masks/mask_corner_a_dominant_03.png' at thread -1
Loading resource: res://assets/overworld/tile_sand_generic.png remapped: res://assets/overworld/tile_sand_generic.png
Loading resource: res://.godot/imported/tile_sand_generic.png-60c3c38f8443909ef7829dddf4a7b4ec.ctex remapped: res://.godot/imported/tile_sand_generic.png-60c3c38f8443909ef7829dddf4a7b4ec.ctex
Completed load for: 'res://assets/overworld/tile_sand_generic.png' remapped 'res://assets/overworld/tile_sand_generic.png' at thread -1
Loading resource: res://assets/overworld/terrain_masks/mask_corner_a_dominant_03.png remapped: res://assets/overworld/terrain_masks/mask_corner_a_dominant_03.png
Loading resource: res://.godot/imported/mask_corner_a_dominant_03.png-c913f9e2fd4863fc5fbbfdae23700e86.ctex remapped: res://.godot/imported/mask_corner_a_dominant_03.png-c913f9e2fd4863fc5fbbfdae23700e86.ctex
Completed load for: 'res://assets/overworld/terrain_masks/mask_corner_a_dominant_03.png' remapped 'res://assets/overworld/terrain_masks/mask_corner_a_dominant_03.png' at thread -1
Loading resource: res://assets/overworld/tile_sand_generic.png remapped: res://assets/overworld/tile_sand_generic.png
Loading resource: res://.godot/imported/tile_sand_generic.png-60c3c38f8443909ef7829dddf4a7b4ec.ctex remapped: res://.godot/imported/tile_sand_generic.png-60c3c38f8443909ef7829dddf4a7b4ec.ctex
Completed load for: 'res://assets/overworld/tile_sand_generic.png' remapped 'res://assets/overworld/tile_sand_generic.png' at thread -1
Loading resource: res://assets/overworld/terrain_masks/mask_corner_a_dominant_04.png remapped: res://assets/overworld/terrain_masks/mask_corner_a_dominant_04.png
Loading resource: res://.godot/imported/mask_corner_a_dominant_04.png-175fe2636a4db009da04374f7221d973.ctex remapped: res://.godot/imported/mask_corner_a_dominant_04.png-175fe2636a4db009da04374f7221d973.ctex
Completed load for: 'res://assets/overworld/terrain_masks/mask_corner_a_dominant_04.png' remapped 'res://assets/overworld/terrain_masks/mask_corner_a_dominant_04.png' at thread -1
Loading resource: res://assets/overworld/terrain_masks/mask_corner_a_dominant_04.png remapped: res://assets/overworld/terrain_masks/mask_corner_a_dominant_04.png
Loading resource: res://.godot/imported/mask_corner_a_dominant_04.png-175fe2636a4db009da04374f7221d973.ctex remapped: res://.godot/imported/mask_corner_a_dominant_04.png-175fe2636a4db009da04374f7221d973.ctex
Completed load for: 'res://assets/overworld/terrain_masks/mask_corner_a_dominant_04.png' remapped 'res://assets/overworld/terrain_masks/mask_corner_a_dominant_04.png' at thread -1
Loading resource: res://assets/overworld/tile_sand_generic.png remapped: res://assets/overworld/tile_sand_generic.png
Loading resource: res://.godot/imported/tile_sand_generic.png-60c3c38f8443909ef7829dddf4a7b4ec.ctex remapped: res://.godot/imported/tile_sand_generic.png-60c3c38f8443909ef7829dddf4a7b4ec.ctex
Completed load for: 'res://assets/overworld/tile_sand_generic.png' remapped 'res://assets/overworld/tile_sand_generic.png' at thread -1
Loading resource: res://assets/overworld/terrain_masks/mask_corner_a_dominant_04.png remapped: res://assets/overworld/terrain_masks/mask_corner_a_dominant_04.png
Loading resource: res://.godot/imported/mask_corner_a_dominant_04.png-175fe2636a4db009da04374f7221d973.ctex remapped: res://.godot/imported/mask_corner_a_dominant_04.png-175fe2636a4db009da04374f7221d973.ctex
Completed load for: 'res://assets/overworld/terrain_masks/mask_corner_a_dominant_04.png' remapped 'res://assets/overworld/terrain_masks/mask_corner_a_dominant_04.png' at thread -1
Loading resource: res://assets/overworld/terrain_masks/mask_corner_a_dominant_04.png remapped: res://assets/overworld/terrain_masks/mask_corner_a_dominant_04.png
Loading resource: res://.godot/imported/mask_corner_a_dominant_04.png-175fe2636a4db009da04374f7221d973.ctex remapped: res://.godot/imported/mask_corner_a_dominant_04.png-175fe2636a4db009da04374f7221d973.ctex
Completed load for: 'res://assets/overworld/terrain_masks/mask_corner_a_dominant_04.png' remapped 'res://assets/overworld/terrain_masks/mask_corner_a_dominant_04.png' at thread -1
Loading resource: res://assets/overworld/tile_sand_generic.png remapped: res://assets/overworld/tile_sand_generic.png
Loading resource: res://.godot/imported/tile_sand_generic.png-60c3c38f8443909ef7829dddf4a7b4ec.ctex remapped: res://.godot/imported/tile_sand_generic.png-60c3c38f8443909ef7829dddf4a7b4ec.ctex
Completed load for: 'res://assets/overworld/tile_sand_generic.png' remapped 'res://assets/overworld/tile_sand_generic.png' at thread -1
Loading resource: res://assets/overworld/terrain_masks/mask_corner_a_dominant_04.png remapped: res://assets/overworld/terrain_masks/mask_corner_a_dominant_04.png
Loading resource: res://.godot/imported/mask_corner_a_dominant_04.png-175fe2636a4db009da04374f7221d973.ctex remapped: res://.godot/imported/mask_corner_a_dominant_04.png-175fe2636a4db009da04374f7221d973.ctex
Completed load for: 'res://assets/overworld/terrain_masks/mask_corner_a_dominant_04.png' remapped 'res://assets/overworld/terrain_masks/mask_corner_a_dominant_04.png' at thread -1
Loading resource: res://assets/overworld/terrain_masks/mask_corner_a_dominant_04.png remapped: res://assets/overworld/terrain_masks/mask_corner_a_dominant_04.png
Loading resource: res://.godot/imported/mask_corner_a_dominant_04.png-175fe2636a4db009da04374f7221d973.ctex remapped: res://.godot/imported/mask_corner_a_dominant_04.png-175fe2636a4db009da04374f7221d973.ctex
Completed load for: 'res://assets/overworld/terrain_masks/mask_corner_a_dominant_04.png' remapped 'res://assets/overworld/terrain_masks/mask_corner_a_dominant_04.png' at thread -1
Loading resource: res://assets/overworld/tile_sand_generic.png remapped: res://assets/overworld/tile_sand_generic.png
Loading resource: res://.godot/imported/tile_sand_generic.png-60c3c38f8443909ef7829dddf4a7b4ec.ctex remapped: res://.godot/imported/tile_sand_generic.png-60c3c38f8443909ef7829dddf4a7b4ec.ctex
Completed load for: 'res://assets/overworld/tile_sand_generic.png' remapped 'res://assets/overworld/tile_sand_generic.png' at thread -1
Loading resource: res://assets/overworld/terrain_masks/mask_corner_a_dominant_04.png remapped: res://assets/overworld/terrain_masks/mask_corner_a_dominant_04.png
Loading resource: res://.godot/imported/mask_corner_a_dominant_04.png-175fe2636a4db009da04374f7221d973.ctex remapped: res://.godot/imported/mask_corner_a_dominant_04.png-175fe2636a4db009da04374f7221d973.ctex
Completed load for: 'res://assets/overworld/terrain_masks/mask_corner_a_dominant_04.png' remapped 'res://assets/overworld/terrain_masks/mask_corner_a_dominant_04.png' at thread -1
Loading resource: res://assets/overworld/terrain_masks/mask_corner_a_dominant_04.png remapped: res://assets/overworld/terrain_masks/mask_corner_a_dominant_04.png
Loading resource: res://.godot/imported/mask_corner_a_dominant_04.png-175fe2636a4db009da04374f7221d973.ctex remapped: res://.godot/imported/mask_corner_a_dominant_04.png-175fe2636a4db009da04374f7221d973.ctex
Completed load for: 'res://assets/overworld/terrain_masks/mask_corner_a_dominant_04.png' remapped 'res://assets/overworld/terrain_masks/mask_corner_a_dominant_04.png' at thread -1
Loading resource: res://assets/overworld/tile_sand_generic.png remapped: res://assets/overworld/tile_sand_generic.png
Loading resource: res://.godot/imported/tile_sand_generic.png-60c3c38f8443909ef7829dddf4a7b4ec.ctex remapped: res://.godot/imported/tile_sand_generic.png-60c3c38f8443909ef7829dddf4a7b4ec.ctex
Completed load for: 'res://assets/overworld/tile_sand_generic.png' remapped 'res://assets/overworld/tile_sand_generic.png' at thread -1
Loading resource: res://assets/overworld/terrain_masks/mask_corner_a_dominant_04.png remapped: res://assets/overworld/terrain_masks/mask_corner_a_dominant_04.png
Loading resource: res://.godot/imported/mask_corner_a_dominant_04.png-175fe2636a4db009da04374f7221d973.ctex remapped: res://.godot/imported/mask_corner_a_dominant_04.png-175fe2636a4db009da04374f7221d973.ctex
Completed load for: 'res://assets/overworld/terrain_masks/mask_corner_a_dominant_04.png' remapped 'res://assets/overworld/terrain_masks/mask_corner_a_dominant_04.png' at thread -1
Loading resource: res://assets/overworld/tile_sand_generic.png remapped: res://assets/overworld/tile_sand_generic.png
Loading resource: res://.godot/imported/tile_sand_generic.png-60c3c38f8443909ef7829dddf4a7b4ec.ctex remapped: res://.godot/imported/tile_sand_generic.png-60c3c38f8443909ef7829dddf4a7b4ec.ctex
Completed load for: 'res://assets/overworld/tile_sand_generic.png' remapped 'res://assets/overworld/tile_sand_generic.png' at thread -1
Loading resource: res://assets/overworld/terrain_masks/mask_corner_a_dominant_04.png remapped: res://assets/overworld/terrain_masks/mask_corner_a_dominant_04.png
Loading resource: res://.godot/imported/mask_corner_a_dominant_04.png-175fe2636a4db009da04374f7221d973.ctex remapped: res://.godot/imported/mask_corner_a_dominant_04.png-175fe2636a4db009da04374f7221d973.ctex
Completed load for: 'res://assets/overworld/terrain_masks/mask_corner_a_dominant_04.png' remapped 'res://assets/overworld/terrain_masks/mask_corner_a_dominant_04.png' at thread -1
Loading resource: res://assets/overworld/tile_sand_generic.png remapped: res://assets/overworld/tile_sand_generic.png
Loading resource: res://.godot/imported/tile_sand_generic.png-60c3c38f8443909ef7829dddf4a7b4ec.ctex remapped: res://.godot/imported/tile_sand_generic.png-60c3c38f8443909ef7829dddf4a7b4ec.ctex
Completed load for: 'res://assets/overworld/tile_sand_generic.png' remapped 'res://assets/overworld/tile_sand_generic.png' at thread -1
Loading resource: res://assets/overworld/terrain_masks/mask_corner_a_dominant_04.png remapped: res://assets/overworld/terrain_masks/mask_corner_a_dominant_04.png
Loading resource: res://.godot/imported/mask_corner_a_dominant_04.png-175fe2636a4db009da04374f7221d973.ctex remapped: res://.godot/imported/mask_corner_a_dominant_04.png-175fe2636a4db009da04374f7221d973.ctex
Completed load for: 'res://assets/overworld/terrain_masks/mask_corner_a_dominant_04.png' remapped 'res://assets/overworld/terrain_masks/mask_corner_a_dominant_04.png' at thread -1
Loading resource: res://assets/overworld/tile_sand_generic.png remapped: res://assets/overworld/tile_sand_generic.png
Loading resource: res://.godot/imported/tile_sand_generic.png-60c3c38f8443909ef7829dddf4a7b4ec.ctex remapped: res://.godot/imported/tile_sand_generic.png-60c3c38f8443909ef7829dddf4a7b4ec.ctex
Completed load for: 'res://assets/overworld/tile_sand_generic.png' remapped 'res://assets/overworld/tile_sand_generic.png' at thread -1
Loading resource: res://assets/overworld/terrain_masks/mask_corner_a_dominant_04.png remapped: res://assets/overworld/terrain_masks/mask_corner_a_dominant_04.png
Loading resource: res://.godot/imported/mask_corner_a_dominant_04.png-175fe2636a4db009da04374f7221d973.ctex remapped: res://.godot/imported/mask_corner_a_dominant_04.png-175fe2636a4db009da04374f7221d973.ctex
Completed load for: 'res://assets/overworld/terrain_masks/mask_corner_a_dominant_04.png' remapped 'res://assets/overworld/terrain_masks/mask_corner_a_dominant_04.png' at thread -1
Loading resource: res://assets/overworld/tile_sand_generic.png remapped: res://assets/overworld/tile_sand_generic.png
Loading resource: res://.godot/imported/tile_sand_generic.png-60c3c38f8443909ef7829dddf4a7b4ec.ctex remapped: res://.godot/imported/tile_sand_generic.png-60c3c38f8443909ef7829dddf4a7b4ec.ctex
Completed load for: 'res://assets/overworld/tile_sand_generic.png' remapped 'res://assets/overworld/tile_sand_generic.png' at thread -1
Loading resource: res://assets/overworld/terrain_masks/mask_corner_b_dominant_00.png remapped: res://assets/overworld/terrain_masks/mask_corner_b_dominant_00.png
Loading resource: res://.godot/imported/mask_corner_b_dominant_00.png-5f15cd5177ba221bdf3a26dbce79fc78.ctex remapped: res://.godot/imported/mask_corner_b_dominant_00.png-5f15cd5177ba221bdf3a26dbce79fc78.ctex
Completed load for: 'res://assets/overworld/terrain_masks/mask_corner_b_dominant_00.png' remapped 'res://assets/overworld/terrain_masks/mask_corner_b_dominant_00.png' at thread -1
Loading resource: res://assets/overworld/terrain_masks/mask_corner_b_dominant_00.png remapped: res://assets/overworld/terrain_masks/mask_corner_b_dominant_00.png
Loading resource: res://.godot/imported/mask_corner_b_dominant_00.png-5f15cd5177ba221bdf3a26dbce79fc78.ctex remapped: res://.godot/imported/mask_corner_b_dominant_00.png-5f15cd5177ba221bdf3a26dbce79fc78.ctex
Completed load for: 'res://assets/overworld/terrain_masks/mask_corner_b_dominant_00.png' remapped 'res://assets/overworld/terrain_masks/mask_corner_b_dominant_00.png' at thread -1
Loading resource: res://assets/overworld/tile_sand_generic.png remapped: res://assets/overworld/tile_sand_generic.png
Loading resource: res://.godot/imported/tile_sand_generic.png-60c3c38f8443909ef7829dddf4a7b4ec.ctex remapped: res://.godot/imported/tile_sand_generic.png-60c3c38f8443909ef7829dddf4a7b4ec.ctex
Completed load for: 'res://assets/overworld/tile_sand_generic.png' remapped 'res://assets/overworld/tile_sand_generic.png' at thread -1
Loading resource: res://assets/overworld/terrain_masks/mask_corner_b_dominant_00.png remapped: res://assets/overworld/terrain_masks/mask_corner_b_dominant_00.png
Loading resource: res://.godot/imported/mask_corner_b_dominant_00.png-5f15cd5177ba221bdf3a26dbce79fc78.ctex remapped: res://.godot/imported/mask_corner_b_dominant_00.png-5f15cd5177ba221bdf3a26dbce79fc78.ctex
Completed load for: 'res://assets/overworld/terrain_masks/mask_corner_b_dominant_00.png' remapped 'res://assets/overworld/terrain_masks/mask_corner_b_dominant_00.png' at thread -1
Loading resource: res://assets/overworld/terrain_masks/mask_corner_b_dominant_00.png remapped: res://assets/overworld/terrain_masks/mask_corner_b_dominant_00.png
Loading resource: res://.godot/imported/mask_corner_b_dominant_00.png-5f15cd5177ba221bdf3a26dbce79fc78.ctex remapped: res://.godot/imported/mask_corner_b_dominant_00.png-5f15cd5177ba221bdf3a26dbce79fc78.ctex
Completed load for: 'res://assets/overworld/terrain_masks/mask_corner_b_dominant_00.png' remapped 'res://assets/overworld/terrain_masks/mask_corner_b_dominant_00.png' at thread -1
Loading resource: res://assets/overworld/tile_sand_generic.png remapped: res://assets/overworld/tile_sand_generic.png
Loading resource: res://.godot/imported/tile_sand_generic.png-60c3c38f8443909ef7829dddf4a7b4ec.ctex remapped: res://.godot/imported/tile_sand_generic.png-60c3c38f8443909ef7829dddf4a7b4ec.ctex
Completed load for: 'res://assets/overworld/tile_sand_generic.png' remapped 'res://assets/overworld/tile_sand_generic.png' at thread -1
Loading resource: res://assets/overworld/terrain_masks/mask_corner_b_dominant_00.png remapped: res://assets/overworld/terrain_masks/mask_corner_b_dominant_00.png
Loading resource: res://.godot/imported/mask_corner_b_dominant_00.png-5f15cd5177ba221bdf3a26dbce79fc78.ctex remapped: res://.godot/imported/mask_corner_b_dominant_00.png-5f15cd5177ba221bdf3a26dbce79fc78.ctex
Completed load for: 'res://assets/overworld/terrain_masks/mask_corner_b_dominant_00.png' remapped 'res://assets/overworld/terrain_masks/mask_corner_b_dominant_00.png' at thread -1
Loading resource: res://assets/overworld/terrain_masks/mask_corner_b_dominant_00.png remapped: res://assets/overworld/terrain_masks/mask_corner_b_dominant_00.png
Loading resource: res://.godot/imported/mask_corner_b_dominant_00.png-5f15cd5177ba221bdf3a26dbce79fc78.ctex remapped: res://.godot/imported/mask_corner_b_dominant_00.png-5f15cd5177ba221bdf3a26dbce79fc78.ctex
Completed load for: 'res://assets/overworld/terrain_masks/mask_corner_b_dominant_00.png' remapped 'res://assets/overworld/terrain_masks/mask_corner_b_dominant_00.png' at thread -1
Loading resource: res://assets/overworld/tile_sand_generic.png remapped: res://assets/overworld/tile_sand_generic.png
Loading resource: res://.godot/imported/tile_sand_generic.png-60c3c38f8443909ef7829dddf4a7b4ec.ctex remapped: res://.godot/imported/tile_sand_generic.png-60c3c38f8443909ef7829dddf4a7b4ec.ctex
Completed load for: 'res://assets/overworld/tile_sand_generic.png' remapped 'res://assets/overworld/tile_sand_generic.png' at thread -1
Loading resource: res://assets/overworld/terrain_masks/mask_corner_b_dominant_00.png remapped: res://assets/overworld/terrain_masks/mask_corner_b_dominant_00.png
Loading resource: res://.godot/imported/mask_corner_b_dominant_00.png-5f15cd5177ba221bdf3a26dbce79fc78.ctex remapped: res://.godot/imported/mask_corner_b_dominant_00.png-5f15cd5177ba221bdf3a26dbce79fc78.ctex
Completed load for: 'res://assets/overworld/terrain_masks/mask_corner_b_dominant_00.png' remapped 'res://assets/overworld/terrain_masks/mask_corner_b_dominant_00.png' at thread -1
Loading resource: res://assets/overworld/terrain_masks/mask_corner_b_dominant_00.png remapped: res://assets/overworld/terrain_masks/mask_corner_b_dominant_00.png
Loading resource: res://.godot/imported/mask_corner_b_dominant_00.png-5f15cd5177ba221bdf3a26dbce79fc78.ctex remapped: res://.godot/imported/mask_corner_b_dominant_00.png-5f15cd5177ba221bdf3a26dbce79fc78.ctex
Completed load for: 'res://assets/overworld/terrain_masks/mask_corner_b_dominant_00.png' remapped 'res://assets/overworld/terrain_masks/mask_corner_b_dominant_00.png' at thread -1
Loading resource: res://assets/overworld/tile_sand_generic.png remapped: res://assets/overworld/tile_sand_generic.png
Loading resource: res://.godot/imported/tile_sand_generic.png-60c3c38f8443909ef7829dddf4a7b4ec.ctex remapped: res://.godot/imported/tile_sand_generic.png-60c3c38f8443909ef7829dddf4a7b4ec.ctex
Completed load for: 'res://assets/overworld/tile_sand_generic.png' remapped 'res://assets/overworld/tile_sand_generic.png' at thread -1
Loading resource: res://assets/overworld/terrain_masks/mask_corner_b_dominant_00.png remapped: res://assets/overworld/terrain_masks/mask_corner_b_dominant_00.png
Loading resource: res://.godot/imported/mask_corner_b_dominant_00.png-5f15cd5177ba221bdf3a26dbce79fc78.ctex remapped: res://.godot/imported/mask_corner_b_dominant_00.png-5f15cd5177ba221bdf3a26dbce79fc78.ctex
Completed load for: 'res://assets/overworld/terrain_masks/mask_corner_b_dominant_00.png' remapped 'res://assets/overworld/terrain_masks/mask_corner_b_dominant_00.png' at thread -1
Loading resource: res://assets/overworld/tile_sand_generic.png remapped: res://assets/overworld/tile_sand_generic.png
Loading resource: res://.godot/imported/tile_sand_generic.png-60c3c38f8443909ef7829dddf4a7b4ec.ctex remapped: res://.godot/imported/tile_sand_generic.png-60c3c38f8443909ef7829dddf4a7b4ec.ctex
Completed load for: 'res://assets/overworld/tile_sand_generic.png' remapped 'res://assets/overworld/tile_sand_generic.png' at thread -1
Loading resource: res://assets/overworld/terrain_masks/mask_corner_b_dominant_00.png remapped: res://assets/overworld/terrain_masks/mask_corner_b_dominant_00.png
Loading resource: res://.godot/imported/mask_corner_b_dominant_00.png-5f15cd5177ba221bdf3a26dbce79fc78.ctex remapped: res://.godot/imported/mask_corner_b_dominant_00.png-5f15cd5177ba221bdf3a26dbce79fc78.ctex
Completed load for: 'res://assets/overworld/terrain_masks/mask_corner_b_dominant_00.png' remapped 'res://assets/overworld/terrain_masks/mask_corner_b_dominant_00.png' at thread -1
Loading resource: res://assets/overworld/tile_sand_generic.png remapped: res://assets/overworld/tile_sand_generic.png
Loading resource: res://.godot/imported/tile_sand_generic.png-60c3c38f8443909ef7829dddf4a7b4ec.ctex remapped: res://.godot/imported/tile_sand_generic.png-60c3c38f8443909ef7829dddf4a7b4ec.ctex
Completed load for: 'res://assets/overworld/tile_sand_generic.png' remapped 'res://assets/overworld/tile_sand_generic.png' at thread -1
Loading resource: res://assets/overworld/terrain_masks/mask_corner_b_dominant_00.png remapped: res://assets/overworld/terrain_masks/mask_corner_b_dominant_00.png
Loading resource: res://.godot/imported/mask_corner_b_dominant_00.png-5f15cd5177ba221bdf3a26dbce79fc78.ctex remapped: res://.godot/imported/mask_corner_b_dominant_00.png-5f15cd5177ba221bdf3a26dbce79fc78.ctex
Completed load for: 'res://assets/overworld/terrain_masks/mask_corner_b_dominant_00.png' remapped 'res://assets/overworld/terrain_masks/mask_corner_b_dominant_00.png' at thread -1
Loading resource: res://assets/overworld/tile_sand_generic.png remapped: res://assets/overworld/tile_sand_generic.png
Loading resource: res://.godot/imported/tile_sand_generic.png-60c3c38f8443909ef7829dddf4a7b4ec.ctex remapped: res://.godot/imported/tile_sand_generic.png-60c3c38f8443909ef7829dddf4a7b4ec.ctex
Completed load for: 'res://assets/overworld/tile_sand_generic.png' remapped 'res://assets/overworld/tile_sand_generic.png' at thread -1
Loading resource: res://assets/overworld/terrain_masks/mask_corner_b_dominant_00.png remapped: res://assets/overworld/terrain_masks/mask_corner_b_dominant_00.png
Loading resource: res://.godot/imported/mask_corner_b_dominant_00.png-5f15cd5177ba221bdf3a26dbce79fc78.ctex remapped: res://.godot/imported/mask_corner_b_dominant_00.png-5f15cd5177ba221bdf3a26dbce79fc78.ctex
Completed load for: 'res://assets/overworld/terrain_masks/mask_corner_b_dominant_00.png' remapped 'res://assets/overworld/terrain_masks/mask_corner_b_dominant_00.png' at thread -1
Loading resource: res://assets/overworld/tile_sand_generic.png remapped: res://assets/overworld/tile_sand_generic.png
Loading resource: res://.godot/imported/tile_sand_generic.png-60c3c38f8443909ef7829dddf4a7b4ec.ctex remapped: res://.godot/imported/tile_sand_generic.png-60c3c38f8443909ef7829dddf4a7b4ec.ctex
Completed load for: 'res://assets/overworld/tile_sand_generic.png' remapped 'res://assets/overworld/tile_sand_generic.png' at thread -1
Loading resource: res://assets/overworld/terrain_masks/mask_corner_b_dominant_01.png remapped: res://assets/overworld/terrain_masks/mask_corner_b_dominant_01.png
Loading resource: res://.godot/imported/mask_corner_b_dominant_01.png-9ccac3e1013805de544bf58cc660bf70.ctex remapped: res://.godot/imported/mask_corner_b_dominant_01.png-9ccac3e1013805de544bf58cc660bf70.ctex
Completed load for: 'res://assets/overworld/terrain_masks/mask_corner_b_dominant_01.png' remapped 'res://assets/overworld/terrain_masks/mask_corner_b_dominant_01.png' at thread -1
Loading resource: res://assets/overworld/terrain_masks/mask_corner_b_dominant_01.png remapped: res://assets/overworld/terrain_masks/mask_corner_b_dominant_01.png
Loading resource: res://.godot/imported/mask_corner_b_dominant_01.png-9ccac3e1013805de544bf58cc660bf70.ctex remapped: res://.godot/imported/mask_corner_b_dominant_01.png-9ccac3e1013805de544bf58cc660bf70.ctex
Completed load for: 'res://assets/overworld/terrain_masks/mask_corner_b_dominant_01.png' remapped 'res://assets/overworld/terrain_masks/mask_corner_b_dominant_01.png' at thread -1
Loading resource: res://assets/overworld/tile_sand_generic.png remapped: res://assets/overworld/tile_sand_generic.png
Loading resource: res://.godot/imported/tile_sand_generic.png-60c3c38f8443909ef7829dddf4a7b4ec.ctex remapped: res://.godot/imported/tile_sand_generic.png-60c3c38f8443909ef7829dddf4a7b4ec.ctex
Completed load for: 'res://assets/overworld/tile_sand_generic.png' remapped 'res://assets/overworld/tile_sand_generic.png' at thread -1
Loading resource: res://assets/overworld/terrain_masks/mask_corner_b_dominant_01.png remapped: res://assets/overworld/terrain_masks/mask_corner_b_dominant_01.png
Loading resource: res://.godot/imported/mask_corner_b_dominant_01.png-9ccac3e1013805de544bf58cc660bf70.ctex remapped: res://.godot/imported/mask_corner_b_dominant_01.png-9ccac3e1013805de544bf58cc660bf70.ctex
Completed load for: 'res://assets/overworld/terrain_masks/mask_corner_b_dominant_01.png' remapped 'res://assets/overworld/terrain_masks/mask_corner_b_dominant_01.png' at thread -1
Loading resource: res://assets/overworld/terrain_masks/mask_corner_b_dominant_01.png remapped: res://assets/overworld/terrain_masks/mask_corner_b_dominant_01.png
Loading resource: res://.godot/imported/mask_corner_b_dominant_01.png-9ccac3e1013805de544bf58cc660bf70.ctex remapped: res://.godot/imported/mask_corner_b_dominant_01.png-9ccac3e1013805de544bf58cc660bf70.ctex
Completed load for: 'res://assets/overworld/terrain_masks/mask_corner_b_dominant_01.png' remapped 'res://assets/overworld/terrain_masks/mask_corner_b_dominant_01.png' at thread -1
Loading resource: res://assets/overworld/tile_sand_generic.png remapped: res://assets/overworld/tile_sand_generic.png
Loading resource: res://.godot/imported/tile_sand_generic.png-60c3c38f8443909ef7829dddf4a7b4ec.ctex remapped: res://.godot/imported/tile_sand_generic.png-60c3c38f8443909ef7829dddf4a7b4ec.ctex
Completed load for: 'res://assets/overworld/tile_sand_generic.png' remapped 'res://assets/overworld/tile_sand_generic.png' at thread -1
Loading resource: res://assets/overworld/terrain_masks/mask_corner_b_dominant_01.png remapped: res://assets/overworld/terrain_masks/mask_corner_b_dominant_01.png
Loading resource: res://.godot/imported/mask_corner_b_dominant_01.png-9ccac3e1013805de544bf58cc660bf70.ctex remapped: res://.godot/imported/mask_corner_b_dominant_01.png-9ccac3e1013805de544bf58cc660bf70.ctex
Completed load for: 'res://assets/overworld/terrain_masks/mask_corner_b_dominant_01.png' remapped 'res://assets/overworld/terrain_masks/mask_corner_b_dominant_01.png' at thread -1
Loading resource: res://assets/overworld/terrain_masks/mask_corner_b_dominant_01.png remapped: res://assets/overworld/terrain_masks/mask_corner_b_dominant_01.png
Loading resource: res://.godot/imported/mask_corner_b_dominant_01.png-9ccac3e1013805de544bf58cc660bf70.ctex remapped: res://.godot/imported/mask_corner_b_dominant_01.png-9ccac3e1013805de544bf58cc660bf70.ctex
Completed load for: 'res://assets/overworld/terrain_masks/mask_corner_b_dominant_01.png' remapped 'res://assets/overworld/terrain_masks/mask_corner_b_dominant_01.png' at thread -1
Loading resource: res://assets/overworld/tile_sand_generic.png remapped: res://assets/overworld/tile_sand_generic.png
Loading resource: res://.godot/imported/tile_sand_generic.png-60c3c38f8443909ef7829dddf4a7b4ec.ctex remapped: res://.godot/imported/tile_sand_generic.png-60c3c38f8443909ef7829dddf4a7b4ec.ctex
Completed load for: 'res://assets/overworld/tile_sand_generic.png' remapped 'res://assets/overworld/tile_sand_generic.png' at thread -1
Loading resource: res://assets/overworld/terrain_masks/mask_corner_b_dominant_01.png remapped: res://assets/overworld/terrain_masks/mask_corner_b_dominant_01.png
Loading resource: res://.godot/imported/mask_corner_b_dominant_01.png-9ccac3e1013805de544bf58cc660bf70.ctex remapped: res://.godot/imported/mask_corner_b_dominant_01.png-9ccac3e1013805de544bf58cc660bf70.ctex
Completed load for: 'res://assets/overworld/terrain_masks/mask_corner_b_dominant_01.png' remapped 'res://assets/overworld/terrain_masks/mask_corner_b_dominant_01.png' at thread -1
Loading resource: res://assets/overworld/terrain_masks/mask_corner_b_dominant_01.png remapped: res://assets/overworld/terrain_masks/mask_corner_b_dominant_01.png
Loading resource: res://.godot/imported/mask_corner_b_dominant_01.png-9ccac3e1013805de544bf58cc660bf70.ctex remapped: res://.godot/imported/mask_corner_b_dominant_01.png-9ccac3e1013805de544bf58cc660bf70.ctex
Completed load for: 'res://assets/overworld/terrain_masks/mask_corner_b_dominant_01.png' remapped 'res://assets/overworld/terrain_masks/mask_corner_b_dominant_01.png' at thread -1
Loading resource: res://assets/overworld/tile_sand_generic.png remapped: res://assets/overworld/tile_sand_generic.png
Loading resource: res://.godot/imported/tile_sand_generic.png-60c3c38f8443909ef7829dddf4a7b4ec.ctex remapped: res://.godot/imported/tile_sand_generic.png-60c3c38f8443909ef7829dddf4a7b4ec.ctex
Completed load for: 'res://assets/overworld/tile_sand_generic.png' remapped 'res://assets/overworld/tile_sand_generic.png' at thread -1
Loading resource: res://assets/overworld/terrain_masks/mask_corner_b_dominant_01.png remapped: res://assets/overworld/terrain_masks/mask_corner_b_dominant_01.png
Loading resource: res://.godot/imported/mask_corner_b_dominant_01.png-9ccac3e1013805de544bf58cc660bf70.ctex remapped: res://.godot/imported/mask_corner_b_dominant_01.png-9ccac3e1013805de544bf58cc660bf70.ctex
Completed load for: 'res://assets/overworld/terrain_masks/mask_corner_b_dominant_01.png' remapped 'res://assets/overworld/terrain_masks/mask_corner_b_dominant_01.png' at thread -1
Loading resource: res://assets/overworld/tile_sand_generic.png remapped: res://assets/overworld/tile_sand_generic.png
Loading resource: res://.godot/imported/tile_sand_generic.png-60c3c38f8443909ef7829dddf4a7b4ec.ctex remapped: res://.godot/imported/tile_sand_generic.png-60c3c38f8443909ef7829dddf4a7b4ec.ctex
Completed load for: 'res://assets/overworld/tile_sand_generic.png' remapped 'res://assets/overworld/tile_sand_generic.png' at thread -1
Loading resource: res://assets/overworld/terrain_masks/mask_corner_b_dominant_01.png remapped: res://assets/overworld/terrain_masks/mask_corner_b_dominant_01.png
Loading resource: res://.godot/imported/mask_corner_b_dominant_01.png-9ccac3e1013805de544bf58cc660bf70.ctex remapped: res://.godot/imported/mask_corner_b_dominant_01.png-9ccac3e1013805de544bf58cc660bf70.ctex
Completed load for: 'res://assets/overworld/terrain_masks/mask_corner_b_dominant_01.png' remapped 'res://assets/overworld/terrain_masks/mask_corner_b_dominant_01.png' at thread -1
Loading resource: res://assets/overworld/tile_sand_generic.png remapped: res://assets/overworld/tile_sand_generic.png
Loading resource: res://.godot/imported/tile_sand_generic.png-60c3c38f8443909ef7829dddf4a7b4ec.ctex remapped: res://.godot/imported/tile_sand_generic.png-60c3c38f8443909ef7829dddf4a7b4ec.ctex
Completed load for: 'res://assets/overworld/tile_sand_generic.png' remapped 'res://assets/overworld/tile_sand_generic.png' at thread -1
Loading resource: res://assets/overworld/terrain_masks/mask_corner_b_dominant_01.png remapped: res://assets/overworld/terrain_masks/mask_corner_b_dominant_01.png
Loading resource: res://.godot/imported/mask_corner_b_dominant_01.png-9ccac3e1013805de544bf58cc660bf70.ctex remapped: res://.godot/imported/mask_corner_b_dominant_01.png-9ccac3e1013805de544bf58cc660bf70.ctex
Completed load for: 'res://assets/overworld/terrain_masks/mask_corner_b_dominant_01.png' remapped 'res://assets/overworld/terrain_masks/mask_corner_b_dominant_01.png' at thread -1
Loading resource: res://assets/overworld/tile_sand_generic.png remapped: res://assets/overworld/tile_sand_generic.png
Loading resource: res://.godot/imported/tile_sand_generic.png-60c3c38f8443909ef7829dddf4a7b4ec.ctex remapped: res://.godot/imported/tile_sand_generic.png-60c3c38f8443909ef7829dddf4a7b4ec.ctex
Completed load for: 'res://assets/overworld/tile_sand_generic.png' remapped 'res://assets/overworld/tile_sand_generic.png' at thread -1
Loading resource: res://assets/overworld/terrain_masks/mask_corner_b_dominant_01.png remapped: res://assets/overworld/terrain_masks/mask_corner_b_dominant_01.png
Loading resource: res://.godot/imported/mask_corner_b_dominant_01.png-9ccac3e1013805de544bf58cc660bf70.ctex remapped: res://.godot/imported/mask_corner_b_dominant_01.png-9ccac3e1013805de544bf58cc660bf70.ctex
Completed load for: 'res://assets/overworld/terrain_masks/mask_corner_b_dominant_01.png' remapped 'res://assets/overworld/terrain_masks/mask_corner_b_dominant_01.png' at thread -1
Loading resource: res://assets/overworld/tile_sand_generic.png remapped: res://assets/overworld/tile_sand_generic.png
Loading resource: res://.godot/imported/tile_sand_generic.png-60c3c38f8443909ef7829dddf4a7b4ec.ctex remapped: res://.godot/imported/tile_sand_generic.png-60c3c38f8443909ef7829dddf4a7b4ec.ctex
Completed load for: 'res://assets/overworld/tile_sand_generic.png' remapped 'res://assets/overworld/tile_sand_generic.png' at thread -1
Loading resource: res://assets/overworld/terrain_masks/mask_corner_b_dominant_02.png remapped: res://assets/overworld/terrain_masks/mask_corner_b_dominant_02.png
Loading resource: res://.godot/imported/mask_corner_b_dominant_02.png-5af894ea302ae02fa73810d46bd64bb7.ctex remapped: res://.godot/imported/mask_corner_b_dominant_02.png-5af894ea302ae02fa73810d46bd64bb7.ctex
Completed load for: 'res://assets/overworld/terrain_masks/mask_corner_b_dominant_02.png' remapped 'res://assets/overworld/terrain_masks/mask_corner_b_dominant_02.png' at thread -1
Loading resource: res://assets/overworld/terrain_masks/mask_corner_b_dominant_02.png remapped: res://assets/overworld/terrain_masks/mask_corner_b_dominant_02.png
Loading resource: res://.godot/imported/mask_corner_b_dominant_02.png-5af894ea302ae02fa73810d46bd64bb7.ctex remapped: res://.godot/imported/mask_corner_b_dominant_02.png-5af894ea302ae02fa73810d46bd64bb7.ctex
Completed load for: 'res://assets/overworld/terrain_masks/mask_corner_b_dominant_02.png' remapped 'res://assets/overworld/terrain_masks/mask_corner_b_dominant_02.png' at thread -1
Loading resource: res://assets/overworld/tile_sand_generic.png remapped: res://assets/overworld/tile_sand_generic.png
Loading resource: res://.godot/imported/tile_sand_generic.png-60c3c38f8443909ef7829dddf4a7b4ec.ctex remapped: res://.godot/imported/tile_sand_generic.png-60c3c38f8443909ef7829dddf4a7b4ec.ctex
Completed load for: 'res://assets/overworld/tile_sand_generic.png' remapped 'res://assets/overworld/tile_sand_generic.png' at thread -1
Loading resource: res://assets/overworld/terrain_masks/mask_corner_b_dominant_02.png remapped: res://assets/overworld/terrain_masks/mask_corner_b_dominant_02.png
Loading resource: res://.godot/imported/mask_corner_b_dominant_02.png-5af894ea302ae02fa73810d46bd64bb7.ctex remapped: res://.godot/imported/mask_corner_b_dominant_02.png-5af894ea302ae02fa73810d46bd64bb7.ctex
Completed load for: 'res://assets/overworld/terrain_masks/mask_corner_b_dominant_02.png' remapped 'res://assets/overworld/terrain_masks/mask_corner_b_dominant_02.png' at thread -1
Loading resource: res://assets/overworld/terrain_masks/mask_corner_b_dominant_02.png remapped: res://assets/overworld/terrain_masks/mask_corner_b_dominant_02.png
Loading resource: res://.godot/imported/mask_corner_b_dominant_02.png-5af894ea302ae02fa73810d46bd64bb7.ctex remapped: res://.godot/imported/mask_corner_b_dominant_02.png-5af894ea302ae02fa73810d46bd64bb7.ctex
Completed load for: 'res://assets/overworld/terrain_masks/mask_corner_b_dominant_02.png' remapped 'res://assets/overworld/terrain_masks/mask_corner_b_dominant_02.png' at thread -1
Loading resource: res://assets/overworld/tile_sand_generic.png remapped: res://assets/overworld/tile_sand_generic.png
Loading resource: res://.godot/imported/tile_sand_generic.png-60c3c38f8443909ef7829dddf4a7b4ec.ctex remapped: res://.godot/imported/tile_sand_generic.png-60c3c38f8443909ef7829dddf4a7b4ec.ctex
Completed load for: 'res://assets/overworld/tile_sand_generic.png' remapped 'res://assets/overworld/tile_sand_generic.png' at thread -1
Loading resource: res://assets/overworld/terrain_masks/mask_corner_b_dominant_02.png remapped: res://assets/overworld/terrain_masks/mask_corner_b_dominant_02.png
Loading resource: res://.godot/imported/mask_corner_b_dominant_02.png-5af894ea302ae02fa73810d46bd64bb7.ctex remapped: res://.godot/imported/mask_corner_b_dominant_02.png-5af894ea302ae02fa73810d46bd64bb7.ctex
Completed load for: 'res://assets/overworld/terrain_masks/mask_corner_b_dominant_02.png' remapped 'res://assets/overworld/terrain_masks/mask_corner_b_dominant_02.png' at thread -1
Loading resource: res://assets/overworld/terrain_masks/mask_corner_b_dominant_02.png remapped: res://assets/overworld/terrain_masks/mask_corner_b_dominant_02.png
Loading resource: res://.godot/imported/mask_corner_b_dominant_02.png-5af894ea302ae02fa73810d46bd64bb7.ctex remapped: res://.godot/imported/mask_corner_b_dominant_02.png-5af894ea302ae02fa73810d46bd64bb7.ctex
Completed load for: 'res://assets/overworld/terrain_masks/mask_corner_b_dominant_02.png' remapped 'res://assets/overworld/terrain_masks/mask_corner_b_dominant_02.png' at thread -1
Loading resource: res://assets/overworld/tile_sand_generic.png remapped: res://assets/overworld/tile_sand_generic.png
Loading resource: res://.godot/imported/tile_sand_generic.png-60c3c38f8443909ef7829dddf4a7b4ec.ctex remapped: res://.godot/imported/tile_sand_generic.png-60c3c38f8443909ef7829dddf4a7b4ec.ctex
Completed load for: 'res://assets/overworld/tile_sand_generic.png' remapped 'res://assets/overworld/tile_sand_generic.png' at thread -1
Loading resource: res://assets/overworld/terrain_masks/mask_corner_b_dominant_02.png remapped: res://assets/overworld/terrain_masks/mask_corner_b_dominant_02.png
Loading resource: res://.godot/imported/mask_corner_b_dominant_02.png-5af894ea302ae02fa73810d46bd64bb7.ctex remapped: res://.godot/imported/mask_corner_b_dominant_02.png-5af894ea302ae02fa73810d46bd64bb7.ctex
Completed load for: 'res://assets/overworld/terrain_masks/mask_corner_b_dominant_02.png' remapped 'res://assets/overworld/terrain_masks/mask_corner_b_dominant_02.png' at thread -1
Loading resource: res://assets/overworld/terrain_masks/mask_corner_b_dominant_02.png remapped: res://assets/overworld/terrain_masks/mask_corner_b_dominant_02.png
Loading resource: res://.godot/imported/mask_corner_b_dominant_02.png-5af894ea302ae02fa73810d46bd64bb7.ctex remapped: res://.godot/imported/mask_corner_b_dominant_02.png-5af894ea302ae02fa73810d46bd64bb7.ctex
Completed load for: 'res://assets/overworld/terrain_masks/mask_corner_b_dominant_02.png' remapped 'res://assets/overworld/terrain_masks/mask_corner_b_dominant_02.png' at thread -1
Loading resource: res://assets/overworld/tile_sand_generic.png remapped: res://assets/overworld/tile_sand_generic.png
Loading resource: res://.godot/imported/tile_sand_generic.png-60c3c38f8443909ef7829dddf4a7b4ec.ctex remapped: res://.godot/imported/tile_sand_generic.png-60c3c38f8443909ef7829dddf4a7b4ec.ctex
Completed load for: 'res://assets/overworld/tile_sand_generic.png' remapped 'res://assets/overworld/tile_sand_generic.png' at thread -1
Loading resource: res://assets/overworld/terrain_masks/mask_corner_b_dominant_02.png remapped: res://assets/overworld/terrain_masks/mask_corner_b_dominant_02.png
Loading resource: res://.godot/imported/mask_corner_b_dominant_02.png-5af894ea302ae02fa73810d46bd64bb7.ctex remapped: res://.godot/imported/mask_corner_b_dominant_02.png-5af894ea302ae02fa73810d46bd64bb7.ctex
Completed load for: 'res://assets/overworld/terrain_masks/mask_corner_b_dominant_02.png' remapped 'res://assets/overworld/terrain_masks/mask_corner_b_dominant_02.png' at thread -1
Loading resource: res://assets/overworld/tile_sand_generic.png remapped: res://assets/overworld/tile_sand_generic.png
Loading resource: res://.godot/imported/tile_sand_generic.png-60c3c38f8443909ef7829dddf4a7b4ec.ctex remapped: res://.godot/imported/tile_sand_generic.png-60c3c38f8443909ef7829dddf4a7b4ec.ctex
Completed load for: 'res://assets/overworld/tile_sand_generic.png' remapped 'res://assets/overworld/tile_sand_generic.png' at thread -1
Loading resource: res://assets/overworld/terrain_masks/mask_corner_b_dominant_02.png remapped: res://assets/overworld/terrain_masks/mask_corner_b_dominant_02.png
Loading resource: res://.godot/imported/mask_corner_b_dominant_02.png-5af894ea302ae02fa73810d46bd64bb7.ctex remapped: res://.godot/imported/mask_corner_b_dominant_02.png-5af894ea302ae02fa73810d46bd64bb7.ctex
Completed load for: 'res://assets/overworld/terrain_masks/mask_corner_b_dominant_02.png' remapped 'res://assets/overworld/terrain_masks/mask_corner_b_dominant_02.png' at thread -1
Loading resource: res://assets/overworld/tile_sand_generic.png remapped: res://assets/overworld/tile_sand_generic.png
Loading resource: res://.godot/imported/tile_sand_generic.png-60c3c38f8443909ef7829dddf4a7b4ec.ctex remapped: res://.godot/imported/tile_sand_generic.png-60c3c38f8443909ef7829dddf4a7b4ec.ctex
Completed load for: 'res://assets/overworld/tile_sand_generic.png' remapped 'res://assets/overworld/tile_sand_generic.png' at thread -1
Loading resource: res://assets/overworld/terrain_masks/mask_corner_b_dominant_02.png remapped: res://assets/overworld/terrain_masks/mask_corner_b_dominant_02.png
Loading resource: res://.godot/imported/mask_corner_b_dominant_02.png-5af894ea302ae02fa73810d46bd64bb7.ctex remapped: res://.godot/imported/mask_corner_b_dominant_02.png-5af894ea302ae02fa73810d46bd64bb7.ctex
Completed load for: 'res://assets/overworld/terrain_masks/mask_corner_b_dominant_02.png' remapped 'res://assets/overworld/terrain_masks/mask_corner_b_dominant_02.png' at thread -1
Loading resource: res://assets/overworld/tile_sand_generic.png remapped: res://assets/overworld/tile_sand_generic.png
Loading resource: res://.godot/imported/tile_sand_generic.png-60c3c38f8443909ef7829dddf4a7b4ec.ctex remapped: res://.godot/imported/tile_sand_generic.png-60c3c38f8443909ef7829dddf4a7b4ec.ctex
Completed load for: 'res://assets/overworld/tile_sand_generic.png' remapped 'res://assets/overworld/tile_sand_generic.png' at thread -1
Loading resource: res://assets/overworld/terrain_masks/mask_corner_b_dominant_02.png remapped: res://assets/overworld/terrain_masks/mask_corner_b_dominant_02.png
Loading resource: res://.godot/imported/mask_corner_b_dominant_02.png-5af894ea302ae02fa73810d46bd64bb7.ctex remapped: res://.godot/imported/mask_corner_b_dominant_02.png-5af894ea302ae02fa73810d46bd64bb7.ctex
Completed load for: 'res://assets/overworld/terrain_masks/mask_corner_b_dominant_02.png' remapped 'res://assets/overworld/terrain_masks/mask_corner_b_dominant_02.png' at thread -1
Loading resource: res://assets/overworld/tile_sand_generic.png remapped: res://assets/overworld/tile_sand_generic.png
Loading resource: res://.godot/imported/tile_sand_generic.png-60c3c38f8443909ef7829dddf4a7b4ec.ctex remapped: res://.godot/imported/tile_sand_generic.png-60c3c38f8443909ef7829dddf4a7b4ec.ctex
Completed load for: 'res://assets/overworld/tile_sand_generic.png' remapped 'res://assets/overworld/tile_sand_generic.png' at thread -1
Loading resource: res://assets/overworld/terrain_masks/mask_corner_b_dominant_03.png remapped: res://assets/overworld/terrain_masks/mask_corner_b_dominant_03.png
Loading resource: res://.godot/imported/mask_corner_b_dominant_03.png-f3af0a7197047079a49c9d86a8a4dd68.ctex remapped: res://.godot/imported/mask_corner_b_dominant_03.png-f3af0a7197047079a49c9d86a8a4dd68.ctex
Completed load for: 'res://assets/overworld/terrain_masks/mask_corner_b_dominant_03.png' remapped 'res://assets/overworld/terrain_masks/mask_corner_b_dominant_03.png' at thread -1
Loading resource: res://assets/overworld/terrain_masks/mask_corner_b_dominant_03.png remapped: res://assets/overworld/terrain_masks/mask_corner_b_dominant_03.png
Loading resource: res://.godot/imported/mask_corner_b_dominant_03.png-f3af0a7197047079a49c9d86a8a4dd68.ctex remapped: res://.godot/imported/mask_corner_b_dominant_03.png-f3af0a7197047079a49c9d86a8a4dd68.ctex
Completed load for: 'res://assets/overworld/terrain_masks/mask_corner_b_dominant_03.png' remapped 'res://assets/overworld/terrain_masks/mask_corner_b_dominant_03.png' at thread -1
Loading resource: res://assets/overworld/tile_sand_generic.png remapped: res://assets/overworld/tile_sand_generic.png
Loading resource: res://.godot/imported/tile_sand_generic.png-60c3c38f8443909ef7829dddf4a7b4ec.ctex remapped: res://.godot/imported/tile_sand_generic.png-60c3c38f8443909ef7829dddf4a7b4ec.ctex
Completed load for: 'res://assets/overworld/tile_sand_generic.png' remapped 'res://assets/overworld/tile_sand_generic.png' at thread -1
Loading resource: res://assets/overworld/terrain_masks/mask_corner_b_dominant_03.png remapped: res://assets/overworld/terrain_masks/mask_corner_b_dominant_03.png
Loading resource: res://.godot/imported/mask_corner_b_dominant_03.png-f3af0a7197047079a49c9d86a8a4dd68.ctex remapped: res://.godot/imported/mask_corner_b_dominant_03.png-f3af0a7197047079a49c9d86a8a4dd68.ctex
Completed load for: 'res://assets/overworld/terrain_masks/mask_corner_b_dominant_03.png' remapped 'res://assets/overworld/terrain_masks/mask_corner_b_dominant_03.png' at thread -1
Loading resource: res://assets/overworld/terrain_masks/mask_corner_b_dominant_03.png remapped: res://assets/overworld/terrain_masks/mask_corner_b_dominant_03.png
Loading resource: res://.godot/imported/mask_corner_b_dominant_03.png-f3af0a7197047079a49c9d86a8a4dd68.ctex remapped: res://.godot/imported/mask_corner_b_dominant_03.png-f3af0a7197047079a49c9d86a8a4dd68.ctex
Completed load for: 'res://assets/overworld/terrain_masks/mask_corner_b_dominant_03.png' remapped 'res://assets/overworld/terrain_masks/mask_corner_b_dominant_03.png' at thread -1
Loading resource: res://assets/overworld/tile_sand_generic.png remapped: res://assets/overworld/tile_sand_generic.png
Loading resource: res://.godot/imported/tile_sand_generic.png-60c3c38f8443909ef7829dddf4a7b4ec.ctex remapped: res://.godot/imported/tile_sand_generic.png-60c3c38f8443909ef7829dddf4a7b4ec.ctex
Completed load for: 'res://assets/overworld/tile_sand_generic.png' remapped 'res://assets/overworld/tile_sand_generic.png' at thread -1
Loading resource: res://assets/overworld/terrain_masks/mask_corner_b_dominant_03.png remapped: res://assets/overworld/terrain_masks/mask_corner_b_dominant_03.png
Loading resource: res://.godot/imported/mask_corner_b_dominant_03.png-f3af0a7197047079a49c9d86a8a4dd68.ctex remapped: res://.godot/imported/mask_corner_b_dominant_03.png-f3af0a7197047079a49c9d86a8a4dd68.ctex
Completed load for: 'res://assets/overworld/terrain_masks/mask_corner_b_dominant_03.png' remapped 'res://assets/overworld/terrain_masks/mask_corner_b_dominant_03.png' at thread -1
Loading resource: res://assets/overworld/terrain_masks/mask_corner_b_dominant_03.png remapped: res://assets/overworld/terrain_masks/mask_corner_b_dominant_03.png
Loading resource: res://.godot/imported/mask_corner_b_dominant_03.png-f3af0a7197047079a49c9d86a8a4dd68.ctex remapped: res://.godot/imported/mask_corner_b_dominant_03.png-f3af0a7197047079a49c9d86a8a4dd68.ctex
Completed load for: 'res://assets/overworld/terrain_masks/mask_corner_b_dominant_03.png' remapped 'res://assets/overworld/terrain_masks/mask_corner_b_dominant_03.png' at thread -1
Loading resource: res://assets/overworld/tile_sand_generic.png remapped: res://assets/overworld/tile_sand_generic.png
Loading resource: res://.godot/imported/tile_sand_generic.png-60c3c38f8443909ef7829dddf4a7b4ec.ctex remapped: res://.godot/imported/tile_sand_generic.png-60c3c38f8443909ef7829dddf4a7b4ec.ctex
Completed load for: 'res://assets/overworld/tile_sand_generic.png' remapped 'res://assets/overworld/tile_sand_generic.png' at thread -1
Loading resource: res://assets/overworld/terrain_masks/mask_corner_b_dominant_03.png remapped: res://assets/overworld/terrain_masks/mask_corner_b_dominant_03.png
Loading resource: res://.godot/imported/mask_corner_b_dominant_03.png-f3af0a7197047079a49c9d86a8a4dd68.ctex remapped: res://.godot/imported/mask_corner_b_dominant_03.png-f3af0a7197047079a49c9d86a8a4dd68.ctex
Completed load for: 'res://assets/overworld/terrain_masks/mask_corner_b_dominant_03.png' remapped 'res://assets/overworld/terrain_masks/mask_corner_b_dominant_03.png' at thread -1
Loading resource: res://assets/overworld/terrain_masks/mask_corner_b_dominant_03.png remapped: res://assets/overworld/terrain_masks/mask_corner_b_dominant_03.png
Loading resource: res://.godot/imported/mask_corner_b_dominant_03.png-f3af0a7197047079a49c9d86a8a4dd68.ctex remapped: res://.godot/imported/mask_corner_b_dominant_03.png-f3af0a7197047079a49c9d86a8a4dd68.ctex
Completed load for: 'res://assets/overworld/terrain_masks/mask_corner_b_dominant_03.png' remapped 'res://assets/overworld/terrain_masks/mask_corner_b_dominant_03.png' at thread -1
Loading resource: res://assets/overworld/tile_sand_generic.png remapped: res://assets/overworld/tile_sand_generic.png
Loading resource: res://.godot/imported/tile_sand_generic.png-60c3c38f8443909ef7829dddf4a7b4ec.ctex remapped: res://.godot/imported/tile_sand_generic.png-60c3c38f8443909ef7829dddf4a7b4ec.ctex
Completed load for: 'res://assets/overworld/tile_sand_generic.png' remapped 'res://assets/overworld/tile_sand_generic.png' at thread -1
Loading resource: res://assets/overworld/terrain_masks/mask_corner_b_dominant_03.png remapped: res://assets/overworld/terrain_masks/mask_corner_b_dominant_03.png
Loading resource: res://.godot/imported/mask_corner_b_dominant_03.png-f3af0a7197047079a49c9d86a8a4dd68.ctex remapped: res://.godot/imported/mask_corner_b_dominant_03.png-f3af0a7197047079a49c9d86a8a4dd68.ctex
Completed load for: 'res://assets/overworld/terrain_masks/mask_corner_b_dominant_03.png' remapped 'res://assets/overworld/terrain_masks/mask_corner_b_dominant_03.png' at thread -1
Loading resource: res://assets/overworld/tile_sand_generic.png remapped: res://assets/overworld/tile_sand_generic.png
Loading resource: res://.godot/imported/tile_sand_generic.png-60c3c38f8443909ef7829dddf4a7b4ec.ctex remapped: res://.godot/imported/tile_sand_generic.png-60c3c38f8443909ef7829dddf4a7b4ec.ctex
Completed load for: 'res://assets/overworld/tile_sand_generic.png' remapped 'res://assets/overworld/tile_sand_generic.png' at thread -1
Loading resource: res://assets/overworld/terrain_masks/mask_corner_b_dominant_03.png remapped: res://assets/overworld/terrain_masks/mask_corner_b_dominant_03.png
Loading resource: res://.godot/imported/mask_corner_b_dominant_03.png-f3af0a7197047079a49c9d86a8a4dd68.ctex remapped: res://.godot/imported/mask_corner_b_dominant_03.png-f3af0a7197047079a49c9d86a8a4dd68.ctex
Completed load for: 'res://assets/overworld/terrain_masks/mask_corner_b_dominant_03.png' remapped 'res://assets/overworld/terrain_masks/mask_corner_b_dominant_03.png' at thread -1
Loading resource: res://assets/overworld/tile_sand_generic.png remapped: res://assets/overworld/tile_sand_generic.png
Loading resource: res://.godot/imported/tile_sand_generic.png-60c3c38f8443909ef7829dddf4a7b4ec.ctex remapped: res://.godot/imported/tile_sand_generic.png-60c3c38f8443909ef7829dddf4a7b4ec.ctex
Completed load for: 'res://assets/overworld/tile_sand_generic.png' remapped 'res://assets/overworld/tile_sand_generic.png' at thread -1
Loading resource: res://assets/overworld/terrain_masks/mask_corner_b_dominant_03.png remapped: res://assets/overworld/terrain_masks/mask_corner_b_dominant_03.png
Loading resource: res://.godot/imported/mask_corner_b_dominant_03.png-f3af0a7197047079a49c9d86a8a4dd68.ctex remapped: res://.godot/imported/mask_corner_b_dominant_03.png-f3af0a7197047079a49c9d86a8a4dd68.ctex
Completed load for: 'res://assets/overworld/terrain_masks/mask_corner_b_dominant_03.png' remapped 'res://assets/overworld/terrain_masks/mask_corner_b_dominant_03.png' at thread -1
Loading resource: res://assets/overworld/tile_sand_generic.png remapped: res://assets/overworld/tile_sand_generic.png
Loading resource: res://.godot/imported/tile_sand_generic.png-60c3c38f8443909ef7829dddf4a7b4ec.ctex remapped: res://.godot/imported/tile_sand_generic.png-60c3c38f8443909ef7829dddf4a7b4ec.ctex
Completed load for: 'res://assets/overworld/tile_sand_generic.png' remapped 'res://assets/overworld/tile_sand_generic.png' at thread -1
Loading resource: res://assets/overworld/terrain_masks/mask_corner_b_dominant_03.png remapped: res://assets/overworld/terrain_masks/mask_corner_b_dominant_03.png
Loading resource: res://.godot/imported/mask_corner_b_dominant_03.png-f3af0a7197047079a49c9d86a8a4dd68.ctex remapped: res://.godot/imported/mask_corner_b_dominant_03.png-f3af0a7197047079a49c9d86a8a4dd68.ctex
Completed load for: 'res://assets/overworld/terrain_masks/mask_corner_b_dominant_03.png' remapped 'res://assets/overworld/terrain_masks/mask_corner_b_dominant_03.png' at thread -1
Loading resource: res://assets/overworld/tile_sand_generic.png remapped: res://assets/overworld/tile_sand_generic.png
Loading resource: res://.godot/imported/tile_sand_generic.png-60c3c38f8443909ef7829dddf4a7b4ec.ctex remapped: res://.godot/imported/tile_sand_generic.png-60c3c38f8443909ef7829dddf4a7b4ec.ctex
Completed load for: 'res://assets/overworld/tile_sand_generic.png' remapped 'res://assets/overworld/tile_sand_generic.png' at thread -1
Loading resource: res://assets/overworld/terrain_masks/mask_corner_b_dominant_04.png remapped: res://assets/overworld/terrain_masks/mask_corner_b_dominant_04.png
Loading resource: res://.godot/imported/mask_corner_b_dominant_04.png-41e52e4fb46f6c6f29b43386ce0e6873.ctex remapped: res://.godot/imported/mask_corner_b_dominant_04.png-41e52e4fb46f6c6f29b43386ce0e6873.ctex
Completed load for: 'res://assets/overworld/terrain_masks/mask_corner_b_dominant_04.png' remapped 'res://assets/overworld/terrain_masks/mask_corner_b_dominant_04.png' at thread -1
Loading resource: res://assets/overworld/terrain_masks/mask_corner_b_dominant_04.png remapped: res://assets/overworld/terrain_masks/mask_corner_b_dominant_04.png
Loading resource: res://.godot/imported/mask_corner_b_dominant_04.png-41e52e4fb46f6c6f29b43386ce0e6873.ctex remapped: res://.godot/imported/mask_corner_b_dominant_04.png-41e52e4fb46f6c6f29b43386ce0e6873.ctex
Completed load for: 'res://assets/overworld/terrain_masks/mask_corner_b_dominant_04.png' remapped 'res://assets/overworld/terrain_masks/mask_corner_b_dominant_04.png' at thread -1
Loading resource: res://assets/overworld/tile_sand_generic.png remapped: res://assets/overworld/tile_sand_generic.png
Loading resource: res://.godot/imported/tile_sand_generic.png-60c3c38f8443909ef7829dddf4a7b4ec.ctex remapped: res://.godot/imported/tile_sand_generic.png-60c3c38f8443909ef7829dddf4a7b4ec.ctex
Completed load for: 'res://assets/overworld/tile_sand_generic.png' remapped 'res://assets/overworld/tile_sand_generic.png' at thread -1
Loading resource: res://assets/overworld/terrain_masks/mask_corner_b_dominant_04.png remapped: res://assets/overworld/terrain_masks/mask_corner_b_dominant_04.png
Loading resource: res://.godot/imported/mask_corner_b_dominant_04.png-41e52e4fb46f6c6f29b43386ce0e6873.ctex remapped: res://.godot/imported/mask_corner_b_dominant_04.png-41e52e4fb46f6c6f29b43386ce0e6873.ctex
Completed load for: 'res://assets/overworld/terrain_masks/mask_corner_b_dominant_04.png' remapped 'res://assets/overworld/terrain_masks/mask_corner_b_dominant_04.png' at thread -1
Loading resource: res://assets/overworld/terrain_masks/mask_corner_b_dominant_04.png remapped: res://assets/overworld/terrain_masks/mask_corner_b_dominant_04.png
Loading resource: res://.godot/imported/mask_corner_b_dominant_04.png-41e52e4fb46f6c6f29b43386ce0e6873.ctex remapped: res://.godot/imported/mask_corner_b_dominant_04.png-41e52e4fb46f6c6f29b43386ce0e6873.ctex
Completed load for: 'res://assets/overworld/terrain_masks/mask_corner_b_dominant_04.png' remapped 'res://assets/overworld/terrain_masks/mask_corner_b_dominant_04.png' at thread -1
Loading resource: res://assets/overworld/tile_sand_generic.png remapped: res://assets/overworld/tile_sand_generic.png
Loading resource: res://.godot/imported/tile_sand_generic.png-60c3c38f8443909ef7829dddf4a7b4ec.ctex remapped: res://.godot/imported/tile_sand_generic.png-60c3c38f8443909ef7829dddf4a7b4ec.ctex
Completed load for: 'res://assets/overworld/tile_sand_generic.png' remapped 'res://assets/overworld/tile_sand_generic.png' at thread -1
Loading resource: res://assets/overworld/terrain_masks/mask_corner_b_dominant_04.png remapped: res://assets/overworld/terrain_masks/mask_corner_b_dominant_04.png
Loading resource: res://.godot/imported/mask_corner_b_dominant_04.png-41e52e4fb46f6c6f29b43386ce0e6873.ctex remapped: res://.godot/imported/mask_corner_b_dominant_04.png-41e52e4fb46f6c6f29b43386ce0e6873.ctex
Completed load for: 'res://assets/overworld/terrain_masks/mask_corner_b_dominant_04.png' remapped 'res://assets/overworld/terrain_masks/mask_corner_b_dominant_04.png' at thread -1
Loading resource: res://assets/overworld/terrain_masks/mask_corner_b_dominant_04.png remapped: res://assets/overworld/terrain_masks/mask_corner_b_dominant_04.png
Loading resource: res://.godot/imported/mask_corner_b_dominant_04.png-41e52e4fb46f6c6f29b43386ce0e6873.ctex remapped: res://.godot/imported/mask_corner_b_dominant_04.png-41e52e4fb46f6c6f29b43386ce0e6873.ctex
Completed load for: 'res://assets/overworld/terrain_masks/mask_corner_b_dominant_04.png' remapped 'res://assets/overworld/terrain_masks/mask_corner_b_dominant_04.png' at thread -1
Loading resource: res://assets/overworld/tile_sand_generic.png remapped: res://assets/overworld/tile_sand_generic.png
Loading resource: res://.godot/imported/tile_sand_generic.png-60c3c38f8443909ef7829dddf4a7b4ec.ctex remapped: res://.godot/imported/tile_sand_generic.png-60c3c38f8443909ef7829dddf4a7b4ec.ctex
Completed load for: 'res://assets/overworld/tile_sand_generic.png' remapped 'res://assets/overworld/tile_sand_generic.png' at thread -1
Loading resource: res://assets/overworld/terrain_masks/mask_corner_b_dominant_04.png remapped: res://assets/overworld/terrain_masks/mask_corner_b_dominant_04.png
Loading resource: res://.godot/imported/mask_corner_b_dominant_04.png-41e52e4fb46f6c6f29b43386ce0e6873.ctex remapped: res://.godot/imported/mask_corner_b_dominant_04.png-41e52e4fb46f6c6f29b43386ce0e6873.ctex
Completed load for: 'res://assets/overworld/terrain_masks/mask_corner_b_dominant_04.png' remapped 'res://assets/overworld/terrain_masks/mask_corner_b_dominant_04.png' at thread -1
Loading resource: res://assets/overworld/terrain_masks/mask_corner_b_dominant_04.png remapped: res://assets/overworld/terrain_masks/mask_corner_b_dominant_04.png
Loading resource: res://.godot/imported/mask_corner_b_dominant_04.png-41e52e4fb46f6c6f29b43386ce0e6873.ctex remapped: res://.godot/imported/mask_corner_b_dominant_04.png-41e52e4fb46f6c6f29b43386ce0e6873.ctex
Completed load for: 'res://assets/overworld/terrain_masks/mask_corner_b_dominant_04.png' remapped 'res://assets/overworld/terrain_masks/mask_corner_b_dominant_04.png' at thread -1
Loading resource: res://assets/overworld/tile_sand_generic.png remapped: res://assets/overworld/tile_sand_generic.png
Loading resource: res://.godot/imported/tile_sand_generic.png-60c3c38f8443909ef7829dddf4a7b4ec.ctex remapped: res://.godot/imported/tile_sand_generic.png-60c3c38f8443909ef7829dddf4a7b4ec.ctex
Completed load for: 'res://assets/overworld/tile_sand_generic.png' remapped 'res://assets/overworld/tile_sand_generic.png' at thread -1
Loading resource: res://assets/overworld/terrain_masks/mask_corner_b_dominant_04.png remapped: res://assets/overworld/terrain_masks/mask_corner_b_dominant_04.png
Loading resource: res://.godot/imported/mask_corner_b_dominant_04.png-41e52e4fb46f6c6f29b43386ce0e6873.ctex remapped: res://.godot/imported/mask_corner_b_dominant_04.png-41e52e4fb46f6c6f29b43386ce0e6873.ctex
Completed load for: 'res://assets/overworld/terrain_masks/mask_corner_b_dominant_04.png' remapped 'res://assets/overworld/terrain_masks/mask_corner_b_dominant_04.png' at thread -1
Loading resource: res://assets/overworld/tile_sand_generic.png remapped: res://assets/overworld/tile_sand_generic.png
Loading resource: res://.godot/imported/tile_sand_generic.png-60c3c38f8443909ef7829dddf4a7b4ec.ctex remapped: res://.godot/imported/tile_sand_generic.png-60c3c38f8443909ef7829dddf4a7b4ec.ctex
Completed load for: 'res://assets/overworld/tile_sand_generic.png' remapped 'res://assets/overworld/tile_sand_generic.png' at thread -1
Loading resource: res://assets/overworld/terrain_masks/mask_corner_b_dominant_04.png remapped: res://assets/overworld/terrain_masks/mask_corner_b_dominant_04.png
Loading resource: res://.godot/imported/mask_corner_b_dominant_04.png-41e52e4fb46f6c6f29b43386ce0e6873.ctex remapped: res://.godot/imported/mask_corner_b_dominant_04.png-41e52e4fb46f6c6f29b43386ce0e6873.ctex
Completed load for: 'res://assets/overworld/terrain_masks/mask_corner_b_dominant_04.png' remapped 'res://assets/overworld/terrain_masks/mask_corner_b_dominant_04.png' at thread -1
Loading resource: res://assets/overworld/tile_sand_generic.png remapped: res://assets/overworld/tile_sand_generic.png
Loading resource: res://.godot/imported/tile_sand_generic.png-60c3c38f8443909ef7829dddf4a7b4ec.ctex remapped: res://.godot/imported/tile_sand_generic.png-60c3c38f8443909ef7829dddf4a7b4ec.ctex
Completed load for: 'res://assets/overworld/tile_sand_generic.png' remapped 'res://assets/overworld/tile_sand_generic.png' at thread -1
Loading resource: res://assets/overworld/terrain_masks/mask_corner_b_dominant_04.png remapped: res://assets/overworld/terrain_masks/mask_corner_b_dominant_04.png
Loading resource: res://.godot/imported/mask_corner_b_dominant_04.png-41e52e4fb46f6c6f29b43386ce0e6873.ctex remapped: res://.godot/imported/mask_corner_b_dominant_04.png-41e52e4fb46f6c6f29b43386ce0e6873.ctex
Completed load for: 'res://assets/overworld/terrain_masks/mask_corner_b_dominant_04.png' remapped 'res://assets/overworld/terrain_masks/mask_corner_b_dominant_04.png' at thread -1
Loading resource: res://assets/overworld/tile_sand_generic.png remapped: res://assets/overworld/tile_sand_generic.png
Loading resource: res://.godot/imported/tile_sand_generic.png-60c3c38f8443909ef7829dddf4a7b4ec.ctex remapped: res://.godot/imported/tile_sand_generic.png-60c3c38f8443909ef7829dddf4a7b4ec.ctex
Completed load for: 'res://assets/overworld/tile_sand_generic.png' remapped 'res://assets/overworld/tile_sand_generic.png' at thread -1
Loading resource: res://assets/overworld/terrain_masks/mask_corner_b_dominant_04.png remapped: res://assets/overworld/terrain_masks/mask_corner_b_dominant_04.png
Loading resource: res://.godot/imported/mask_corner_b_dominant_04.png-41e52e4fb46f6c6f29b43386ce0e6873.ctex remapped: res://.godot/imported/mask_corner_b_dominant_04.png-41e52e4fb46f6c6f29b43386ce0e6873.ctex
Completed load for: 'res://assets/overworld/terrain_masks/mask_corner_b_dominant_04.png' remapped 'res://assets/overworld/terrain_masks/mask_corner_b_dominant_04.png' at thread -1
Loading resource: res://assets/overworld/tile_sand_generic.png remapped: res://assets/overworld/tile_sand_generic.png
Loading resource: res://.godot/imported/tile_sand_generic.png-60c3c38f8443909ef7829dddf4a7b4ec.ctex remapped: res://.godot/imported/tile_sand_generic.png-60c3c38f8443909ef7829dddf4a7b4ec.ctex
Completed load for: 'res://assets/overworld/tile_sand_generic.png' remapped 'res://assets/overworld/tile_sand_generic.png' at thread -1
Loading resource: res://assets/overworld/terrain_masks/mask_corner_even_00.png remapped: res://assets/overworld/terrain_masks/mask_corner_even_00.png
Loading resource: res://.godot/imported/mask_corner_even_00.png-086689d1e49f9b96a23e7dab1f84b9ba.ctex remapped: res://.godot/imported/mask_corner_even_00.png-086689d1e49f9b96a23e7dab1f84b9ba.ctex
Completed load for: 'res://assets/overworld/terrain_masks/mask_corner_even_00.png' remapped 'res://assets/overworld/terrain_masks/mask_corner_even_00.png' at thread -1
Loading resource: res://assets/overworld/terrain_masks/mask_corner_even_00.png remapped: res://assets/overworld/terrain_masks/mask_corner_even_00.png
Loading resource: res://.godot/imported/mask_corner_even_00.png-086689d1e49f9b96a23e7dab1f84b9ba.ctex remapped: res://.godot/imported/mask_corner_even_00.png-086689d1e49f9b96a23e7dab1f84b9ba.ctex
Completed load for: 'res://assets/overworld/terrain_masks/mask_corner_even_00.png' remapped 'res://assets/overworld/terrain_masks/mask_corner_even_00.png' at thread -1
Loading resource: res://assets/overworld/tile_sand_generic.png remapped: res://assets/overworld/tile_sand_generic.png
Loading resource: res://.godot/imported/tile_sand_generic.png-60c3c38f8443909ef7829dddf4a7b4ec.ctex remapped: res://.godot/imported/tile_sand_generic.png-60c3c38f8443909ef7829dddf4a7b4ec.ctex
Completed load for: 'res://assets/overworld/tile_sand_generic.png' remapped 'res://assets/overworld/tile_sand_generic.png' at thread -1
Loading resource: res://assets/overworld/terrain_masks/mask_corner_even_00.png remapped: res://assets/overworld/terrain_masks/mask_corner_even_00.png
Loading resource: res://.godot/imported/mask_corner_even_00.png-086689d1e49f9b96a23e7dab1f84b9ba.ctex remapped: res://.godot/imported/mask_corner_even_00.png-086689d1e49f9b96a23e7dab1f84b9ba.ctex
Completed load for: 'res://assets/overworld/terrain_masks/mask_corner_even_00.png' remapped 'res://assets/overworld/terrain_masks/mask_corner_even_00.png' at thread -1
Loading resource: res://assets/overworld/terrain_masks/mask_corner_even_00.png remapped: res://assets/overworld/terrain_masks/mask_corner_even_00.png
Loading resource: res://.godot/imported/mask_corner_even_00.png-086689d1e49f9b96a23e7dab1f84b9ba.ctex remapped: res://.godot/imported/mask_corner_even_00.png-086689d1e49f9b96a23e7dab1f84b9ba.ctex
Completed load for: 'res://assets/overworld/terrain_masks/mask_corner_even_00.png' remapped 'res://assets/overworld/terrain_masks/mask_corner_even_00.png' at thread -1
Loading resource: res://assets/overworld/tile_sand_generic.png remapped: res://assets/overworld/tile_sand_generic.png
Loading resource: res://.godot/imported/tile_sand_generic.png-60c3c38f8443909ef7829dddf4a7b4ec.ctex remapped: res://.godot/imported/tile_sand_generic.png-60c3c38f8443909ef7829dddf4a7b4ec.ctex
Completed load for: 'res://assets/overworld/tile_sand_generic.png' remapped 'res://assets/overworld/tile_sand_generic.png' at thread -1
Loading resource: res://assets/overworld/terrain_masks/mask_corner_even_00.png remapped: res://assets/overworld/terrain_masks/mask_corner_even_00.png
Loading resource: res://.godot/imported/mask_corner_even_00.png-086689d1e49f9b96a23e7dab1f84b9ba.ctex remapped: res://.godot/imported/mask_corner_even_00.png-086689d1e49f9b96a23e7dab1f84b9ba.ctex
Completed load for: 'res://assets/overworld/terrain_masks/mask_corner_even_00.png' remapped 'res://assets/overworld/terrain_masks/mask_corner_even_00.png' at thread -1
Loading resource: res://assets/overworld/terrain_masks/mask_corner_even_00.png remapped: res://assets/overworld/terrain_masks/mask_corner_even_00.png
Loading resource: res://.godot/imported/mask_corner_even_00.png-086689d1e49f9b96a23e7dab1f84b9ba.ctex remapped: res://.godot/imported/mask_corner_even_00.png-086689d1e49f9b96a23e7dab1f84b9ba.ctex
Completed load for: 'res://assets/overworld/terrain_masks/mask_corner_even_00.png' remapped 'res://assets/overworld/terrain_masks/mask_corner_even_00.png' at thread -1
Loading resource: res://assets/overworld/tile_sand_generic.png remapped: res://assets/overworld/tile_sand_generic.png
Loading resource: res://.godot/imported/tile_sand_generic.png-60c3c38f8443909ef7829dddf4a7b4ec.ctex remapped: res://.godot/imported/tile_sand_generic.png-60c3c38f8443909ef7829dddf4a7b4ec.ctex
Completed load for: 'res://assets/overworld/tile_sand_generic.png' remapped 'res://assets/overworld/tile_sand_generic.png' at thread -1
Loading resource: res://assets/overworld/terrain_masks/mask_corner_even_00.png remapped: res://assets/overworld/terrain_masks/mask_corner_even_00.png
Loading resource: res://.godot/imported/mask_corner_even_00.png-086689d1e49f9b96a23e7dab1f84b9ba.ctex remapped: res://.godot/imported/mask_corner_even_00.png-086689d1e49f9b96a23e7dab1f84b9ba.ctex
Completed load for: 'res://assets/overworld/terrain_masks/mask_corner_even_00.png' remapped 'res://assets/overworld/terrain_masks/mask_corner_even_00.png' at thread -1
Loading resource: res://assets/overworld/terrain_masks/mask_corner_even_00.png remapped: res://assets/overworld/terrain_masks/mask_corner_even_00.png
Loading resource: res://.godot/imported/mask_corner_even_00.png-086689d1e49f9b96a23e7dab1f84b9ba.ctex remapped: res://.godot/imported/mask_corner_even_00.png-086689d1e49f9b96a23e7dab1f84b9ba.ctex
Completed load for: 'res://assets/overworld/terrain_masks/mask_corner_even_00.png' remapped 'res://assets/overworld/terrain_masks/mask_corner_even_00.png' at thread -1
Loading resource: res://assets/overworld/tile_sand_generic.png remapped: res://assets/overworld/tile_sand_generic.png
Loading resource: res://.godot/imported/tile_sand_generic.png-60c3c38f8443909ef7829dddf4a7b4ec.ctex remapped: res://.godot/imported/tile_sand_generic.png-60c3c38f8443909ef7829dddf4a7b4ec.ctex
Completed load for: 'res://assets/overworld/tile_sand_generic.png' remapped 'res://assets/overworld/tile_sand_generic.png' at thread -1
Loading resource: res://assets/overworld/terrain_masks/mask_corner_even_00.png remapped: res://assets/overworld/terrain_masks/mask_corner_even_00.png
Loading resource: res://.godot/imported/mask_corner_even_00.png-086689d1e49f9b96a23e7dab1f84b9ba.ctex remapped: res://.godot/imported/mask_corner_even_00.png-086689d1e49f9b96a23e7dab1f84b9ba.ctex
Completed load for: 'res://assets/overworld/terrain_masks/mask_corner_even_00.png' remapped 'res://assets/overworld/terrain_masks/mask_corner_even_00.png' at thread -1
Loading resource: res://assets/overworld/tile_sand_generic.png remapped: res://assets/overworld/tile_sand_generic.png
Loading resource: res://.godot/imported/tile_sand_generic.png-60c3c38f8443909ef7829dddf4a7b4ec.ctex remapped: res://.godot/imported/tile_sand_generic.png-60c3c38f8443909ef7829dddf4a7b4ec.ctex
Completed load for: 'res://assets/overworld/tile_sand_generic.png' remapped 'res://assets/overworld/tile_sand_generic.png' at thread -1
Loading resource: res://assets/overworld/terrain_masks/mask_corner_even_00.png remapped: res://assets/overworld/terrain_masks/mask_corner_even_00.png
Loading resource: res://.godot/imported/mask_corner_even_00.png-086689d1e49f9b96a23e7dab1f84b9ba.ctex remapped: res://.godot/imported/mask_corner_even_00.png-086689d1e49f9b96a23e7dab1f84b9ba.ctex
Completed load for: 'res://assets/overworld/terrain_masks/mask_corner_even_00.png' remapped 'res://assets/overworld/terrain_masks/mask_corner_even_00.png' at thread -1
Loading resource: res://assets/overworld/tile_sand_generic.png remapped: res://assets/overworld/tile_sand_generic.png
Loading resource: res://.godot/imported/tile_sand_generic.png-60c3c38f8443909ef7829dddf4a7b4ec.ctex remapped: res://.godot/imported/tile_sand_generic.png-60c3c38f8443909ef7829dddf4a7b4ec.ctex
Completed load for: 'res://assets/overworld/tile_sand_generic.png' remapped 'res://assets/overworld/tile_sand_generic.png' at thread -1
Loading resource: res://assets/overworld/terrain_masks/mask_corner_even_00.png remapped: res://assets/overworld/terrain_masks/mask_corner_even_00.png
Loading resource: res://.godot/imported/mask_corner_even_00.png-086689d1e49f9b96a23e7dab1f84b9ba.ctex remapped: res://.godot/imported/mask_corner_even_00.png-086689d1e49f9b96a23e7dab1f84b9ba.ctex
Completed load for: 'res://assets/overworld/terrain_masks/mask_corner_even_00.png' remapped 'res://assets/overworld/terrain_masks/mask_corner_even_00.png' at thread -1
Loading resource: res://assets/overworld/tile_sand_generic.png remapped: res://assets/overworld/tile_sand_generic.png
Loading resource: res://.godot/imported/tile_sand_generic.png-60c3c38f8443909ef7829dddf4a7b4ec.ctex remapped: res://.godot/imported/tile_sand_generic.png-60c3c38f8443909ef7829dddf4a7b4ec.ctex
Completed load for: 'res://assets/overworld/tile_sand_generic.png' remapped 'res://assets/overworld/tile_sand_generic.png' at thread -1
Loading resource: res://assets/overworld/terrain_masks/mask_corner_even_00.png remapped: res://assets/overworld/terrain_masks/mask_corner_even_00.png
Loading resource: res://.godot/imported/mask_corner_even_00.png-086689d1e49f9b96a23e7dab1f84b9ba.ctex remapped: res://.godot/imported/mask_corner_even_00.png-086689d1e49f9b96a23e7dab1f84b9ba.ctex
Completed load for: 'res://assets/overworld/terrain_masks/mask_corner_even_00.png' remapped 'res://assets/overworld/terrain_masks/mask_corner_even_00.png' at thread -1
Loading resource: res://assets/overworld/tile_sand_generic.png remapped: res://assets/overworld/tile_sand_generic.png
Loading resource: res://.godot/imported/tile_sand_generic.png-60c3c38f8443909ef7829dddf4a7b4ec.ctex remapped: res://.godot/imported/tile_sand_generic.png-60c3c38f8443909ef7829dddf4a7b4ec.ctex
Completed load for: 'res://assets/overworld/tile_sand_generic.png' remapped 'res://assets/overworld/tile_sand_generic.png' at thread -1
Loading resource: res://assets/overworld/terrain_masks/mask_corner_even_01.png remapped: res://assets/overworld/terrain_masks/mask_corner_even_01.png
Loading resource: res://.godot/imported/mask_corner_even_01.png-23b3ef77b949d88c79bf87184ae5307d.ctex remapped: res://.godot/imported/mask_corner_even_01.png-23b3ef77b949d88c79bf87184ae5307d.ctex
Completed load for: 'res://assets/overworld/terrain_masks/mask_corner_even_01.png' remapped 'res://assets/overworld/terrain_masks/mask_corner_even_01.png' at thread -1
Loading resource: res://assets/overworld/terrain_masks/mask_corner_even_01.png remapped: res://assets/overworld/terrain_masks/mask_corner_even_01.png
Loading resource: res://.godot/imported/mask_corner_even_01.png-23b3ef77b949d88c79bf87184ae5307d.ctex remapped: res://.godot/imported/mask_corner_even_01.png-23b3ef77b949d88c79bf87184ae5307d.ctex
Completed load for: 'res://assets/overworld/terrain_masks/mask_corner_even_01.png' remapped 'res://assets/overworld/terrain_masks/mask_corner_even_01.png' at thread -1
Loading resource: res://assets/overworld/tile_sand_generic.png remapped: res://assets/overworld/tile_sand_generic.png
Loading resource: res://.godot/imported/tile_sand_generic.png-60c3c38f8443909ef7829dddf4a7b4ec.ctex remapped: res://.godot/imported/tile_sand_generic.png-60c3c38f8443909ef7829dddf4a7b4ec.ctex
Completed load for: 'res://assets/overworld/tile_sand_generic.png' remapped 'res://assets/overworld/tile_sand_generic.png' at thread -1
Loading resource: res://assets/overworld/terrain_masks/mask_corner_even_01.png remapped: res://assets/overworld/terrain_masks/mask_corner_even_01.png
Loading resource: res://.godot/imported/mask_corner_even_01.png-23b3ef77b949d88c79bf87184ae5307d.ctex remapped: res://.godot/imported/mask_corner_even_01.png-23b3ef77b949d88c79bf87184ae5307d.ctex
Completed load for: 'res://assets/overworld/terrain_masks/mask_corner_even_01.png' remapped 'res://assets/overworld/terrain_masks/mask_corner_even_01.png' at thread -1
Loading resource: res://assets/overworld/terrain_masks/mask_corner_even_01.png remapped: res://assets/overworld/terrain_masks/mask_corner_even_01.png
Loading resource: res://.godot/imported/mask_corner_even_01.png-23b3ef77b949d88c79bf87184ae5307d.ctex remapped: res://.godot/imported/mask_corner_even_01.png-23b3ef77b949d88c79bf87184ae5307d.ctex
Completed load for: 'res://assets/overworld/terrain_masks/mask_corner_even_01.png' remapped 'res://assets/overworld/terrain_masks/mask_corner_even_01.png' at thread -1
Loading resource: res://assets/overworld/tile_sand_generic.png remapped: res://assets/overworld/tile_sand_generic.png
Loading resource: res://.godot/imported/tile_sand_generic.png-60c3c38f8443909ef7829dddf4a7b4ec.ctex remapped: res://.godot/imported/tile_sand_generic.png-60c3c38f8443909ef7829dddf4a7b4ec.ctex
Completed load for: 'res://assets/overworld/tile_sand_generic.png' remapped 'res://assets/overworld/tile_sand_generic.png' at thread -1
Loading resource: res://assets/overworld/terrain_masks/mask_corner_even_01.png remapped: res://assets/overworld/terrain_masks/mask_corner_even_01.png
Loading resource: res://.godot/imported/mask_corner_even_01.png-23b3ef77b949d88c79bf87184ae5307d.ctex remapped: res://.godot/imported/mask_corner_even_01.png-23b3ef77b949d88c79bf87184ae5307d.ctex
Completed load for: 'res://assets/overworld/terrain_masks/mask_corner_even_01.png' remapped 'res://assets/overworld/terrain_masks/mask_corner_even_01.png' at thread -1
Loading resource: res://assets/overworld/terrain_masks/mask_corner_even_01.png remapped: res://assets/overworld/terrain_masks/mask_corner_even_01.png
Loading resource: res://.godot/imported/mask_corner_even_01.png-23b3ef77b949d88c79bf87184ae5307d.ctex remapped: res://.godot/imported/mask_corner_even_01.png-23b3ef77b949d88c79bf87184ae5307d.ctex
Completed load for: 'res://assets/overworld/terrain_masks/mask_corner_even_01.png' remapped 'res://assets/overworld/terrain_masks/mask_corner_even_01.png' at thread -1
Loading resource: res://assets/overworld/tile_sand_generic.png remapped: res://assets/overworld/tile_sand_generic.png
Loading resource: res://.godot/imported/tile_sand_generic.png-60c3c38f8443909ef7829dddf4a7b4ec.ctex remapped: res://.godot/imported/tile_sand_generic.png-60c3c38f8443909ef7829dddf4a7b4ec.ctex
Completed load for: 'res://assets/overworld/tile_sand_generic.png' remapped 'res://assets/overworld/tile_sand_generic.png' at thread -1
Loading resource: res://assets/overworld/terrain_masks/mask_corner_even_01.png remapped: res://assets/overworld/terrain_masks/mask_corner_even_01.png
Loading resource: res://.godot/imported/mask_corner_even_01.png-23b3ef77b949d88c79bf87184ae5307d.ctex remapped: res://.godot/imported/mask_corner_even_01.png-23b3ef77b949d88c79bf87184ae5307d.ctex
Completed load for: 'res://assets/overworld/terrain_masks/mask_corner_even_01.png' remapped 'res://assets/overworld/terrain_masks/mask_corner_even_01.png' at thread -1
Loading resource: res://assets/overworld/terrain_masks/mask_corner_even_01.png remapped: res://assets/overworld/terrain_masks/mask_corner_even_01.png
Loading resource: res://.godot/imported/mask_corner_even_01.png-23b3ef77b949d88c79bf87184ae5307d.ctex remapped: res://.godot/imported/mask_corner_even_01.png-23b3ef77b949d88c79bf87184ae5307d.ctex
Completed load for: 'res://assets/overworld/terrain_masks/mask_corner_even_01.png' remapped 'res://assets/overworld/terrain_masks/mask_corner_even_01.png' at thread -1
Loading resource: res://assets/overworld/tile_sand_generic.png remapped: res://assets/overworld/tile_sand_generic.png
Loading resource: res://.godot/imported/tile_sand_generic.png-60c3c38f8443909ef7829dddf4a7b4ec.ctex remapped: res://.godot/imported/tile_sand_generic.png-60c3c38f8443909ef7829dddf4a7b4ec.ctex
Completed load for: 'res://assets/overworld/tile_sand_generic.png' remapped 'res://assets/overworld/tile_sand_generic.png' at thread -1
Loading resource: res://assets/overworld/terrain_masks/mask_corner_even_01.png remapped: res://assets/overworld/terrain_masks/mask_corner_even_01.png
Loading resource: res://.godot/imported/mask_corner_even_01.png-23b3ef77b949d88c79bf87184ae5307d.ctex remapped: res://.godot/imported/mask_corner_even_01.png-23b3ef77b949d88c79bf87184ae5307d.ctex
Completed load for: 'res://assets/overworld/terrain_masks/mask_corner_even_01.png' remapped 'res://assets/overworld/terrain_masks/mask_corner_even_01.png' at thread -1
Loading resource: res://assets/overworld/tile_sand_generic.png remapped: res://assets/overworld/tile_sand_generic.png
Loading resource: res://.godot/imported/tile_sand_generic.png-60c3c38f8443909ef7829dddf4a7b4ec.ctex remapped: res://.godot/imported/tile_sand_generic.png-60c3c38f8443909ef7829dddf4a7b4ec.ctex
Completed load for: 'res://assets/overworld/tile_sand_generic.png' remapped 'res://assets/overworld/tile_sand_generic.png' at thread -1
Loading resource: res://assets/overworld/terrain_masks/mask_corner_even_01.png remapped: res://assets/overworld/terrain_masks/mask_corner_even_01.png
Loading resource: res://.godot/imported/mask_corner_even_01.png-23b3ef77b949d88c79bf87184ae5307d.ctex remapped: res://.godot/imported/mask_corner_even_01.png-23b3ef77b949d88c79bf87184ae5307d.ctex
Completed load for: 'res://assets/overworld/terrain_masks/mask_corner_even_01.png' remapped 'res://assets/overworld/terrain_masks/mask_corner_even_01.png' at thread -1
Loading resource: res://assets/overworld/tile_sand_generic.png remapped: res://assets/overworld/tile_sand_generic.png
Loading resource: res://.godot/imported/tile_sand_generic.png-60c3c38f8443909ef7829dddf4a7b4ec.ctex remapped: res://.godot/imported/tile_sand_generic.png-60c3c38f8443909ef7829dddf4a7b4ec.ctex
Completed load for: 'res://assets/overworld/tile_sand_generic.png' remapped 'res://assets/overworld/tile_sand_generic.png' at thread -1
Loading resource: res://assets/overworld/terrain_masks/mask_corner_even_01.png remapped: res://assets/overworld/terrain_masks/mask_corner_even_01.png
Loading resource: res://.godot/imported/mask_corner_even_01.png-23b3ef77b949d88c79bf87184ae5307d.ctex remapped: res://.godot/imported/mask_corner_even_01.png-23b3ef77b949d88c79bf87184ae5307d.ctex
Completed load for: 'res://assets/overworld/terrain_masks/mask_corner_even_01.png' remapped 'res://assets/overworld/terrain_masks/mask_corner_even_01.png' at thread -1
Loading resource: res://assets/overworld/tile_sand_generic.png remapped: res://assets/overworld/tile_sand_generic.png
Loading resource: res://.godot/imported/tile_sand_generic.png-60c3c38f8443909ef7829dddf4a7b4ec.ctex remapped: res://.godot/imported/tile_sand_generic.png-60c3c38f8443909ef7829dddf4a7b4ec.ctex
Completed load for: 'res://assets/overworld/tile_sand_generic.png' remapped 'res://assets/overworld/tile_sand_generic.png' at thread -1
Loading resource: res://assets/overworld/terrain_masks/mask_corner_even_01.png remapped: res://assets/overworld/terrain_masks/mask_corner_even_01.png
Loading resource: res://.godot/imported/mask_corner_even_01.png-23b3ef77b949d88c79bf87184ae5307d.ctex remapped: res://.godot/imported/mask_corner_even_01.png-23b3ef77b949d88c79bf87184ae5307d.ctex
Completed load for: 'res://assets/overworld/terrain_masks/mask_corner_even_01.png' remapped 'res://assets/overworld/terrain_masks/mask_corner_even_01.png' at thread -1
Loading resource: res://assets/overworld/tile_sand_generic.png remapped: res://assets/overworld/tile_sand_generic.png
Loading resource: res://.godot/imported/tile_sand_generic.png-60c3c38f8443909ef7829dddf4a7b4ec.ctex remapped: res://.godot/imported/tile_sand_generic.png-60c3c38f8443909ef7829dddf4a7b4ec.ctex
Completed load for: 'res://assets/overworld/tile_sand_generic.png' remapped 'res://assets/overworld/tile_sand_generic.png' at thread -1
Loading resource: res://assets/overworld/terrain_masks/mask_corner_even_02.png remapped: res://assets/overworld/terrain_masks/mask_corner_even_02.png
Loading resource: res://.godot/imported/mask_corner_even_02.png-73a009bdd1be3b7737044dad004a0a2d.ctex remapped: res://.godot/imported/mask_corner_even_02.png-73a009bdd1be3b7737044dad004a0a2d.ctex
Completed load for: 'res://assets/overworld/terrain_masks/mask_corner_even_02.png' remapped 'res://assets/overworld/terrain_masks/mask_corner_even_02.png' at thread -1
Loading resource: res://assets/overworld/terrain_masks/mask_corner_even_02.png remapped: res://assets/overworld/terrain_masks/mask_corner_even_02.png
Loading resource: res://.godot/imported/mask_corner_even_02.png-73a009bdd1be3b7737044dad004a0a2d.ctex remapped: res://.godot/imported/mask_corner_even_02.png-73a009bdd1be3b7737044dad004a0a2d.ctex
Completed load for: 'res://assets/overworld/terrain_masks/mask_corner_even_02.png' remapped 'res://assets/overworld/terrain_masks/mask_corner_even_02.png' at thread -1
Loading resource: res://assets/overworld/tile_sand_generic.png remapped: res://assets/overworld/tile_sand_generic.png
Loading resource: res://.godot/imported/tile_sand_generic.png-60c3c38f8443909ef7829dddf4a7b4ec.ctex remapped: res://.godot/imported/tile_sand_generic.png-60c3c38f8443909ef7829dddf4a7b4ec.ctex
Completed load for: 'res://assets/overworld/tile_sand_generic.png' remapped 'res://assets/overworld/tile_sand_generic.png' at thread -1
Loading resource: res://assets/overworld/terrain_masks/mask_corner_even_02.png remapped: res://assets/overworld/terrain_masks/mask_corner_even_02.png
Loading resource: res://.godot/imported/mask_corner_even_02.png-73a009bdd1be3b7737044dad004a0a2d.ctex remapped: res://.godot/imported/mask_corner_even_02.png-73a009bdd1be3b7737044dad004a0a2d.ctex
Completed load for: 'res://assets/overworld/terrain_masks/mask_corner_even_02.png' remapped 'res://assets/overworld/terrain_masks/mask_corner_even_02.png' at thread -1
Loading resource: res://assets/overworld/terrain_masks/mask_corner_even_02.png remapped: res://assets/overworld/terrain_masks/mask_corner_even_02.png
Loading resource: res://.godot/imported/mask_corner_even_02.png-73a009bdd1be3b7737044dad004a0a2d.ctex remapped: res://.godot/imported/mask_corner_even_02.png-73a009bdd1be3b7737044dad004a0a2d.ctex
Completed load for: 'res://assets/overworld/terrain_masks/mask_corner_even_02.png' remapped 'res://assets/overworld/terrain_masks/mask_corner_even_02.png' at thread -1
Loading resource: res://assets/overworld/tile_sand_generic.png remapped: res://assets/overworld/tile_sand_generic.png
Loading resource: res://.godot/imported/tile_sand_generic.png-60c3c38f8443909ef7829dddf4a7b4ec.ctex remapped: res://.godot/imported/tile_sand_generic.png-60c3c38f8443909ef7829dddf4a7b4ec.ctex
Completed load for: 'res://assets/overworld/tile_sand_generic.png' remapped 'res://assets/overworld/tile_sand_generic.png' at thread -1
Loading resource: res://assets/overworld/terrain_masks/mask_corner_even_02.png remapped: res://assets/overworld/terrain_masks/mask_corner_even_02.png
Loading resource: res://.godot/imported/mask_corner_even_02.png-73a009bdd1be3b7737044dad004a0a2d.ctex remapped: res://.godot/imported/mask_corner_even_02.png-73a009bdd1be3b7737044dad004a0a2d.ctex
Completed load for: 'res://assets/overworld/terrain_masks/mask_corner_even_02.png' remapped 'res://assets/overworld/terrain_masks/mask_corner_even_02.png' at thread -1
Loading resource: res://assets/overworld/terrain_masks/mask_corner_even_02.png remapped: res://assets/overworld/terrain_masks/mask_corner_even_02.png
Loading resource: res://.godot/imported/mask_corner_even_02.png-73a009bdd1be3b7737044dad004a0a2d.ctex remapped: res://.godot/imported/mask_corner_even_02.png-73a009bdd1be3b7737044dad004a0a2d.ctex
Completed load for: 'res://assets/overworld/terrain_masks/mask_corner_even_02.png' remapped 'res://assets/overworld/terrain_masks/mask_corner_even_02.png' at thread -1
Loading resource: res://assets/overworld/tile_sand_generic.png remapped: res://assets/overworld/tile_sand_generic.png
Loading resource: res://.godot/imported/tile_sand_generic.png-60c3c38f8443909ef7829dddf4a7b4ec.ctex remapped: res://.godot/imported/tile_sand_generic.png-60c3c38f8443909ef7829dddf4a7b4ec.ctex
Completed load for: 'res://assets/overworld/tile_sand_generic.png' remapped 'res://assets/overworld/tile_sand_generic.png' at thread -1
Loading resource: res://assets/overworld/terrain_masks/mask_corner_even_02.png remapped: res://assets/overworld/terrain_masks/mask_corner_even_02.png
Loading resource: res://.godot/imported/mask_corner_even_02.png-73a009bdd1be3b7737044dad004a0a2d.ctex remapped: res://.godot/imported/mask_corner_even_02.png-73a009bdd1be3b7737044dad004a0a2d.ctex
Completed load for: 'res://assets/overworld/terrain_masks/mask_corner_even_02.png' remapped 'res://assets/overworld/terrain_masks/mask_corner_even_02.png' at thread -1
Loading resource: res://assets/overworld/terrain_masks/mask_corner_even_02.png remapped: res://assets/overworld/terrain_masks/mask_corner_even_02.png
Loading resource: res://.godot/imported/mask_corner_even_02.png-73a009bdd1be3b7737044dad004a0a2d.ctex remapped: res://.godot/imported/mask_corner_even_02.png-73a009bdd1be3b7737044dad004a0a2d.ctex
Completed load for: 'res://assets/overworld/terrain_masks/mask_corner_even_02.png' remapped 'res://assets/overworld/terrain_masks/mask_corner_even_02.png' at thread -1
Loading resource: res://assets/overworld/tile_sand_generic.png remapped: res://assets/overworld/tile_sand_generic.png
Loading resource: res://.godot/imported/tile_sand_generic.png-60c3c38f8443909ef7829dddf4a7b4ec.ctex remapped: res://.godot/imported/tile_sand_generic.png-60c3c38f8443909ef7829dddf4a7b4ec.ctex
Completed load for: 'res://assets/overworld/tile_sand_generic.png' remapped 'res://assets/overworld/tile_sand_generic.png' at thread -1
Loading resource: res://assets/overworld/terrain_masks/mask_corner_even_02.png remapped: res://assets/overworld/terrain_masks/mask_corner_even_02.png
Loading resource: res://.godot/imported/mask_corner_even_02.png-73a009bdd1be3b7737044dad004a0a2d.ctex remapped: res://.godot/imported/mask_corner_even_02.png-73a009bdd1be3b7737044dad004a0a2d.ctex
Completed load for: 'res://assets/overworld/terrain_masks/mask_corner_even_02.png' remapped 'res://assets/overworld/terrain_masks/mask_corner_even_02.png' at thread -1
Loading resource: res://assets/overworld/tile_sand_generic.png remapped: res://assets/overworld/tile_sand_generic.png
Loading resource: res://.godot/imported/tile_sand_generic.png-60c3c38f8443909ef7829dddf4a7b4ec.ctex remapped: res://.godot/imported/tile_sand_generic.png-60c3c38f8443909ef7829dddf4a7b4ec.ctex
Completed load for: 'res://assets/overworld/tile_sand_generic.png' remapped 'res://assets/overworld/tile_sand_generic.png' at thread -1
Loading resource: res://assets/overworld/terrain_masks/mask_corner_even_02.png remapped: res://assets/overworld/terrain_masks/mask_corner_even_02.png
Loading resource: res://.godot/imported/mask_corner_even_02.png-73a009bdd1be3b7737044dad004a0a2d.ctex remapped: res://.godot/imported/mask_corner_even_02.png-73a009bdd1be3b7737044dad004a0a2d.ctex
Completed load for: 'res://assets/overworld/terrain_masks/mask_corner_even_02.png' remapped 'res://assets/overworld/terrain_masks/mask_corner_even_02.png' at thread -1
Loading resource: res://assets/overworld/tile_sand_generic.png remapped: res://assets/overworld/tile_sand_generic.png
Loading resource: res://.godot/imported/tile_sand_generic.png-60c3c38f8443909ef7829dddf4a7b4ec.ctex remapped: res://.godot/imported/tile_sand_generic.png-60c3c38f8443909ef7829dddf4a7b4ec.ctex
Completed load for: 'res://assets/overworld/tile_sand_generic.png' remapped 'res://assets/overworld/tile_sand_generic.png' at thread -1
Loading resource: res://assets/overworld/terrain_masks/mask_corner_even_02.png remapped: res://assets/overworld/terrain_masks/mask_corner_even_02.png
Loading resource: res://.godot/imported/mask_corner_even_02.png-73a009bdd1be3b7737044dad004a0a2d.ctex remapped: res://.godot/imported/mask_corner_even_02.png-73a009bdd1be3b7737044dad004a0a2d.ctex
Completed load for: 'res://assets/overworld/terrain_masks/mask_corner_even_02.png' remapped 'res://assets/overworld/terrain_masks/mask_corner_even_02.png' at thread -1
Loading resource: res://assets/overworld/tile_sand_generic.png remapped: res://assets/overworld/tile_sand_generic.png
Loading resource: res://.godot/imported/tile_sand_generic.png-60c3c38f8443909ef7829dddf4a7b4ec.ctex remapped: res://.godot/imported/tile_sand_generic.png-60c3c38f8443909ef7829dddf4a7b4ec.ctex
Completed load for: 'res://assets/overworld/tile_sand_generic.png' remapped 'res://assets/overworld/tile_sand_generic.png' at thread -1
Loading resource: res://assets/overworld/terrain_masks/mask_corner_even_02.png remapped: res://assets/overworld/terrain_masks/mask_corner_even_02.png
Loading resource: res://.godot/imported/mask_corner_even_02.png-73a009bdd1be3b7737044dad004a0a2d.ctex remapped: res://.godot/imported/mask_corner_even_02.png-73a009bdd1be3b7737044dad004a0a2d.ctex
Completed load for: 'res://assets/overworld/terrain_masks/mask_corner_even_02.png' remapped 'res://assets/overworld/terrain_masks/mask_corner_even_02.png' at thread -1
Loading resource: res://assets/overworld/tile_sand_generic.png remapped: res://assets/overworld/tile_sand_generic.png
Loading resource: res://.godot/imported/tile_sand_generic.png-60c3c38f8443909ef7829dddf4a7b4ec.ctex remapped: res://.godot/imported/tile_sand_generic.png-60c3c38f8443909ef7829dddf4a7b4ec.ctex
Completed load for: 'res://assets/overworld/tile_sand_generic.png' remapped 'res://assets/overworld/tile_sand_generic.png' at thread -1
Loading resource: res://assets/overworld/terrain_masks/mask_corner_even_03.png remapped: res://assets/overworld/terrain_masks/mask_corner_even_03.png
Loading resource: res://.godot/imported/mask_corner_even_03.png-2ac58f4f1284b1c293220f807d383263.ctex remapped: res://.godot/imported/mask_corner_even_03.png-2ac58f4f1284b1c293220f807d383263.ctex
Completed load for: 'res://assets/overworld/terrain_masks/mask_corner_even_03.png' remapped 'res://assets/overworld/terrain_masks/mask_corner_even_03.png' at thread -1
Loading resource: res://assets/overworld/terrain_masks/mask_corner_even_03.png remapped: res://assets/overworld/terrain_masks/mask_corner_even_03.png
Loading resource: res://.godot/imported/mask_corner_even_03.png-2ac58f4f1284b1c293220f807d383263.ctex remapped: res://.godot/imported/mask_corner_even_03.png-2ac58f4f1284b1c293220f807d383263.ctex
Completed load for: 'res://assets/overworld/terrain_masks/mask_corner_even_03.png' remapped 'res://assets/overworld/terrain_masks/mask_corner_even_03.png' at thread -1
Loading resource: res://assets/overworld/tile_sand_generic.png remapped: res://assets/overworld/tile_sand_generic.png
Loading resource: res://.godot/imported/tile_sand_generic.png-60c3c38f8443909ef7829dddf4a7b4ec.ctex remapped: res://.godot/imported/tile_sand_generic.png-60c3c38f8443909ef7829dddf4a7b4ec.ctex
Completed load for: 'res://assets/overworld/tile_sand_generic.png' remapped 'res://assets/overworld/tile_sand_generic.png' at thread -1
Loading resource: res://assets/overworld/terrain_masks/mask_corner_even_03.png remapped: res://assets/overworld/terrain_masks/mask_corner_even_03.png
Loading resource: res://.godot/imported/mask_corner_even_03.png-2ac58f4f1284b1c293220f807d383263.ctex remapped: res://.godot/imported/mask_corner_even_03.png-2ac58f4f1284b1c293220f807d383263.ctex
Completed load for: 'res://assets/overworld/terrain_masks/mask_corner_even_03.png' remapped 'res://assets/overworld/terrain_masks/mask_corner_even_03.png' at thread -1
Loading resource: res://assets/overworld/terrain_masks/mask_corner_even_03.png remapped: res://assets/overworld/terrain_masks/mask_corner_even_03.png
Loading resource: res://.godot/imported/mask_corner_even_03.png-2ac58f4f1284b1c293220f807d383263.ctex remapped: res://.godot/imported/mask_corner_even_03.png-2ac58f4f1284b1c293220f807d383263.ctex
Completed load for: 'res://assets/overworld/terrain_masks/mask_corner_even_03.png' remapped 'res://assets/overworld/terrain_masks/mask_corner_even_03.png' at thread -1
Loading resource: res://assets/overworld/tile_sand_generic.png remapped: res://assets/overworld/tile_sand_generic.png
Loading resource: res://.godot/imported/tile_sand_generic.png-60c3c38f8443909ef7829dddf4a7b4ec.ctex remapped: res://.godot/imported/tile_sand_generic.png-60c3c38f8443909ef7829dddf4a7b4ec.ctex
Completed load for: 'res://assets/overworld/tile_sand_generic.png' remapped 'res://assets/overworld/tile_sand_generic.png' at thread -1
Loading resource: res://assets/overworld/terrain_masks/mask_corner_even_03.png remapped: res://assets/overworld/terrain_masks/mask_corner_even_03.png
Loading resource: res://.godot/imported/mask_corner_even_03.png-2ac58f4f1284b1c293220f807d383263.ctex remapped: res://.godot/imported/mask_corner_even_03.png-2ac58f4f1284b1c293220f807d383263.ctex
Completed load for: 'res://assets/overworld/terrain_masks/mask_corner_even_03.png' remapped 'res://assets/overworld/terrain_masks/mask_corner_even_03.png' at thread -1
Loading resource: res://assets/overworld/terrain_masks/mask_corner_even_03.png remapped: res://assets/overworld/terrain_masks/mask_corner_even_03.png
Loading resource: res://.godot/imported/mask_corner_even_03.png-2ac58f4f1284b1c293220f807d383263.ctex remapped: res://.godot/imported/mask_corner_even_03.png-2ac58f4f1284b1c293220f807d383263.ctex
Completed load for: 'res://assets/overworld/terrain_masks/mask_corner_even_03.png' remapped 'res://assets/overworld/terrain_masks/mask_corner_even_03.png' at thread -1
Loading resource: res://assets/overworld/tile_sand_generic.png remapped: res://assets/overworld/tile_sand_generic.png
Loading resource: res://.godot/imported/tile_sand_generic.png-60c3c38f8443909ef7829dddf4a7b4ec.ctex remapped: res://.godot/imported/tile_sand_generic.png-60c3c38f8443909ef7829dddf4a7b4ec.ctex
Completed load for: 'res://assets/overworld/tile_sand_generic.png' remapped 'res://assets/overworld/tile_sand_generic.png' at thread -1
Loading resource: res://assets/overworld/terrain_masks/mask_corner_even_03.png remapped: res://assets/overworld/terrain_masks/mask_corner_even_03.png
Loading resource: res://.godot/imported/mask_corner_even_03.png-2ac58f4f1284b1c293220f807d383263.ctex remapped: res://.godot/imported/mask_corner_even_03.png-2ac58f4f1284b1c293220f807d383263.ctex
Completed load for: 'res://assets/overworld/terrain_masks/mask_corner_even_03.png' remapped 'res://assets/overworld/terrain_masks/mask_corner_even_03.png' at thread -1
Loading resource: res://assets/overworld/terrain_masks/mask_corner_even_03.png remapped: res://assets/overworld/terrain_masks/mask_corner_even_03.png
Loading resource: res://.godot/imported/mask_corner_even_03.png-2ac58f4f1284b1c293220f807d383263.ctex remapped: res://.godot/imported/mask_corner_even_03.png-2ac58f4f1284b1c293220f807d383263.ctex
Completed load for: 'res://assets/overworld/terrain_masks/mask_corner_even_03.png' remapped 'res://assets/overworld/terrain_masks/mask_corner_even_03.png' at thread -1
Loading resource: res://assets/overworld/tile_sand_generic.png remapped: res://assets/overworld/tile_sand_generic.png
Loading resource: res://.godot/imported/tile_sand_generic.png-60c3c38f8443909ef7829dddf4a7b4ec.ctex remapped: res://.godot/imported/tile_sand_generic.png-60c3c38f8443909ef7829dddf4a7b4ec.ctex
Completed load for: 'res://assets/overworld/tile_sand_generic.png' remapped 'res://assets/overworld/tile_sand_generic.png' at thread -1
Loading resource: res://assets/overworld/terrain_masks/mask_corner_even_03.png remapped: res://assets/overworld/terrain_masks/mask_corner_even_03.png
Loading resource: res://.godot/imported/mask_corner_even_03.png-2ac58f4f1284b1c293220f807d383263.ctex remapped: res://.godot/imported/mask_corner_even_03.png-2ac58f4f1284b1c293220f807d383263.ctex
Completed load for: 'res://assets/overworld/terrain_masks/mask_corner_even_03.png' remapped 'res://assets/overworld/terrain_masks/mask_corner_even_03.png' at thread -1
Loading resource: res://assets/overworld/tile_sand_generic.png remapped: res://assets/overworld/tile_sand_generic.png
Loading resource: res://.godot/imported/tile_sand_generic.png-60c3c38f8443909ef7829dddf4a7b4ec.ctex remapped: res://.godot/imported/tile_sand_generic.png-60c3c38f8443909ef7829dddf4a7b4ec.ctex
Completed load for: 'res://assets/overworld/tile_sand_generic.png' remapped 'res://assets/overworld/tile_sand_generic.png' at thread -1
Loading resource: res://assets/overworld/terrain_masks/mask_corner_even_03.png remapped: res://assets/overworld/terrain_masks/mask_corner_even_03.png
Loading resource: res://.godot/imported/mask_corner_even_03.png-2ac58f4f1284b1c293220f807d383263.ctex remapped: res://.godot/imported/mask_corner_even_03.png-2ac58f4f1284b1c293220f807d383263.ctex
Completed load for: 'res://assets/overworld/terrain_masks/mask_corner_even_03.png' remapped 'res://assets/overworld/terrain_masks/mask_corner_even_03.png' at thread -1
Loading resource: res://assets/overworld/tile_sand_generic.png remapped: res://assets/overworld/tile_sand_generic.png
Loading resource: res://.godot/imported/tile_sand_generic.png-60c3c38f8443909ef7829dddf4a7b4ec.ctex remapped: res://.godot/imported/tile_sand_generic.png-60c3c38f8443909ef7829dddf4a7b4ec.ctex
Completed load for: 'res://assets/overworld/tile_sand_generic.png' remapped 'res://assets/overworld/tile_sand_generic.png' at thread -1
Loading resource: res://assets/overworld/terrain_masks/mask_corner_even_03.png remapped: res://assets/overworld/terrain_masks/mask_corner_even_03.png
Loading resource: res://.godot/imported/mask_corner_even_03.png-2ac58f4f1284b1c293220f807d383263.ctex remapped: res://.godot/imported/mask_corner_even_03.png-2ac58f4f1284b1c293220f807d383263.ctex
Completed load for: 'res://assets/overworld/terrain_masks/mask_corner_even_03.png' remapped 'res://assets/overworld/terrain_masks/mask_corner_even_03.png' at thread -1
Loading resource: res://assets/overworld/tile_sand_generic.png remapped: res://assets/overworld/tile_sand_generic.png
Loading resource: res://.godot/imported/tile_sand_generic.png-60c3c38f8443909ef7829dddf4a7b4ec.ctex remapped: res://.godot/imported/tile_sand_generic.png-60c3c38f8443909ef7829dddf4a7b4ec.ctex
Completed load for: 'res://assets/overworld/tile_sand_generic.png' remapped 'res://assets/overworld/tile_sand_generic.png' at thread -1
Loading resource: res://assets/overworld/terrain_masks/mask_corner_even_03.png remapped: res://assets/overworld/terrain_masks/mask_corner_even_03.png
Loading resource: res://.godot/imported/mask_corner_even_03.png-2ac58f4f1284b1c293220f807d383263.ctex remapped: res://.godot/imported/mask_corner_even_03.png-2ac58f4f1284b1c293220f807d383263.ctex
Completed load for: 'res://assets/overworld/terrain_masks/mask_corner_even_03.png' remapped 'res://assets/overworld/terrain_masks/mask_corner_even_03.png' at thread -1
Loading resource: res://assets/overworld/tile_sand_generic.png remapped: res://assets/overworld/tile_sand_generic.png
Loading resource: res://.godot/imported/tile_sand_generic.png-60c3c38f8443909ef7829dddf4a7b4ec.ctex remapped: res://.godot/imported/tile_sand_generic.png-60c3c38f8443909ef7829dddf4a7b4ec.ctex
Completed load for: 'res://assets/overworld/tile_sand_generic.png' remapped 'res://assets/overworld/tile_sand_generic.png' at thread -1
Loading resource: res://assets/overworld/terrain_masks/mask_corner_even_04.png remapped: res://assets/overworld/terrain_masks/mask_corner_even_04.png
Loading resource: res://.godot/imported/mask_corner_even_04.png-bd21f17a399de3159199654076ec582b.ctex remapped: res://.godot/imported/mask_corner_even_04.png-bd21f17a399de3159199654076ec582b.ctex
Completed load for: 'res://assets/overworld/terrain_masks/mask_corner_even_04.png' remapped 'res://assets/overworld/terrain_masks/mask_corner_even_04.png' at thread -1
Loading resource: res://assets/overworld/terrain_masks/mask_corner_even_04.png remapped: res://assets/overworld/terrain_masks/mask_corner_even_04.png
Loading resource: res://.godot/imported/mask_corner_even_04.png-bd21f17a399de3159199654076ec582b.ctex remapped: res://.godot/imported/mask_corner_even_04.png-bd21f17a399de3159199654076ec582b.ctex
Completed load for: 'res://assets/overworld/terrain_masks/mask_corner_even_04.png' remapped 'res://assets/overworld/terrain_masks/mask_corner_even_04.png' at thread -1
Loading resource: res://assets/overworld/tile_sand_generic.png remapped: res://assets/overworld/tile_sand_generic.png
Loading resource: res://.godot/imported/tile_sand_generic.png-60c3c38f8443909ef7829dddf4a7b4ec.ctex remapped: res://.godot/imported/tile_sand_generic.png-60c3c38f8443909ef7829dddf4a7b4ec.ctex
Completed load for: 'res://assets/overworld/tile_sand_generic.png' remapped 'res://assets/overworld/tile_sand_generic.png' at thread -1
Loading resource: res://assets/overworld/terrain_masks/mask_corner_even_04.png remapped: res://assets/overworld/terrain_masks/mask_corner_even_04.png
Loading resource: res://.godot/imported/mask_corner_even_04.png-bd21f17a399de3159199654076ec582b.ctex remapped: res://.godot/imported/mask_corner_even_04.png-bd21f17a399de3159199654076ec582b.ctex
Completed load for: 'res://assets/overworld/terrain_masks/mask_corner_even_04.png' remapped 'res://assets/overworld/terrain_masks/mask_corner_even_04.png' at thread -1
Loading resource: res://assets/overworld/terrain_masks/mask_corner_even_04.png remapped: res://assets/overworld/terrain_masks/mask_corner_even_04.png
Loading resource: res://.godot/imported/mask_corner_even_04.png-bd21f17a399de3159199654076ec582b.ctex remapped: res://.godot/imported/mask_corner_even_04.png-bd21f17a399de3159199654076ec582b.ctex
Completed load for: 'res://assets/overworld/terrain_masks/mask_corner_even_04.png' remapped 'res://assets/overworld/terrain_masks/mask_corner_even_04.png' at thread -1
Loading resource: res://assets/overworld/tile_sand_generic.png remapped: res://assets/overworld/tile_sand_generic.png
Loading resource: res://.godot/imported/tile_sand_generic.png-60c3c38f8443909ef7829dddf4a7b4ec.ctex remapped: res://.godot/imported/tile_sand_generic.png-60c3c38f8443909ef7829dddf4a7b4ec.ctex
Completed load for: 'res://assets/overworld/tile_sand_generic.png' remapped 'res://assets/overworld/tile_sand_generic.png' at thread -1
Loading resource: res://assets/overworld/terrain_masks/mask_corner_even_04.png remapped: res://assets/overworld/terrain_masks/mask_corner_even_04.png
Loading resource: res://.godot/imported/mask_corner_even_04.png-bd21f17a399de3159199654076ec582b.ctex remapped: res://.godot/imported/mask_corner_even_04.png-bd21f17a399de3159199654076ec582b.ctex
Completed load for: 'res://assets/overworld/terrain_masks/mask_corner_even_04.png' remapped 'res://assets/overworld/terrain_masks/mask_corner_even_04.png' at thread -1
Loading resource: res://assets/overworld/terrain_masks/mask_corner_even_04.png remapped: res://assets/overworld/terrain_masks/mask_corner_even_04.png
Loading resource: res://.godot/imported/mask_corner_even_04.png-bd21f17a399de3159199654076ec582b.ctex remapped: res://.godot/imported/mask_corner_even_04.png-bd21f17a399de3159199654076ec582b.ctex
Completed load for: 'res://assets/overworld/terrain_masks/mask_corner_even_04.png' remapped 'res://assets/overworld/terrain_masks/mask_corner_even_04.png' at thread -1
Loading resource: res://assets/overworld/tile_sand_generic.png remapped: res://assets/overworld/tile_sand_generic.png
Loading resource: res://.godot/imported/tile_sand_generic.png-60c3c38f8443909ef7829dddf4a7b4ec.ctex remapped: res://.godot/imported/tile_sand_generic.png-60c3c38f8443909ef7829dddf4a7b4ec.ctex
Completed load for: 'res://assets/overworld/tile_sand_generic.png' remapped 'res://assets/overworld/tile_sand_generic.png' at thread -1
Loading resource: res://assets/overworld/terrain_masks/mask_corner_even_04.png remapped: res://assets/overworld/terrain_masks/mask_corner_even_04.png
Loading resource: res://.godot/imported/mask_corner_even_04.png-bd21f17a399de3159199654076ec582b.ctex remapped: res://.godot/imported/mask_corner_even_04.png-bd21f17a399de3159199654076ec582b.ctex
Completed load for: 'res://assets/overworld/terrain_masks/mask_corner_even_04.png' remapped 'res://assets/overworld/terrain_masks/mask_corner_even_04.png' at thread -1
Loading resource: res://assets/overworld/terrain_masks/mask_corner_even_04.png remapped: res://assets/overworld/terrain_masks/mask_corner_even_04.png
Loading resource: res://.godot/imported/mask_corner_even_04.png-bd21f17a399de3159199654076ec582b.ctex remapped: res://.godot/imported/mask_corner_even_04.png-bd21f17a399de3159199654076ec582b.ctex
Completed load for: 'res://assets/overworld/terrain_masks/mask_corner_even_04.png' remapped 'res://assets/overworld/terrain_masks/mask_corner_even_04.png' at thread -1
Loading resource: res://assets/overworld/tile_sand_generic.png remapped: res://assets/overworld/tile_sand_generic.png
Loading resource: res://.godot/imported/tile_sand_generic.png-60c3c38f8443909ef7829dddf4a7b4ec.ctex remapped: res://.godot/imported/tile_sand_generic.png-60c3c38f8443909ef7829dddf4a7b4ec.ctex
Completed load for: 'res://assets/overworld/tile_sand_generic.png' remapped 'res://assets/overworld/tile_sand_generic.png' at thread -1
Loading resource: res://assets/overworld/terrain_masks/mask_corner_even_04.png remapped: res://assets/overworld/terrain_masks/mask_corner_even_04.png
Loading resource: res://.godot/imported/mask_corner_even_04.png-bd21f17a399de3159199654076ec582b.ctex remapped: res://.godot/imported/mask_corner_even_04.png-bd21f17a399de3159199654076ec582b.ctex
Completed load for: 'res://assets/overworld/terrain_masks/mask_corner_even_04.png' remapped 'res://assets/overworld/terrain_masks/mask_corner_even_04.png' at thread -1
Loading resource: res://assets/overworld/tile_sand_generic.png remapped: res://assets/overworld/tile_sand_generic.png
Loading resource: res://.godot/imported/tile_sand_generic.png-60c3c38f8443909ef7829dddf4a7b4ec.ctex remapped: res://.godot/imported/tile_sand_generic.png-60c3c38f8443909ef7829dddf4a7b4ec.ctex
Completed load for: 'res://assets/overworld/tile_sand_generic.png' remapped 'res://assets/overworld/tile_sand_generic.png' at thread -1
Loading resource: res://assets/overworld/terrain_masks/mask_corner_even_04.png remapped: res://assets/overworld/terrain_masks/mask_corner_even_04.png
Loading resource: res://.godot/imported/mask_corner_even_04.png-bd21f17a399de3159199654076ec582b.ctex remapped: res://.godot/imported/mask_corner_even_04.png-bd21f17a399de3159199654076ec582b.ctex
Completed load for: 'res://assets/overworld/terrain_masks/mask_corner_even_04.png' remapped 'res://assets/overworld/terrain_masks/mask_corner_even_04.png' at thread -1
Loading resource: res://assets/overworld/tile_sand_generic.png remapped: res://assets/overworld/tile_sand_generic.png
Loading resource: res://.godot/imported/tile_sand_generic.png-60c3c38f8443909ef7829dddf4a7b4ec.ctex remapped: res://.godot/imported/tile_sand_generic.png-60c3c38f8443909ef7829dddf4a7b4ec.ctex
Completed load for: 'res://assets/overworld/tile_sand_generic.png' remapped 'res://assets/overworld/tile_sand_generic.png' at thread -1
Loading resource: res://assets/overworld/terrain_masks/mask_corner_even_04.png remapped: res://assets/overworld/terrain_masks/mask_corner_even_04.png
Loading resource: res://.godot/imported/mask_corner_even_04.png-bd21f17a399de3159199654076ec582b.ctex remapped: res://.godot/imported/mask_corner_even_04.png-bd21f17a399de3159199654076ec582b.ctex
Completed load for: 'res://assets/overworld/terrain_masks/mask_corner_even_04.png' remapped 'res://assets/overworld/terrain_masks/mask_corner_even_04.png' at thread -1
Loading resource: res://assets/overworld/tile_sand_generic.png remapped: res://assets/overworld/tile_sand_generic.png
Loading resource: res://.godot/imported/tile_sand_generic.png-60c3c38f8443909ef7829dddf4a7b4ec.ctex remapped: res://.godot/imported/tile_sand_generic.png-60c3c38f8443909ef7829dddf4a7b4ec.ctex
Completed load for: 'res://assets/overworld/tile_sand_generic.png' remapped 'res://assets/overworld/tile_sand_generic.png' at thread -1
Loading resource: res://assets/overworld/terrain_masks/mask_corner_even_04.png remapped: res://assets/overworld/terrain_masks/mask_corner_even_04.png
Loading resource: res://.godot/imported/mask_corner_even_04.png-bd21f17a399de3159199654076ec582b.ctex remapped: res://.godot/imported/mask_corner_even_04.png-bd21f17a399de3159199654076ec582b.ctex
Completed load for: 'res://assets/overworld/terrain_masks/mask_corner_even_04.png' remapped 'res://assets/overworld/terrain_masks/mask_corner_even_04.png' at thread -1
Loading resource: res://assets/overworld/tile_sand_generic.png remapped: res://assets/overworld/tile_sand_generic.png
Loading resource: res://.godot/imported/tile_sand_generic.png-60c3c38f8443909ef7829dddf4a7b4ec.ctex remapped: res://.godot/imported/tile_sand_generic.png-60c3c38f8443909ef7829dddf4a7b4ec.ctex
Completed load for: 'res://assets/overworld/tile_sand_generic.png' remapped 'res://assets/overworld/tile_sand_generic.png' at thread -1
Loading resource: res://assets/overworld/terrain_masks/mask_vertical_edge_small_00.png remapped: res://assets/overworld/terrain_masks/mask_vertical_edge_small_00.png
Loading resource: res://.godot/imported/mask_vertical_edge_small_00.png-0b73df9dc81033f0c6967b585d968555.ctex remapped: res://.godot/imported/mask_vertical_edge_small_00.png-0b73df9dc81033f0c6967b585d968555.ctex
Completed load for: 'res://assets/overworld/terrain_masks/mask_vertical_edge_small_00.png' remapped 'res://assets/overworld/terrain_masks/mask_vertical_edge_small_00.png' at thread -1
Loading resource: res://assets/overworld/terrain_masks/mask_vertical_edge_small_00.png remapped: res://assets/overworld/terrain_masks/mask_vertical_edge_small_00.png
Loading resource: res://.godot/imported/mask_vertical_edge_small_00.png-0b73df9dc81033f0c6967b585d968555.ctex remapped: res://.godot/imported/mask_vertical_edge_small_00.png-0b73df9dc81033f0c6967b585d968555.ctex
Completed load for: 'res://assets/overworld/terrain_masks/mask_vertical_edge_small_00.png' remapped 'res://assets/overworld/terrain_masks/mask_vertical_edge_small_00.png' at thread -1
Loading resource: res://assets/overworld/tile_sand_generic.png remapped: res://assets/overworld/tile_sand_generic.png
Loading resource: res://.godot/imported/tile_sand_generic.png-60c3c38f8443909ef7829dddf4a7b4ec.ctex remapped: res://.godot/imported/tile_sand_generic.png-60c3c38f8443909ef7829dddf4a7b4ec.ctex
Completed load for: 'res://assets/overworld/tile_sand_generic.png' remapped 'res://assets/overworld/tile_sand_generic.png' at thread -1
Loading resource: res://assets/overworld/terrain_masks/mask_vertical_edge_small_00.png remapped: res://assets/overworld/terrain_masks/mask_vertical_edge_small_00.png
Loading resource: res://.godot/imported/mask_vertical_edge_small_00.png-0b73df9dc81033f0c6967b585d968555.ctex remapped: res://.godot/imported/mask_vertical_edge_small_00.png-0b73df9dc81033f0c6967b585d968555.ctex
Completed load for: 'res://assets/overworld/terrain_masks/mask_vertical_edge_small_00.png' remapped 'res://assets/overworld/terrain_masks/mask_vertical_edge_small_00.png' at thread -1
Loading resource: res://assets/overworld/terrain_masks/mask_vertical_edge_small_00.png remapped: res://assets/overworld/terrain_masks/mask_vertical_edge_small_00.png
Loading resource: res://.godot/imported/mask_vertical_edge_small_00.png-0b73df9dc81033f0c6967b585d968555.ctex remapped: res://.godot/imported/mask_vertical_edge_small_00.png-0b73df9dc81033f0c6967b585d968555.ctex
Completed load for: 'res://assets/overworld/terrain_masks/mask_vertical_edge_small_00.png' remapped 'res://assets/overworld/terrain_masks/mask_vertical_edge_small_00.png' at thread -1
Loading resource: res://assets/overworld/tile_sand_generic.png remapped: res://assets/overworld/tile_sand_generic.png
Loading resource: res://.godot/imported/tile_sand_generic.png-60c3c38f8443909ef7829dddf4a7b4ec.ctex remapped: res://.godot/imported/tile_sand_generic.png-60c3c38f8443909ef7829dddf4a7b4ec.ctex
Completed load for: 'res://assets/overworld/tile_sand_generic.png' remapped 'res://assets/overworld/tile_sand_generic.png' at thread -1
Loading resource: res://assets/overworld/terrain_masks/mask_vertical_edge_small_00.png remapped: res://assets/overworld/terrain_masks/mask_vertical_edge_small_00.png
Loading resource: res://.godot/imported/mask_vertical_edge_small_00.png-0b73df9dc81033f0c6967b585d968555.ctex remapped: res://.godot/imported/mask_vertical_edge_small_00.png-0b73df9dc81033f0c6967b585d968555.ctex
Completed load for: 'res://assets/overworld/terrain_masks/mask_vertical_edge_small_00.png' remapped 'res://assets/overworld/terrain_masks/mask_vertical_edge_small_00.png' at thread -1
Loading resource: res://assets/overworld/terrain_masks/mask_vertical_edge_small_00.png remapped: res://assets/overworld/terrain_masks/mask_vertical_edge_small_00.png
Loading resource: res://.godot/imported/mask_vertical_edge_small_00.png-0b73df9dc81033f0c6967b585d968555.ctex remapped: res://.godot/imported/mask_vertical_edge_small_00.png-0b73df9dc81033f0c6967b585d968555.ctex
Completed load for: 'res://assets/overworld/terrain_masks/mask_vertical_edge_small_00.png' remapped 'res://assets/overworld/terrain_masks/mask_vertical_edge_small_00.png' at thread -1
Loading resource: res://assets/overworld/tile_sand_generic.png remapped: res://assets/overworld/tile_sand_generic.png
Loading resource: res://.godot/imported/tile_sand_generic.png-60c3c38f8443909ef7829dddf4a7b4ec.ctex remapped: res://.godot/imported/tile_sand_generic.png-60c3c38f8443909ef7829dddf4a7b4ec.ctex
Completed load for: 'res://assets/overworld/tile_sand_generic.png' remapped 'res://assets/overworld/tile_sand_generic.png' at thread -1
Loading resource: res://assets/overworld/terrain_masks/mask_vertical_edge_small_00.png remapped: res://assets/overworld/terrain_masks/mask_vertical_edge_small_00.png
Loading resource: res://.godot/imported/mask_vertical_edge_small_00.png-0b73df9dc81033f0c6967b585d968555.ctex remapped: res://.godot/imported/mask_vertical_edge_small_00.png-0b73df9dc81033f0c6967b585d968555.ctex
Completed load for: 'res://assets/overworld/terrain_masks/mask_vertical_edge_small_00.png' remapped 'res://assets/overworld/terrain_masks/mask_vertical_edge_small_00.png' at thread -1
Loading resource: res://assets/overworld/terrain_masks/mask_vertical_edge_small_00.png remapped: res://assets/overworld/terrain_masks/mask_vertical_edge_small_00.png
Loading resource: res://.godot/imported/mask_vertical_edge_small_00.png-0b73df9dc81033f0c6967b585d968555.ctex remapped: res://.godot/imported/mask_vertical_edge_small_00.png-0b73df9dc81033f0c6967b585d968555.ctex
Completed load for: 'res://assets/overworld/terrain_masks/mask_vertical_edge_small_00.png' remapped 'res://assets/overworld/terrain_masks/mask_vertical_edge_small_00.png' at thread -1
Loading resource: res://assets/overworld/tile_sand_generic.png remapped: res://assets/overworld/tile_sand_generic.png
Loading resource: res://.godot/imported/tile_sand_generic.png-60c3c38f8443909ef7829dddf4a7b4ec.ctex remapped: res://.godot/imported/tile_sand_generic.png-60c3c38f8443909ef7829dddf4a7b4ec.ctex
Completed load for: 'res://assets/overworld/tile_sand_generic.png' remapped 'res://assets/overworld/tile_sand_generic.png' at thread -1
Bake microseconds: 1953805; cached frames: 148; shared animation textures: 37
10000 base + transition lookups microseconds: 259628
10000 clock updates microseconds: 53126
Overworld texture animation tests passed.
